ID,Prediction
335599,0
234182,0
335286,0
172447,0
345387,0
290994,0
231786,0
3168,0
63851,0
178134,0
124602,0
360537,0
138879,0
305348,0
288992,0
338425,0
49319,0
33416,0
25719,0
325258,0
2120,0
293441,0
155361,1
259300,0
284475,0
139319,0
292175,0
111598,0
267071,0
323103,0
365756,0
381309,0
256232,0
215884,0
223937,0
170386,0
85827,0
349707,0
275274,0
242494,0
109757,0
249565,0
393331,0
285103,0
303794,0
117740,0
48661,0
57629,0
50265,0
74799,0
276939,0
41105,0
108431,0
14345,0
53841,0
74724,0
347314,0
201563,0
309916,0
20019,0
172356,0
123321,0
308039,0
89656,0
363598,0
10851,0
255670,0
127280,0
250879,0
383214,0
189697,0
215305,0
263205,0
274606,0
356283,0
281913,0
100896,0
9641,0
326935,0
194788,0
142342,0
168024,0
326950,0
256570,1
63292,0
215724,0
207555,0
355480,0
34414,0
266159,0
263329,0
248755,0
38562,0
47841,0
95524,0
312802,1
256134,1
128054,0
108992,0
35576,0
75050,0
82786,0
119218,0
124707,0
134682,0
48077,0
132974,0
73193,0
333977,0
30722,0
382242,0
341832,0
194801,0
394604,0
104787,0
297844,0
65383,0
193728,0
395081,0
96616,0
151961,0
289158,0
175892,0
77467,0
380175,0
100430,1
18903,0
219407,0
246538,0
229330,0
2787,0
175349,0
280363,0
327349,0
273246,0
3780,0
363869,0
301129,0
328297,0
80528,0
189293,0
232662,0
346724,0
289623,1
140278,0
149647,0
384337,0
236505,0
31094,0
163924,0
250894,0
247699,0
72239,0
78152,0
327809,0
243313,0
129892,0
393047,0
295341,0
298021,0
368826,0
86682,0
797,0
16617,0
20832,0
159362,0
44573,0
181742,0
315402,0
240123,0
339830,0
61583,0
129085,0
24683,0
18997,0
343393,0
52871,0
205455,0
337145,0
325799,0
68162,0
257243,0
353250,0
243615,0
383182,0
57871,0
163319,0
160306,0
50795,0
303524,0
18927,0
368889,0
10795,0
157619,0
252913,0
70826,0
77678,0
81431,0
394652,0
278666,0
239859,0
311102,0
82375,0
130453,0
316520,0
61835,0
386485,0
318194,0
143836,0
374570,1
386144,0
32429,0
388758,0
331539,0
250899,0
172921,0
368863,0
132374,0
133406,0
332040,0
29186,0
293050,0
333138,0
36595,0
346889,0
54541,0
30666,0
105204,0
344889,0
19432,0
97676,0
199552,0
319276,0
67317,0
275704,0
380414,0
203428,0
4102,0
206417,0
157590,0
259501,0
331119,0
141003,0
39824,0
110692,0
166692,0
338070,0
47058,0
37534,0
214900,0
24160,0
138637,0
193861,0
26417,0
7945,0
393019,0
267463,0
375827,0
43235,0
346050,0
91879,0
164286,0
263377,0
161475,0
201314,0
145442,0
200221,0
108501,0
303287,0
99973,0
50123,0
3783,0
321766,0
252111,0
126589,0
235985,0
39787,0
285088,0
142382,0
137256,0
376256,0
221366,0
149415,1
20789,0
274395,0
349398,0
87456,0
362127,0
117590,0
177799,0
196752,0
77895,0
249668,0
199844,0
331549,0
81033,0
141178,0
104224,0
269278,0
84384,0
265609,0
42832,0
70428,0
379704,0
85823,0
288041,0
80264,0
382424,0
278578,1
164713,0
57731,0
246249,0
293633,0
57397,0
341090,0
343282,0
337094,0
68091,0
109598,0
374742,0
183308,0
23911,0
157539,0
169560,0
390008,0
70484,0
199878,0
268786,0
91481,0
189726,0
80176,0
338514,0
242793,0
188718,0
223076,0
246033,0
87535,0
379289,0
105630,0
205613,0
160031,0
46873,0
250164,0
343169,0
338740,0
271808,0
126215,0
173041,1
155298,0
361445,0
248848,0
277352,0
9737,1
3092,0
34726,0
329788,0
353724,0
147094,0
290565,0
314516,0
217088,0
279581,0
157135,0
383599,0
319939,0
296048,0
58807,1
95385,0
298841,1
304067,0
249296,0
241661,0
166215,0
14485,0
333400,0
10116,0
148956,0
104741,0
168234,0
199014,0
224574,0
162134,0
204170,0
231648,0
150987,0
239844,0
37240,0
103196,0
184777,0
56645,0
249485,0
21729,0
59799,0
90231,0
50550,0
101258,0
100359,0
275706,0
314996,0
333643,0
198175,0
324575,0
146535,0
10221,0
329784,0
58782,0
193219,0
61269,0
48035,0
254068,0
174000,0
71572,0
368000,0
128537,0
125167,0
25313,0
231689,0
244793,0
194590,0
95417,0
209595,0
125423,0
123455,0
183641,0
290048,0
113458,0
333388,0
221149,0
391484,0
321459,0
152713,0
47118,0
62745,0
235837,0
121250,0
350968,0
139489,0
385212,0
267142,0
194024,0
348033,0
185108,1
29160,0
335651,0
107140,0
49154,0
326651,0
76883,0
344295,0
340691,0
95653,0
67130,0
134422,1
93407,0
246647,0
311736,0
56205,0
265749,0
37252,0
388030,0
281769,0
25099,0
212682,0
7615,0
298907,0
314719,0
325522,0
346369,0
383545,0
225232,0
42794,0
181841,0
379007,0
385245,0
142847,0
333369,0
314032,0
120040,0
106276,0
243452,0
224129,0
210483,0
369699,0
253442,0
323351,0
173605,0
190386,0
161749,0
263067,0
176094,0
146280,0
111984,1
76479,0
265773,0
57509,0
167043,0
152195,0
208043,0
70194,0
315370,0
349091,0
120266,0
375233,0
246078,0
222,0
78671,0
137521,0
172342,0
343794,0
155628,0
372108,0
196605,0
46639,0
228011,0
25931,1
354205,0
328922,0
303393,0
334469,0
27618,0
9278,0
216345,0
269986,0
337465,0
182222,0
96233,0
176909,1
49184,0
4808,0
32218,0
298331,0
354077,0
372289,0
368970,0
194251,0
228651,0
186855,0
72834,0
28837,0
127882,0
313060,0
26636,0
260576,0
180797,0
245704,0
110187,0
72100,0
368464,0
160400,0
294254,1
241293,1
278767,0
284430,1
115222,0
60946,0
214973,0
86737,0
191083,0
240452,0
370318,0
197727,0
258297,0
350453,0
174803,0
170182,0
117576,0
115455,0
134069,0
279652,0
118624,0
177119,0
226433,0
127945,0
287325,0
65628,0
322701,0
310007,0
228626,0
20949,0
274083,0
364872,0
224637,0
119643,0
49566,0
367098,0
134299,0
278875,0
213064,0
319774,0
294148,0
152372,0
152818,0
174486,0
82899,0
32984,0
140495,0
84583,1
298553,0
364562,0
291050,1
146644,0
166897,0
61280,0
66956,0
160372,1
185420,0
198700,0
172440,0
26628,0
175338,0
217314,0
95877,0
362936,0
282502,0
325735,0
305238,0
62608,0
234900,0
174375,0
154782,0
337079,0
233557,0
251284,0
31397,0
298694,0
393483,0
296060,0
279175,0
297900,0
90267,0
263517,0
317218,0
378364,0
379916,0
379044,0
39892,0
281464,0
64833,0
118021,0
182110,0
270454,1
287023,0
180854,0
370987,0
89273,0
163029,1
344470,0
203842,0
214497,0
374514,0
239164,0
194144,0
202955,0
48817,0
255961,0
66467,0
278867,0
322235,0
159205,0
111791,0
207868,0
191936,0
118102,0
223172,0
91381,0
276547,0
146709,0
281395,0
24784,0
316476,0
82404,0
145219,0
301847,0
124423,0
94422,1
68100,0
352069,0
371207,0
65961,0
131746,0
276064,0
173915,0
16569,0
276851,0
325349,0
336849,0
248100,0
374389,0
303911,0
223792,0
31887,0
59765,0
307430,0
348531,0
213267,0
275245,1
307522,0
187683,0
7147,0
162083,0
340453,0
198377,0
281198,0
141966,0
201621,0
80126,0
45643,0
335565,0
166235,0
186706,0
269717,0
90593,0
317441,0
264296,0
317343,0
89472,0
318919,0
216996,0
209960,0
3914,0
202470,0
188414,0
8378,0
365507,0
3293,0
71834,0
281117,1
90531,0
315749,0
324689,0
295178,0
72001,0
86904,0
392750,0
241791,0
44432,0
272368,0
336329,0
335250,0
200600,0
150772,0
45655,0
323243,0
200357,0
368501,1
316556,0
31422,0
44622,0
321638,0
63428,0
371354,0
288713,0
358604,0
341391,0
277089,0
148929,0
292309,0
44184,0
357094,0
117903,0
227460,0
132593,0
36591,0
9520,0
179017,0
189186,0
336004,0
161955,0
187312,0
116287,0
82717,0
143285,0
236497,1
83291,0
144886,0
363471,0
328287,0
245991,0
116834,0
156675,0
158421,0
253281,0
53071,0
348052,0
258083,0
337296,0
202761,0
82648,0
350892,0
358919,0
206327,0
124230,0
79094,0
348821,0
30820,0
57306,0
304854,0
61603,0
93030,0
286781,0
307799,0
383489,0
155337,0
329404,0
220070,0
55235,0
54689,0
52625,0
394356,0
72005,0
165926,0
199058,0
37664,0
270542,0
162804,0
237323,0
102949,0
43081,0
173169,0
92464,0
358174,0
368192,0
228714,1
297506,0
183549,0
254680,0
229160,0
378280,0
274926,0
164280,0
244145,0
253819,0
329937,0
30186,0
304865,0
332458,0
137969,0
199224,0
87150,0
147783,0
48662,0
357410,0
135267,0
323974,0
156248,0
197636,0
13464,0
394603,0
392972,0
65846,0
333934,0
298198,1
306540,0
184965,1
80410,0
145861,0
322696,0
92244,0
279286,0
342804,0
223262,0
341062,0
126761,0
338136,0
74860,0
269154,0
211729,1
246147,0
100661,0
180021,0
150574,0
327703,0
7205,0
43782,0
306537,0
301806,0
307299,0
190872,0
190686,0
16104,0
23318,0
337118,0
124767,0
173146,0
288299,0
245028,0
154385,0
250253,0
28850,0
213320,0
219243,0
184556,0
150267,0
218752,0
285274,0
289131,0
66282,0
129201,0
76629,0
319002,0
82508,0
33611,0
95234,0
341783,0
179984,0
169687,0
115229,0
341530,0
366019,0
2844,0
222072,0
320306,0
255035,0
232935,0
301962,0
236067,0
243820,0
337071,0
139972,0
195584,0
380639,0
359088,0
197741,0
92947,0
188429,0
10077,0
47690,0
86789,0
281001,0
356264,0
70325,0
251805,0
258858,0
164700,0
271569,0
61952,0
319973,0
301663,0
305994,0
194533,0
266467,0
312753,0
189586,0
165212,0
369987,0
27969,0
49609,0
387255,0
137010,1
30582,0
138857,0
181083,0
40350,0
98916,0
129640,0
363564,0
206475,0
82477,0
132617,0
47049,0
178620,0
306225,0
385821,0
349712,0
152524,0
107528,0
222986,0
119394,0
177396,0
199114,0
168057,0
306493,0
117602,0
175702,0
191662,0
9509,0
130362,0
372991,0
146489,0
66989,0
175406,0
60365,0
247970,0
160120,0
314226,0
205817,0
51199,0
231932,0
234953,0
173294,0
244965,0
130150,0
274711,0
89588,0
361190,0
136362,0
6984,0
56530,0
392515,0
24937,0
125190,0
108998,0
78005,0
172885,0
18344,0
345907,0
43673,1
77122,0
156400,0
114872,0
199172,0
52259,0
354301,0
386644,0
79953,0
72618,0
59454,0
83930,0
205284,0
303587,0
119088,0
54667,0
267239,0
395560,0
11284,0
318970,0
17529,0
294548,0
191593,0
20014,1
107659,0
170661,0
342315,0
355802,0
93927,0
346839,0
89750,0
22871,0
200190,1
173798,0
12246,0
89370,0
103639,0
394876,0
242861,0
175103,0
293753,0
358855,0
59597,0
120744,0
354813,0
192588,0
14882,0
285287,0
156500,0
362169,0
147531,0
346742,0
56136,0
202338,0
250338,0
165193,0
36781,0
314593,0
187944,0
39120,0
345597,0
353908,0
283850,0
205768,1
352592,0
248811,0
270389,0
91061,0
129996,0
39533,0
295174,0
71240,0
26193,0
282282,0
242778,0
177047,0
159131,0
205549,0
164507,0
156138,0
125631,0
328993,0
178586,0
186677,0
289103,1
208002,0
358076,0
310141,0
139133,0
297175,0
85097,0
38313,0
169412,0
80878,0
78736,0
42840,0
135580,0
25276,0
132642,0
159155,0
386864,0
267877,0
209274,0
102250,0
258054,1
59701,0
321683,1
39775,0
298180,0
382496,0
215945,0
39760,0
210521,0
11726,0
218352,0
193948,0
101781,0
157298,0
353433,0
117875,0
320591,0
299166,0
66681,0
120529,0
94798,0
98590,0
286907,0
109980,0
252317,0
179251,0
77191,0
10857,0
48145,0
282144,0
368396,0
136765,0
273281,0
335711,0
140035,0
88411,0
206518,0
386128,0
49149,1
16794,0
161267,0
148460,0
99466,0
30380,0
141092,0
356645,0
166790,0
26837,0
98535,0
51655,0
338199,0
194794,0
210354,0
102636,0
153398,1
98030,0
277450,0
193792,0
300415,0
88189,0
208549,0
262648,0
11961,0
359959,0
110905,0
258241,0
3343,0
111336,0
48677,0
232185,0
95302,0
26066,0
92622,1
192802,0
67688,0
69947,0
55420,0
281757,0
297683,0
322010,0
395069,0
97648,0
188016,0
338657,0
252352,0
351905,0
43333,0
223505,0
220696,0
162882,0
217109,0
353422,0
365861,0
333065,0
120373,0
57438,0
137141,0
65759,0
63185,0
306903,0
224077,0
327314,0
361032,0
70048,0
305031,0
31394,0
270243,0
239270,0
131564,0
169276,0
355671,0
250385,0
41879,0
2050,0
110501,0
252618,0
218832,0
385021,0
251064,0
230783,0
347574,1
299272,0
90048,0
184240,0
255533,0
19213,0
43475,1
79147,0
93925,0
159909,0
27805,0
142865,0
235833,0
255673,0
393601,0
343348,0
155724,0
306405,0
340607,0
170979,0
328028,0
275945,0
370794,0
240581,0
36476,0
79047,0
35806,0
258664,0
376887,0
344377,0
304387,0
112595,0
225062,0
2400,0
169331,0
359834,0
257539,0
283075,0
77672,0
321334,0
259766,0
281810,0
147578,0
357593,0
292924,0
28278,0
313799,0
8910,0
256912,0
187875,0
289999,0
46727,0
82442,0
316214,0
340109,0
157471,0
265101,0
84143,0
108612,0
40869,0
112655,0
289065,0
365801,0
368930,1
135644,0
298250,0
56751,0
123679,0
12654,0
322578,0
356129,0
58387,0
326150,0
242586,0
12799,0
72757,0
169590,0
32369,0
68095,0
59992,0
94016,0
215271,0
157981,0
214852,0
62092,0
123282,0
222467,0
114600,0
310723,0
123748,0
295694,0
52085,0
254647,1
358494,0
135439,0
161431,0
187289,0
353076,0
319782,0
36791,0
45264,0
160030,0
100677,0
154378,0
336793,0
370845,0
122595,0
24793,0
106350,0
277610,0
7503,0
299067,0
254880,0
67404,0
6848,0
63327,0
317282,0
271965,0
100944,0
363962,0
51707,0
190181,0
141847,0
583,0
161943,0
320439,0
70847,0
310645,0
84296,0
362720,0
85634,0
280058,0
343052,0
173583,0
123255,0
200520,0
20000,0
152342,0
214767,0
322551,0
241902,0
42429,0
339095,0
167645,0
13018,0
209204,0
91627,0
387946,0
1725,1
228635,0
113241,0
273322,0
265117,0
20295,0
4673,0
145825,0
96985,0
6125,0
96843,0
148844,0
371702,0
326982,0
235420,1
238883,0
185694,0
220192,0
239790,0
246143,0
240081,0
201874,0
220366,0
57500,0
100184,0
116728,0
263361,0
366077,0
131538,0
165868,0
28704,0
22142,0
68565,0
71920,0
24181,0
53577,0
67723,0
68489,0
328127,0
351155,0
117039,0
239517,0
130500,0
123187,0
288341,0
57649,0
185627,0
247764,0
344562,0
9037,0
3758,0
363242,0
325978,0
869,0
264593,0
272119,0
7449,0
3919,0
74858,0
384185,0
182859,0
51355,0
104540,0
250413,0
64783,0
326551,0
2018,0
312400,0
345355,0
66702,0
150055,0
330335,0
75997,0
70315,0
225832,0
292073,0
386527,0
14635,0
361649,0
318234,0
235960,0
255040,0
350495,0
81358,0
177283,0
266278,0
210816,0
324492,0
120022,0
174874,0
133460,0
38008,0
339671,0
263281,0
139796,0
25213,0
77084,1
49694,0
47364,0
107720,0
312819,0
130577,0
113353,0
317241,0
32919,0
152221,0
178792,0
196370,0
216554,0
276137,0
303128,0
267979,0
263591,0
371879,0
195055,0
281096,1
205835,0
136936,0
354916,0
243506,0
28460,0
72365,0
351138,0
289767,0
63773,0
5992,0
96683,0
311424,0
174459,0
224040,0
237164,0
205050,0
172667,0
343938,0
155761,0
246733,0
165149,0
243206,0
30804,0
356013,0
220403,0
326355,0
277546,0
363645,0
260483,0
363135,0
145426,0
393201,0
11300,0
200891,0
113841,0
133414,0
169255,0
130363,0
116252,0
387661,0
129624,0
332801,0
155762,0
372503,0
77993,0
208154,0
311685,0
131723,0
271770,0
333929,0
39579,0
216419,0
175285,0
273772,0
341906,0
315405,0
146609,0
303394,1
369394,0
210270,0
37553,0
180345,0
171902,0
207604,0
148687,0
135127,0
56363,0
358430,0
165730,0
42622,0
91581,0
184706,0
233758,0
266193,0
165662,0
186011,0
135205,1
91622,0
385765,0
15927,0
320668,0
204402,0
185719,0
107192,0
285044,0
143527,0
240157,0
217943,0
146949,0
389189,0
218158,0
144678,0
26039,0
22904,0
58282,0
334664,0
98393,0
117509,0
360075,0
21066,0
87285,0
142594,0
125693,0
186488,0
161667,0
353311,0
189199,0
62442,0
336840,0
286592,0
34143,0
297728,0
238856,0
275328,0
34956,0
199007,0
164069,0
212191,0
161398,0
390685,0
282690,0
341114,0
216348,0
184164,0
295394,0
34853,0
4489,0
68367,0
373081,0
112406,0
308524,0
340839,0
43630,0
166770,0
251171,0
46211,0
107221,0
344072,0
303934,0
209146,0
112256,0
138525,0
27100,0
182972,0
243233,0
214203,0
390805,0
230473,0
279902,0
164278,1
329435,0
281106,0
343174,0
391132,0
298721,0
44579,0
56341,0
65331,0
343565,0
296463,0
154984,0
369235,0
175455,0
292612,0
267579,0
227925,0
173303,0
95004,0
205620,0
315184,0
36776,0
189654,0
312437,0
159141,0
86551,0
247206,0
231822,0
102078,0
210232,0
84232,0
210097,0
28317,1
148232,0
10431,0
267549,0
335487,0
393772,0
163948,0
18615,0
227888,0
111139,0
343709,0
322286,0
215481,0
223697,0
268162,1
107511,0
151875,0
201672,0
239804,0
338241,0
193953,0
52652,0
220776,0
203705,0
246052,0
87845,0
54914,0
184281,0
21171,0
39366,0
363680,0
233712,0
127103,0
144760,0
381946,0
385234,0
7940,0
373315,0
325038,0
284593,0
128168,0
172586,0
323568,0
100876,0
361021,0
52411,0
124391,0
242000,0
17767,0
343299,0
263489,0
10454,0
50989,0
160014,0
360132,0
204696,0
374084,0
142766,0
198303,0
107724,0
346893,0
95342,0
143080,0
343228,0
160532,0
34722,0
128815,0
24974,0
83763,0
47992,0
222635,0
252707,0
63056,0
314220,0
32732,0
241434,0
311880,0
252437,0
329203,0
278894,0
54112,0
299230,0
371364,0
353846,0
88237,0
88467,0
135243,0
75962,0
43647,0
170458,0
281550,0
153916,0
184751,0
323448,0
207854,0
96389,0
362656,0
58032,0
66398,0
109560,0
188455,0
91735,0
308877,0
314500,0
45572,0
220264,0
67880,0
19186,0
76448,0
161408,0
171670,0
59747,0
358401,0
319778,0
223511,0
42303,0
197147,0
32931,0
125968,0
52911,0
217534,0
126225,0
75313,0
186366,0
107218,0
27201,0
99540,0
372149,0
170194,0
243647,0
132102,0
173424,1
43706,0
299448,0
17383,0
224757,0
314518,0
254537,0
134357,0
39429,0
10612,0
304738,0
174020,0
112978,0
214162,0
51635,0
252729,0
6967,0
371441,0
166892,0
200202,0
1513,0
113533,0
388749,0
85717,0
143626,0
339058,0
31909,0
104756,0
354051,0
337751,0
113742,0
290539,1
57534,0
166919,0
70398,0
260932,0
80406,0
264443,0
262902,0
27748,0
161435,0
83854,0
125401,0
234071,0
355360,0
73916,0
269539,0
99228,0
361648,0
25562,0
87934,0
231036,0
244011,0
125073,0
191488,0
115449,0
197443,0
325923,0
154571,0
255253,0
323526,0
286248,0
351414,0
291900,0
82929,0
113256,0
65860,0
123377,0
267643,0
185858,0
58215,0
322248,0
378564,0
297023,0
378873,0
54691,0
68690,0
357417,0
16647,0
28447,0
224169,0
322803,0
305365,0
284741,0
239800,0
313676,0
161862,0
4457,0
33074,0
164216,0
84607,0
393022,0
186516,0
365667,0
221205,0
221707,0
73830,0
261826,0
325829,0
312453,0
105604,0
366730,0
277236,0
41363,0
133141,0
144937,0
76676,0
296193,0
265863,1
135675,0
309102,0
375928,0
218275,0
117517,0
177293,0
209051,0
368412,0
344557,0
33377,0
25230,0
302588,0
367382,0
386234,0
3995,0
284439,0
311705,0
115583,0
278197,0
140817,0
350734,0
100308,1
156012,0
218670,0
45370,0
90352,0
109563,0
111628,0
325805,0
240706,0
153543,0
322083,0
76096,0
210629,1
254594,0
110901,0
244882,0
294912,0
251503,0
294632,0
306065,0
387648,0
253706,0
321685,0
392332,0
235929,0
259507,0
357038,0
160837,0
389593,0
107723,0
85358,0
331959,0
88384,0
6239,0
377333,0
319654,0
209800,0
10167,0
320301,0
27606,0
360935,0
371455,0
48244,0
52142,0
349405,0
303195,0
43370,0
15314,0
219541,0
81718,0
172726,0
361861,0
81786,0
294617,0
5378,0
291413,0
94779,0
178155,0
128854,0
361511,0
119683,0
237252,0
170660,0
168414,0
36402,0
54065,0
51650,0
21068,0
19123,0
373987,0
71008,0
240218,0
7082,0
95677,0
95728,0
233932,0
306653,0
321577,0
345858,0
280825,0
145279,0
203052,0
15023,0
38380,0
370408,0
112069,0
355199,0
173734,0
389393,1
149675,0
186644,0
122699,0
155286,0
335867,0
125067,0
21596,0
56236,0
260264,0
309770,0
58264,0
191012,0
28007,0
126977,0
167631,0
192272,0
6199,0
249951,0
15193,0
104026,1
85757,0
349274,0
225990,0
118236,0
70860,0
245621,0
291674,0
272070,0
58668,0
307900,0
19360,0
119495,0
13266,0
382055,0
267437,0
9277,0
270412,0
14716,1
183050,0
383311,0
379637,0
239644,0
174478,0
144029,0
183552,1
128456,0
382791,0
123785,0
154639,0
390207,0
236174,0
332400,1
368615,0
193544,0
72116,0
336879,0
182407,0
303285,0
133442,0
224700,0
15145,0
140139,0
374431,0
11297,0
260890,0
180227,0
151651,0
226170,0
272663,0
385427,0
302484,0
168671,0
274195,0
223318,0
242885,0
317810,0
29890,0
164159,0
309357,0
253345,0
339375,0
220190,0
235772,0
46709,0
386341,0
341476,0
281152,0
22841,0
256486,0
21963,0
15840,0
187479,0
127609,0
132055,0
182091,0
167420,0
102646,0
115887,0
118186,0
266878,0
88112,0
239706,0
231345,0
384316,0
182967,0
341826,0
162661,0
180539,0
241265,0
301517,0
255321,1
33372,0
78501,0
31949,0
179746,0
156357,0
153341,0
281892,0
177209,0
254509,0
129702,0
275938,0
151673,0
5355,0
196427,0
81125,0
208532,0
85507,0
302682,0
392732,0
268347,0
286331,0
237882,0
253951,0
40012,0
219664,0
353463,0
183175,0
142229,0
340559,0
253073,0
361669,0
77489,0
315376,0
394122,0
119880,0
41118,0
83356,0
327062,0
170763,0
341219,0
62911,0
275823,0
6529,0
253001,0
276882,0
157293,0
94705,0
34943,0
156476,0
74092,0
353174,0
194755,0
386886,0
104382,0
10507,0
277830,0
274614,0
361848,0
149829,0
350327,1
301148,0
243938,0
33967,0
119287,0
126702,0
367516,0
371463,0
282800,0
209638,0
134758,0
119252,0
36873,0
313853,0
107344,0
118713,0
164708,0
141795,0
343978,0
112078,1
190948,0
215155,0
171506,0
310803,0
51567,0
71772,0
1564,0
202220,0
150964,1
357553,0
352026,0
295787,0
104115,0
72016,0
165283,0
306253,0
45106,0
60349,0
240008,0
293428,0
240650,0
2373,0
144000,0
379738,0
246908,0
350087,0
377155,0
152422,0
74049,0
272751,0
280792,0
239628,0
31082,0
151356,0
268332,0
379856,0
212942,0
104744,0
187742,0
10442,0
220303,0
90785,0
160214,0
120815,0
77835,0
160141,0
192003,0
1164,0
245806,0
327178,0
233647,1
83136,0
372674,0
338135,0
296862,0
213626,0
102007,0
307881,0
152127,0
323758,0
132580,0
327147,0
85637,0
289839,0
110100,0
387319,0
315070,0
8407,0
116344,0
47580,0
228642,0
27673,0
8698,0
116994,0
267286,0
20160,0
376111,0
269564,0
23194,0
360594,0
155661,0
323131,0
17939,0
109666,0
245632,1
111263,0
152666,0
49670,0
5932,0
54627,0
175740,0
290978,0
47881,0
331231,0
6384,0
232989,0
174466,0
95332,0
193457,0
110745,0
97274,0
35825,0
257433,0
271566,0
185135,0
148908,0
211632,0
97568,0
296752,0
175619,0
185140,0
61211,0
24109,0
123747,0
32428,0
295815,0
225747,0
156860,0
117178,0
203668,0
98622,0
62324,1
302722,0
88780,0
73354,0
22858,0
266220,0
127857,0
390245,0
220852,0
137440,0
310169,0
306631,0
227199,0
23304,0
283333,0
288707,0
81886,0
86708,0
53873,0
22942,0
91389,0
39666,0
183570,0
150898,0
135619,0
104951,0
9370,0
389242,0
263998,0
74602,0
199886,0
245571,0
11550,0
51140,0
313376,0
348110,0
223862,0
360815,0
216791,0
278840,0
86477,0
253122,0
42223,0
29340,0
64393,0
329211,0
150650,0
350309,0
271981,0
68843,0
290176,0
75839,0
222904,0
295457,0
363977,0
29625,0
375154,0
192670,0
40522,0
196598,0
316276,0
133455,0
315812,0
333180,0
279155,0
329105,0
230845,0
186183,0
37477,0
208736,0
210517,0
195807,0
192422,0
257518,0
330316,0
50250,0
248101,0
167708,0
127916,0
249971,0
233276,0
165855,0
365439,0
40758,0
279207,0
222866,0
335840,0
28902,0
390872,0
249279,0
77430,0
163238,0
232857,0
394448,0
336372,0
377940,0
53743,0
84218,0
57533,0
195980,0
46419,0
22893,0
381350,0
106005,0
259405,0
292910,0
323719,1
66087,0
255995,0
273453,0
233925,0
198642,0
349336,0
155278,0
20415,0
324114,0
325768,0
30930,0
278648,0
36806,0
79553,0
221730,0
381071,0
249295,0
212379,0
335214,0
276046,0
56097,0
8811,0
344023,0
272,0
35725,0
359383,0
239702,0
16787,0
87215,0
202763,0
90717,0
22031,0
12693,0
258483,0
122638,0
375439,0
148778,0
262787,0
246459,0
377281,0
275758,0
341728,0
34300,0
2839,0
189259,0
23870,0
348975,0
301083,0
170961,0
110208,0
331843,0
133740,0
162787,0
57807,0
338174,0
45971,0
355382,0
389180,0
11512,0
197946,0
383627,0
147629,0
20259,0
185678,0
391835,0
136745,0
111217,0
376778,0
301850,0
5337,0
167196,0
298348,0
258988,0
114348,0
250479,0
23614,0
360617,0
180985,0
18517,0
127388,0
242727,0
364315,0
156416,1
124670,0
323331,0
64300,0
358229,0
131409,0
286164,0
29846,0
374893,0
341562,0
200793,0
80405,0
272939,0
281500,0
123044,0
297022,0
386060,0
341707,0
175689,0
376043,0
332942,0
129080,0
45763,0
161006,0
154428,0
35311,0
262815,0
303644,0
149419,0
304468,0
393382,0
280851,0
376866,0
332848,0
151141,0
284511,0
140199,0
175627,0
12082,0
200806,0
60913,0
15833,0
183441,0
281891,0
120034,0
310518,0
163323,0
262096,0
203502,0
50244,0
167761,0
141899,0
137628,0
384163,0
9024,0
279588,0
217339,0
126621,0
362477,0
172386,0
162930,0
345421,0
1904,0
365993,0
360918,0
270026,0
72462,0
282252,0
36988,0
118448,0
240786,0
199506,0
327211,0
278553,0
384327,0
276543,0
88254,0
376579,0
222249,0
200593,0
9835,1
236518,0
187327,0
149564,0
52285,0
395746,0
269519,0
215238,0
152583,0
252415,0
161451,0
53571,0
212929,0
355571,0
137316,0
173714,0
165243,0
330300,0
31525,0
40305,0
214524,0
234431,0
7783,0
205222,0
260297,0
193015,0
324921,0
21383,0
266395,0
324741,0
77106,0
235381,0
153980,0
380014,0
119051,0
145460,0
97699,0
80991,0
167931,0
287921,0
277888,0
363763,0
289704,0
164174,0
353328,0
322678,0
72226,0
300211,0
91918,0
325817,0
365415,0
127627,0
338266,0
366131,0
256999,0
367263,0
360653,0
319835,0
291320,0
63279,0
91086,0
253727,0
313400,0
324683,0
146333,0
24373,0
97918,0
379109,0
4740,0
221877,0
180184,0
58351,0
284692,0
261675,0
214038,0
193423,0
204328,0
384933,0
268776,0
244206,0
379842,0
129231,0
273533,0
205376,1
154106,0
182043,0
276659,0
339305,0
132461,0
111283,0
145378,0
316562,0
328881,1
294833,0
14653,0
141306,0
259476,0
141317,0
194307,0
137797,1
295875,0
23843,0
32521,0
221386,0
345657,1
381229,0
125939,0
119997,0
200090,0
34752,0
300456,0
282548,0
344968,0
238301,0
134558,0
268249,0
157452,0
127182,0
287853,0
327019,0
233210,0
153214,0
118802,0
377129,0
345047,0
327022,0
220223,0
368888,0
164793,0
203344,0
341497,0
83639,0
313753,0
3734,0
240549,0
228086,0
221636,0
217342,0
17122,0
325742,0
97916,0
106317,0
60072,0
18657,0
45511,0
52375,0
252389,0
26163,0
369910,0
38193,0
296907,0
121995,0
215019,0
275776,0
26374,0
53189,0
176422,0
372499,0
356994,0
13756,0
304673,0
216173,1
376911,0
93561,0
351145,0
229349,0
70789,0
312787,0
71726,0
105004,0
231329,0
319319,0
76088,0
374161,0
297428,0
176969,0
67623,0
248413,0
117038,0
78363,0
300951,0
335709,0
200120,0
341133,0
173311,0
93174,0
284395,0
274166,0
223092,0
188280,0
114011,0
372749,0
174781,0
340041,0
104876,0
250652,0
162524,0
379955,0
85921,0
119459,0
328528,0
389747,0
301,0
97756,0
296853,0
46890,0
58763,0
165614,0
11401,0
343318,0
84400,0
42494,0
323034,0
391500,1
125922,0
239114,0
222263,0
214901,0
45332,0
62380,0
139373,0
369446,0
310321,0
248905,0
218593,0
98293,0
302149,0
272136,0
332958,0
67021,0
145580,0
210162,0
38456,0
351182,0
187358,0
30002,0
317162,0
46961,0
59077,0
9445,0
191795,1
173835,0
257017,0
106492,0
97981,0
351483,0
289594,0
304596,0
44472,0
244604,0
218560,0
120174,0
378279,0
94257,0
110063,0
365343,0
114103,0
348871,0
145065,0
2854,0
387869,0
391218,0
302717,0
120195,0
124769,0
74937,0
63201,0
302107,0
32135,0
207937,0
346196,0
103624,0
202077,0
116358,0
133153,0
288018,0
135162,0
121261,0
204988,0
108640,0
209880,0
209821,0
204151,1
276911,0
363604,0
17801,0
293616,0
106863,0
251492,0
138729,0
270387,0
207279,0
372937,0
150841,0
23815,0
361757,0
127531,0
187727,1
371029,0
284442,0
361459,0
194305,0
102503,0
258428,0
323464,0
202410,0
299381,0
184835,0
313769,0
42745,0
247307,0
85671,0
19027,0
25492,0
306259,0
342489,0
296331,0
297511,0
55979,0
197655,0
283467,0
42345,0
210739,0
121926,0
296530,0
117835,0
286058,0
252765,0
284495,0
358885,0
104186,0
98066,0
21677,0
393540,0
288577,0
207353,0
19309,1
178913,0
250057,0
89419,1
12739,0
168485,0
59390,0
43289,0
103046,0
186670,0
390626,0
190419,0
3956,0
73265,0
207205,0
280745,0
190452,0
180681,0
162118,0
151782,0
91571,0
131406,0
65736,0
13622,0
261194,0
62900,0
189754,0
267556,0
26364,0
132597,0
92608,0
257973,0
52718,0
295477,0
287699,0
189136,0
96494,0
124477,0
188038,0
132591,0
80369,0
20321,0
231770,0
334016,0
172392,0
236996,0
345514,0
21491,0
106184,1
334882,0
207807,0
200231,0
228892,0
244099,0
68276,0
99506,0
224444,0
93995,0
358856,0
43901,0
72512,0
18024,0
70353,0
118387,0
384087,0
67847,0
352828,0
108684,0
395484,0
293591,0
200340,0
241084,0
368705,0
353007,0
31842,0
161598,0
123920,0
378320,0
86624,0
290171,0
265127,0
265460,0
198591,0
54396,0
71323,0
244368,0
147685,0
309588,0
177923,0
273323,0
310811,0
157469,0
115737,0
266977,0
126208,0
83426,0
392946,1
285352,1
268958,0
47266,1
128552,0
103626,0
375364,0
338684,0
141701,0
271925,0
6718,0
71032,0
176438,0
197939,0
131711,0
225577,0
203724,0
174202,0
15018,0
293152,0
108228,0
155124,0
156478,0
366539,0
214502,0
130442,0
164962,0
66283,0
137899,0
75061,0
141370,0
24532,0
89808,0
287999,0
288311,0
157584,0
291503,0
327744,0
156045,0
21290,0
157600,0
59217,0
271665,0
34984,0
237836,0
336093,0
93680,0
231977,0
19947,0
202147,0
327031,0
276521,0
36175,1
229470,0
172188,0
234149,0
130022,0
164633,0
207927,0
245457,0
22788,0
178306,0
376075,0
208528,0
244371,0
310872,0
301378,0
26533,0
25439,0
209271,0
168674,1
166803,0
28751,0
126173,0
236823,0
117514,0
270883,0
347103,0
164724,0
189161,0
55422,0
281340,0
254905,0
344360,0
16712,0
167460,0
290251,0
69568,0
60847,0
371241,0
178376,0
51882,0
248258,0
300794,0
239798,0
358585,0
263735,0
113062,0
99279,0
18486,0
176005,0
89403,0
334585,0
339113,0
234049,0
138924,0
264531,0
236802,0
10376,0
350305,0
247953,0
110362,0
312370,1
136406,0
267191,0
19288,0
41358,0
186574,0
25017,0
344340,0
385220,0
243997,0
171500,0
56898,0
118942,0
23429,0
384103,0
380380,0
335171,0
200515,0
48691,0
234799,0
307700,1
226492,1
35247,0
20351,0
65971,0
376657,0
242360,0
250785,0
235850,0
200149,0
96300,0
19920,0
281825,0
18752,0
350117,0
148323,0
298579,0
357640,0
224281,0
66308,0
378818,0
98889,0
334395,0
241111,0
117011,0
231568,0
315922,0
23162,0
184021,0
246494,0
166768,0
145783,0
152209,0
253609,0
319650,1
35195,0
257048,0
294900,0
387144,0
388340,0
172062,0
50359,0
29549,0
356160,0
127331,1
81642,0
15507,0
188198,0
237786,0
146979,0
303516,0
94316,0
314724,0
58633,0
69554,0
161928,0
286145,0
169969,0
90350,0
32608,0
346170,0
320692,0
344218,0
365585,0
17213,0
140333,0
290723,0
131022,0
16747,0
10755,0
391399,0
79230,0
34178,0
303745,0
195783,0
142464,0
106704,0
379592,0
384424,0
376484,0
19561,0
356002,1
99191,1
332304,0
16216,0
138583,0
18390,0
79222,0
243756,0
294873,0
76027,0
374210,0
147605,0
91232,0
345779,0
329261,0
93592,0
344376,0
236779,1
289513,0
25957,0
228980,0
50923,0
119061,0
132794,0
24353,0
74284,0
96116,0
114285,0
337366,0
330286,0
376880,0
135467,0
386287,0
67244,0
238131,0
344598,1
115950,0
185479,0
80241,1
300119,0
33083,0
61104,0
389181,0
214579,0
335761,0
268656,0
188024,0
115960,0
238986,0
283118,0
202600,0
210295,0
126618,0
139459,0
140737,0
165014,0
276942,0
267954,0
258694,0
174697,0
100120,0
290496,0
72539,0
167334,0
161057,0
72836,0
133719,0
375500,0
298336,0
85668,1
71687,0
106973,0
120250,0
61032,1
351872,0
377209,0
240693,0
340932,0
77099,0
107258,0
32935,0
339264,0
10850,0
67644,0
328435,0
225485,0
106048,0
84990,0
306427,0
344142,0
198718,0
80159,0
11023,0
131447,0
297972,0
112017,0
230366,0
177782,0
225214,0
147649,0
219609,0
228353,0
294681,0
18412,0
246843,0
85129,0
121878,0
102752,0
335182,0
131077,0
237983,0
109279,0
254212,0
253198,0
341605,0
18955,0
186534,0
367575,0
228995,0
82123,0
220369,0
38697,0
63876,0
332891,0
111062,0
177990,0
172208,0
239789,0
78960,0
376846,0
143970,0
87458,0
53702,0
8514,0
355602,0
384985,0
92127,0
296309,0
122538,0
343822,0
147750,0
289320,0
312992,0
374288,0
225995,0
312751,0
89533,0
153835,0
131395,0
328321,0
264653,0
6519,0
35092,0
205965,0
184521,0
158869,0
19392,1
167407,0
129393,0
177997,0
390330,0
186987,0
214739,0
122221,0
157531,0
321343,0
64592,0
68263,1
139038,1
25137,0
109059,0
371359,0
54907,0
218626,0
144242,0
150181,0
50999,0
215346,0
248343,0
244454,0
344366,0
125058,0
235476,0
389597,0
105479,0
239253,0
311899,0
380405,0
237607,0
215655,0
28573,0
300545,0
225454,0
254103,1
20817,0
387716,0
44482,0
59138,0
199609,0
387459,0
135115,0
134569,0
297856,0
367561,0
59041,0
165131,0
327075,0
344335,0
7419,0
257168,0
73233,0
250488,0
85608,0
78634,0
305000,0
158507,0
342288,0
322360,0
73987,0
138328,0
57118,0
243444,0
223067,0
87984,0
99764,0
23654,1
68321,0
316018,0
160931,0
207062,0
187123,0
103459,0
45809,0
321033,0
232636,0
133148,0
271690,0
129235,0
55704,0
46859,0
127327,0
49427,0
145787,0
144320,0
179620,0
313472,0
144883,0
117383,0
6778,0
175411,0
210694,0
375476,0
76153,0
175955,0
104118,0
373188,0
147021,0
139343,0
231302,1
209159,0
337402,0
307534,0
16649,0
258789,0
362210,0
112823,0
142118,0
301840,0
49123,0
219776,0
313303,0
112162,1
2019,0
346543,0
194615,0
258691,0
147354,0
331060,0
294608,0
380093,0
22813,0
284263,0
225369,0
97735,0
38039,0
234926,0
386212,0
277660,0
200187,0
380294,0
233247,0
354332,0
197247,0
216970,0
237714,0
117367,0
121917,0
61910,0
135202,0
94046,0
311249,0
104748,0
61063,0
361286,0
319254,0
54177,0
265725,0
292529,0
118030,0
257791,0
192667,0
294208,0
114097,0
320449,0
350684,0
325485,0
87323,0
329843,0
136783,0
251967,0
254221,0
313922,0
356065,0
221391,0
215934,0
241386,0
291733,1
368838,0
207462,0
99111,0
313249,0
364761,0
352143,0
34084,0
142500,0
346682,0
82565,0
151056,0
233018,0
128612,0
164372,0
91400,0
139822,0
83789,0
316807,0
208674,0
376199,0
297296,0
69928,0
61354,0
230492,0
297635,0
148231,0
351789,0
342159,0
37695,0
275376,0
268087,0
377245,0
357214,0
368374,0
283996,0
165870,0
359762,0
168276,1
363897,0
128349,0
285060,0
34494,0
221185,0
320071,0
337477,0
113786,0
214988,0
57878,0
344108,0
248102,0
207603,0
179569,0
357482,0
170035,0
214867,0
314047,0
102384,0
217990,0
98858,0
83098,0
220804,0
179969,0
98806,0
215937,0
158486,0
330800,0
184837,0
50040,0
223330,0
245488,0
204149,0
304952,0
196731,0
240095,0
112851,0
120654,0
315681,0
189217,0
173882,0
122525,0
74419,0
255882,0
322086,0
1114,0
378087,0
123424,0
31316,0
40735,0
262990,0
6595,0
313820,0
363749,0
354006,0
199491,0
324460,0
259255,0
273552,0
376244,0
288843,0
170790,0
47381,0
382153,0
216474,0
278966,0
270699,0
319608,0
83876,0
212910,0
192352,0
281728,0
68709,0
335100,1
388056,0
296856,0
135951,0
21956,0
96314,0
59951,0
270644,0
302784,0
109393,0
322021,0
10206,0
183024,0
391100,0
184241,0
167800,0
385178,0
103677,0
395294,0
85469,0
210865,0
196380,0
208350,0
359764,0
131095,0
339749,0
190253,0
300663,0
341718,0
244416,0
393330,0
306849,0
48632,0
273247,0
148672,0
62439,0
383573,0
375762,0
292071,0
322581,0
103951,0
316580,0
372723,0
124189,0
57985,0
353162,0
307565,0
40987,0
212732,0
353066,0
245830,0
258942,0
212569,0
270500,0
243620,0
21411,0
372919,1
106223,0
234506,0
303019,0
218953,0
121211,0
151351,0
92014,0
116643,0
295033,0
67369,0
256070,0
267662,0
308626,0
231664,0
28127,0
48622,0
375296,0
377294,0
45582,0
131124,0
110762,0
335391,0
231934,0
12383,0
275594,0
22377,0
325434,0
3103,0
140708,0
295460,0
228083,0
209102,0
387732,0
167685,0
175669,0
124259,1
275383,0
386141,0
377482,0
309262,0
76955,0
322786,0
368584,0
72210,0
90067,0
82437,0
365212,1
372227,0
235399,0
272123,0
14603,0
328886,0
77723,0
316112,0
350334,0
54645,0
394701,0
62894,0
327500,0
339673,0
300028,0
125482,0
379441,0
179225,0
244236,0
216876,0
254041,0
380737,0
331423,0
355335,0
190904,0
295234,0
194773,0
315716,0
31868,0
247110,0
364494,0
98855,0
250141,0
121118,0
17544,0
54494,0
96622,0
94363,0
385874,0
186611,0
66862,0
251711,0
32806,0
209199,0
289989,0
29128,0
392413,0
319982,0
76545,0
159090,0
386807,0
88791,0
187499,0
321758,0
305916,0
374149,0
100930,0
30436,0
268201,0
102423,0
185872,0
11716,0
25744,0
395969,0
393355,0
127262,0
365746,0
270995,0
121288,0
250597,0
43751,0
188941,0
393059,0
181499,0
370716,0
294813,0
177727,0
387147,0
257831,0
351093,1
79029,0
40566,0
255712,0
294182,0
199777,0
190835,0
360137,0
28531,0
52443,0
374958,0
86960,0
304318,0
300499,0
370363,0
544,0
280088,0
28064,0
1821,0
243209,0
53580,0
215607,0
130860,0
359835,0
198279,0
345520,0
107599,0
187422,0
39682,0
371219,0
22380,0
172842,0
19659,0
78790,0
14275,0
372270,0
116569,0
337282,0
169063,0
290306,0
14857,0
319916,0
374460,0
335303,0
143077,0
185192,0
122817,0
7576,0
263807,0
377392,0
232134,0
5332,0
206732,0
219752,0
261578,0
95780,0
91907,0
123648,0
163460,0
293868,0
378663,0
237526,0
317560,0
316287,0
165731,0
280787,0
353141,0
205972,0
316960,0
32859,0
141571,0
390186,0
383180,0
133262,0
139877,0
322477,0
159730,0
95941,0
69973,0
20525,0
323094,0
108439,1
54210,0
27543,0
335543,0
181186,0
152924,0
169353,0
216849,0
193707,0
390271,0
71079,0
385394,0
324075,0
388945,0
111526,0
190766,0
308637,0
83324,0
199332,0
15327,0
479,0
116621,0
80579,0
295700,0
43127,0
229603,0
126412,0
207040,1
95678,0
23040,0
355756,0
210618,0
93956,0
132887,0
394528,0
179447,0
364570,0
175041,0
355037,0
135623,0
44036,0
246104,0
51908,0
327799,0
386973,0
156651,0
335302,0
216488,0
78004,0
315460,0
8941,0
141169,0
257492,0
290217,0
213810,0
51681,0
205756,0
85729,0
153454,0
181432,0
123772,0
84521,0
359901,0
232628,0
269777,0
25231,0
43377,0
347100,0
223711,0
9460,0
115341,0
19983,0
307338,0
244925,0
80532,1
329376,0
378019,0
347438,0
58876,0
314422,0
206409,0
84062,0
72212,0
86119,0
130546,0
65494,0
145606,0
326076,0
264980,0
168253,0
198756,0
227808,0
112429,0
224834,0
364501,0
216266,0
245360,0
223603,0
393317,0
103249,0
30072,0
223589,0
204071,0
301714,0
151847,0
312107,0
259237,0
322660,0
344320,0
324272,0
202746,0
167897,0
258451,1
380624,0
268936,0
97477,0
157870,0
163485,0
259751,0
106800,0
139006,0
47394,0
65537,0
49847,0
202002,0
40948,1
156937,0
378324,0
67789,0
4846,0
252723,0
140970,0
136290,0
90828,0
47081,0
36913,0
226016,0
74939,0
17499,0
102755,0
339302,0
29775,0
315224,0
180144,0
28944,0
166276,0
15967,0
319158,0
163803,0
77442,0
122279,0
56113,0
258213,0
285839,0
146582,0
210676,0
215916,0
229061,0
316440,0
282268,0
26730,0
341646,0
2284,0
271856,0
212916,0
129830,0
230505,0
87828,0
68240,1
18404,0
216349,0
50634,0
21739,0
189577,0
48332,0
331911,0
143470,0
16582,0
349188,0
240206,0
58461,0
204716,0
40570,0
257563,0
383971,0
104253,0
295470,0
379193,0
173032,0
393118,0
182269,0
227054,0
200516,0
256833,0
209764,0
71864,0
215388,0
123535,0
292563,0
315556,0
309706,0
44521,0
26442,0
331184,0
270740,0
309934,0
123883,0
389354,0
12494,0
67017,0
98706,0
85348,0
236062,0
137087,0
362523,0
200330,0
296462,0
6884,1
138914,0
162566,0
65352,0
149694,0
149781,0
151663,0
120602,0
114452,0
102089,0
194502,0
213337,0
209442,0
17576,0
195812,0
168909,0
108244,0
374789,0
29379,1
190663,0
330116,0
187012,0
295876,0
26485,0
184589,0
143038,0
373606,0
221691,0
108028,0
141700,0
65465,0
257259,0
330009,0
160944,0
359594,0
389074,0
348712,0
178462,0
344829,0
359505,0
291116,0
192589,0
234893,0
343653,0
333096,0
67575,0
78803,0
31780,0
71950,1
359978,0
342056,0
172758,0
165244,0
124510,0
255332,0
10932,0
236657,0
259018,0
228260,0
344916,0
15007,0
74332,1
23583,0
94239,0
239008,0
155258,0
333353,0
195099,0
1112,0
243968,0
275414,0
344811,0
198342,0
218175,0
333246,0
28061,0
125467,0
57725,0
330342,0
267797,0
30076,0
215670,0
44512,0
67437,0
265899,0
114845,0
193098,0
368910,0
38675,0
216958,0
187779,0
140619,0
319330,0
395601,0
286179,0
250579,0
65572,0
383754,0
227512,1
217861,0
329082,0
203747,0
343556,0
389341,0
259053,0
361942,0
312814,0
389272,0
288786,0
198798,0
83192,0
293466,0
39902,0
164676,0
391944,0
362158,0
49194,0
145870,0
393181,0
180692,0
134991,0
25329,0
298276,0
15392,0
68918,0
308265,0
103882,0
93822,0
171380,0
191709,0
219831,0
157111,0
66570,0
348503,0
175895,0
96055,0
205309,0
205153,0
347037,0
177327,0
207296,0
94312,0
278416,0
11501,0
210229,0
123195,0
128219,0
251795,0
86160,0
237986,0
229667,0
75217,0
271110,0
79858,0
78642,0
191376,0
137580,0
277911,0
380644,0
109306,0
21322,0
8087,0
56752,0
168488,0
379645,0
202429,0
263402,0
85496,0
323843,0
320149,0
37010,0
42079,0
17763,0
325183,0
362846,0
296328,0
30001,0
103728,0
170714,0
61848,1
110600,0
143798,0
171200,0
99544,0
369593,0
230751,0
226150,0
273579,0
362368,0
306576,0
65009,0
215127,0
81521,0
111814,0
114181,0
108149,0
263108,0
242289,0
260064,0
233913,0
85332,0
152502,0
93762,0
14683,0
56004,0
148945,0
335757,0
15683,0
328034,0
216141,0
340271,0
15455,0
35439,0
351630,0
246727,0
281101,0
176930,0
77551,0
253503,0
128080,0
203359,0
68600,0
89268,0
298857,0
76850,0
229762,0
160422,0
33124,0
167932,0
256332,0
353624,0
356341,0
326007,0
268538,0
54702,0
231339,0
295400,0
374507,0
192348,0
271792,1
101912,0
226609,0
45881,0
330176,0
370252,0
80207,0
388026,0
192810,0
160821,0
46751,1
298053,0
334628,0
186472,0
386918,0
84256,0
334707,0
391209,0
30426,0
253640,0
370453,0
23235,0
54755,0
310545,0
26645,0
309185,0
88996,0
358822,0
160139,0
378278,0
281596,0
336381,0
340761,0
122505,0
115573,0
325001,0
152156,0
74853,0
227987,0
241205,0
376674,0
284103,0
301606,0
38864,0
5291,0
172202,0
11615,0
107296,0
204920,0
60369,0
31052,0
206239,0
90938,0
250962,0
201669,0
113853,0
204871,0
364401,0
167233,1
259693,0
123194,0
109083,0
94253,0
365313,0
123993,0
8691,0
355451,1
242321,0
369648,0
306264,0
357656,0
190286,0
228400,0
56196,0
230884,0
286595,0
54240,0
388497,0
329218,0
21248,0
389822,0
283608,0
337692,0
395181,0
7884,0
358610,0
169848,0
39906,0
148962,0
387125,0
250089,0
93442,0
251511,0
14871,0
297291,0
40419,0
38074,0
312430,0
300916,0
361984,0
251623,0
372633,0
375968,0
144449,0
221705,0
140786,0
125471,0
391823,0
327762,0
147970,0
293641,0
216929,0
99002,0
384659,0
304832,0
319006,0
284233,0
370612,0
290383,0
348156,0
43587,0
210891,0
275503,0
199865,0
280928,0
384929,0
12522,0
386424,0
405,0
277694,0
343782,0
390930,0
205270,0
305840,0
190497,0
41804,0
114553,0
67050,0
248788,0
54545,0
321025,1
110540,0
130982,0
203046,0
327099,0
158456,0
103559,0
315558,0
114642,0
268993,0
15958,0
293245,0
333696,0
274510,0
374042,0
7612,0
275576,0
247631,0
11036,0
359504,0
119176,0
314714,0
28969,0
297365,0
359483,0
244535,0
193364,0
104046,0
35209,0
137832,0
144227,0
310533,0
86581,0
219631,0
158694,0
290605,0
170627,0
393034,0
311036,0
54198,0
349112,0
147069,0
41748,0
67435,0
96095,0
24209,0
41026,0
56557,0
349173,0
46153,0
221889,0
324120,0
125853,0
181302,0
233796,0
316490,0
41946,0
36515,0
296991,0
46518,0
215002,0
325509,0
101215,0
291842,0
331282,0
174322,0
178253,0
119531,0
17903,0
140164,0
82956,0
287640,0
143121,0
129271,0
148436,0
228543,0
135227,0
332155,0
389098,0
20030,0
266486,0
238947,0
311112,0
208199,0
79455,0
145563,0
88187,0
92573,0
240073,0
182202,0
169690,0
169316,0
349662,0
159771,0
348075,0
184821,0
178664,0
16090,0
175907,0
338025,0
164545,0
302553,0
7106,0
322698,0
309682,0
56666,0
389767,0
90622,0
222802,0
200818,0
285379,0
370029,0
134017,0
390448,0
135690,0
385341,0
191802,0
322599,0
65768,0
112550,0
28649,0
395979,0
136082,0
116203,0
331008,0
329834,0
130167,0
368871,0
57256,0
231437,0
42602,1
211363,0
233866,0
49640,0
73855,1
215621,0
274777,0
37114,0
183253,0
257544,0
179503,0
9784,0
112411,0
232741,0
291260,0
157538,0
372079,0
336881,0
112424,0
51366,0
158388,0
225089,0
225037,0
322741,0
27245,0
110249,0
336171,0
125404,1
167393,0
97537,1
218700,0
74094,0
304917,0
66911,0
317386,0
56433,0
276399,0
37689,0
263474,0
214288,0
76040,0
265815,0
120743,0
76967,0
97887,0
75382,0
357738,0
327605,0
46185,0
117862,0
114472,0
324977,0
58535,0
139018,0
330210,1
286819,0
339582,0
293534,0
292890,0
49416,0
172161,0
147751,0
24681,0
261286,0
138361,0
392596,0
51499,0
269895,0
134529,0
27478,0
57377,0
195035,0
260348,0
218200,0
107614,0
281179,0
334804,0
252101,0
382009,0
307410,0
140863,0
190046,0
97727,0
375558,0
11121,0
219875,0
280383,0
352989,0
106586,0
388346,0
65477,0
330864,0
126857,0
325465,0
362213,0
119024,0
168214,0
159002,0
239530,0
255472,0
26873,0
384722,0
288788,0
29037,0
274731,0
163328,0
24324,0
63072,1
51868,0
195691,0
246364,0
7646,0
159143,0
258316,0
117222,0
96225,0
79199,0
236891,0
58842,0
187191,0
202326,0
194969,0
163058,0
151457,0
15084,0
218354,0
186316,0
301345,0
289433,0
324948,0
133392,0
352704,0
238507,0
153486,0
204547,0
200286,0
65112,0
263254,0
236155,0
232058,0
196787,0
363774,0
391428,0
129958,0
108402,0
214340,0
385638,0
197726,0
8511,0
382882,0
227613,0
319987,0
298550,0
271617,0
388868,0
103796,0
379150,0
103895,0
181493,0
245226,0
194839,1
104223,0
246739,0
382464,0
201743,0
211897,0
206935,0
269799,0
297715,0
329009,0
302088,0
316380,0
300714,0
269057,0
324538,0
293532,0
327360,0
334500,0
303673,0
44163,0
178115,0
43676,0
54656,0
227188,0
304549,0
238649,0
89597,0
20454,0
281433,0
55432,0
189748,0
375388,0
94024,0
253704,0
214421,0
141484,0
244574,0
381458,0
191381,0
385534,0
155348,0
49300,0
342094,1
182100,0
17275,0
64068,0
256237,0
364383,1
50145,0
299477,0
240616,0
5281,0
220631,0
24152,0
81681,0
62952,0
372897,0
372814,0
366813,0
175104,0
306023,0
126803,0
118563,0
196260,0
392756,0
174709,0
128889,0
234727,1
106546,0
235302,0
299579,0
269131,0
205512,0
40607,0
391650,0
18261,0
156363,0
283854,0
94302,0
30757,0
3401,0
49209,0
203964,0
381006,0
315820,0
34307,0
231865,0
161987,0
166686,0
393153,0
218745,0
182851,0
137560,0
142554,0
193795,0
160156,0
59548,0
18540,0
321151,0
295681,0
359840,0
264268,0
12558,0
49819,0
30481,0
335181,0
337122,0
249755,0
373129,0
40321,0
32234,0
110647,0
270573,0
118138,0
826,0
331431,0
338049,0
204934,0
246996,0
309728,0
322881,0
387615,0
91045,0
280878,0
297199,0
249586,0
391969,0
345888,0
81350,0
55950,0
114085,0
85415,0
104100,0
373591,0
52099,0
363021,0
335689,0
34739,0
212186,0
283238,0
388986,0
376833,0
280377,0
60463,0
263805,0
39977,0
369343,1
165060,0
138983,0
350364,0
90527,1
306313,0
368389,0
217961,0
93160,0
126943,0
153784,0
102120,0
52269,0
126566,0
355740,0
153117,0
233099,0
193249,0
190189,0
160409,0
213057,0
152223,0
365606,0
206183,0
126344,0
246652,0
214978,0
182124,0
257651,0
30945,0
209581,0
372276,0
292904,0
155040,0
64734,0
63620,0
16722,0
269331,0
163868,0
282720,0
43167,0
27395,0
384439,0
192742,0
91143,0
313473,0
257992,0
79903,0
250805,0
313494,0
203125,0
26536,0
300181,0
70779,0
106469,0
293035,0
86691,0
66818,0
145439,0
385133,0
187320,0
296799,0
393948,0
16294,0
232697,0
3081,0
324755,0
161826,0
383435,0
392696,0
273225,0
119570,0
79178,0
245,0
76354,0
195685,0
47421,0
376939,0
299752,0
2584,0
171333,0
16834,0
324919,0
123310,0
69751,0
53986,0
118158,0
208728,0
111423,0
85148,0
29088,0
174735,1
333719,0
90869,0
250400,0
155692,0
101931,0
155291,0
224703,0
317006,0
395498,0
318096,1
175123,0
258716,0
372207,0
179471,0
200652,0
390213,0
139338,0
121429,0
15460,0
49702,0
348074,0
147952,0
47683,0
378566,0
284833,0
291512,0
272526,0
96290,0
84843,0
153128,0
284591,0
276409,0
82718,0
133336,0
371432,0
35545,0
199970,0
373842,0
197676,0
333831,0
336087,0
298752,0
104972,0
3801,0
150487,0
120641,0
67310,0
291171,0
196300,0
144234,0
164445,0
272654,0
102799,0
192537,0
261050,0
358917,0
13188,0
305383,0
301375,0
394978,0
249404,0
244739,0
338611,0
240308,0
148217,0
219183,0
355621,0
26532,0
347353,0
34830,0
70929,0
97580,0
165607,0
133013,0
311845,0
341956,0
145789,0
87442,0
384017,0
145680,0
172086,0
355701,0
252211,0
230457,0
88482,0
313567,0
328239,0
1285,0
290470,0
384979,1
104202,0
299244,0
351653,0
293541,0
182060,0
240337,0
32158,0
31477,0
95734,0
165265,0
128477,0
246605,0
80380,0
186769,0
356669,0
161704,0
275649,0
29178,0
116774,0
73338,0
330311,0
20129,0
176746,1
372354,0
259021,0
261751,0
65357,0
55151,0
120074,0
327869,0
377384,0
290444,0
296219,0
177868,0
353447,0
344950,0
226340,0
115378,0
2318,0
247406,0
296925,0
158446,0
23940,0
392917,0
62483,0
309427,1
220533,0
178187,0
238002,0
148270,0
249833,0
203733,0
314112,0
27211,0
309119,0
168838,0
62823,0
352486,0
394247,0
54963,0
156964,0
219364,0
355952,0
212467,0
181213,0
302469,0
92789,0
46179,0
320274,0
390598,0
152211,0
10590,0
295242,0
267268,0
152454,0
183556,0
174793,0
38118,0
2727,0
97377,0
343167,0
145721,0
338922,0
286621,0
320452,1
123164,0
151679,0
160042,0
98661,0
392924,0
379909,0
280708,0
216886,0
20810,0
57334,0
395247,0
122856,0
369808,0
383486,0
66036,0
75831,0
104704,0
198505,0
342122,0
204629,0
202520,0
166618,0
260546,0
320146,0
296559,0
63996,0
344521,0
158786,0
368524,0
356290,0
243275,0
322822,0
231564,0
238633,0
211776,0
114525,0
3146,0
65720,0
73687,0
180042,0
246552,0
64633,0
364362,0
219123,0
119457,0
138238,0
133962,0
209957,0
378299,0
203288,0
364411,0
243961,0
288169,0
150658,0
233366,0
243642,0
35702,0
83382,0
335047,0
298043,0
75921,0
334310,0
351445,0
202383,0
50909,0
165308,0
117170,0
331242,0
275290,0
213317,0
176621,0
25620,0
300029,0
60839,0
320024,0
298414,0
222695,0
233318,0
335905,0
68066,0
377451,0
358508,0
141115,0
255438,0
337761,0
266668,0
129372,0
51162,0
172222,0
4566,0
246660,0
217011,0
255559,0
329341,0
105623,0
207655,0
166888,0
361098,0
253282,0
385789,0
44197,0
282191,0
201103,0
101655,0
313819,0
250163,0
379476,0
322913,0
106233,0
395570,0
228226,0
255258,0
206521,0
260460,0
273745,0
339454,0
364686,0
41173,0
202825,0
345534,0
134689,0
226183,0
247493,0
39527,0
231817,0
214137,0
204055,0
235196,0
17750,0
164500,0
56459,1
82222,0
316297,0
141631,0
223847,0
263950,0
119559,0
308455,0
44379,0
241119,0
260897,0
297074,0
349469,0
66295,0
219055,0
330507,0
348880,0
379045,0
173687,0
268118,0
313308,0
95763,0
260260,0
145750,0
356982,0
91965,0
95575,0
305983,0
234296,0
202160,0
35956,0
150566,0
232287,0
331609,0
37288,0
253825,0
335373,0
51602,1
80771,0
311290,0
97682,0
319121,0
257772,0
275380,0
107057,0
78860,0
166665,0
128891,0
53880,0
336039,0
342887,0
265063,1
233035,0
309062,0
116524,0
171878,0
16025,0
96106,0
324395,0
307347,0
345464,0
34576,0
35795,0
111776,0
314772,0
331354,0
360615,0
205204,0
34192,0
136332,0
51254,0
50798,0
71952,0
60611,0
106550,0
312621,0
364149,0
313204,1
116146,0
304994,0
78599,0
224727,0
5659,0
255218,0
116027,0
8686,0
168843,0
184841,0
246838,0
210798,0
41171,0
46599,0
116149,0
45578,0
359104,0
239120,0
23696,0
22744,0
49825,0
352764,1
318618,0
249740,0
372134,0
142450,0
189976,0
8611,1
353545,0
310844,0
20685,0
375586,0
17739,0
176485,0
169650,0
265573,0
112732,0
332893,0
260189,0
64238,0
129222,0
68529,0
165195,0
229109,0
185460,0
148448,0
328383,0
269922,0
380690,0
44850,0
240886,0
169807,0
87065,0
384715,0
265410,0
204363,0
264863,0
178859,0
167495,0
322384,0
269262,0
384467,0
233887,0
24599,0
327956,1
303725,0
305201,0
109350,1
88454,0
226569,0
11980,0
118559,1
199396,0
279582,0
269133,0
75588,0
202078,0
166257,0
150417,0
322119,0
95744,0
190422,1
375647,0
379626,1
203240,0
308942,0
19345,0
141848,0
346750,0
206802,1
115282,0
75198,0
147935,0
201151,0
64802,0
167940,0
39974,0
210060,0
297366,0
112973,0
69269,0
276564,0
72929,0
183226,0
67714,0
152321,0
380004,0
143190,0
248547,0
165578,0
121030,0
264649,0
498,0
250976,0
388162,0
77805,0
19391,0
250612,0
114745,0
310230,0
69807,0
33628,0
86149,1
25120,0
49458,0
257657,0
369444,0
125944,0
178747,0
254936,0
24401,0
82251,0
347078,0
300908,0
130103,0
124848,0
275908,0
13320,0
349143,0
86934,0
156430,0
138004,0
327127,0
290494,0
41978,0
171060,0
258040,0
371534,0
324485,0
370180,0
143805,0
130598,0
180916,0
165080,0
307520,0
13296,0
130857,0
226497,0
100010,0
73698,1
344265,1
315613,0
140810,0
348985,1
123169,1
20879,0
35948,0
68377,0
77772,0
13196,0
85542,0
131104,0
108232,0
66790,0
149522,0
181619,0
171968,1
262764,0
189016,0
161583,0
175175,0
79728,0
225799,0
345911,0
287984,0
216298,0
37914,0
160632,0
295540,0
40926,0
237397,0
83313,0
79681,0
106966,0
342137,0
342379,0
316578,0
22616,0
303989,0
192053,0
217585,0
36301,0
149025,0
94820,0
390723,0
44152,0
46829,0
319371,0
315950,0
48198,0
289928,0
77488,0
186940,1
207858,0
284823,0
309762,0
100051,0
247668,0
88326,0
395428,0
124293,0
382657,0
307250,0
244892,0
249238,0
198866,0
26153,0
20703,0
326565,0
253573,0
226266,0
231625,0
215710,0
261568,0
310775,0
319852,0
53781,0
310799,0
151861,0
325352,0
385065,0
170425,0
235567,1
134518,0
92125,0
218915,0
303629,0
20483,0
243797,0
7803,0
28324,0
162398,0
145867,1
374626,0
211431,0
331686,0
186253,0
106930,0
343033,0
167532,0
11606,0
134673,0
175658,0
248650,0
175960,0
359358,0
67167,0
36437,0
7753,0
314215,0
715,0
78130,0
16613,0
55297,0
233945,0
273664,0
26434,0
25531,0
96441,0
316867,0
93204,0
74789,0
221359,0
240963,0
175861,0
293844,0
174583,1
60948,0
259955,0
296560,0
228581,0
58257,0
246561,0
383534,0
732,0
166811,0
275445,0
178548,0
300009,0
377722,0
46247,0
382466,0
354689,0
127199,0
211384,0
321774,0
75360,0
325514,0
342862,0
51279,0
352241,0
155081,0
324465,0
37072,0
112644,0
352462,1
65491,0
128816,1
105364,0
176631,0
80847,0
202976,0
344499,0
232326,0
237640,0
277130,0
392726,1
311228,0
102964,0
192141,0
214857,0
350317,0
5087,0
76064,0
35586,0
169963,0
205143,0
100836,0
205304,0
246094,0
109260,0
125756,0
59882,0
22582,0
299725,0
271467,0
280486,0
54019,0
188148,0
102454,1
173123,0
18820,0
318294,0
239694,0
393095,0
391716,0
143618,0
226270,0
319411,0
144149,0
274631,0
192019,0
356884,0
346167,0
182985,0
280644,0
114488,0
378251,0
359101,0
168046,0
358181,0
68520,0
272998,0
204324,0
63544,0
287628,0
15805,0
280277,0
389508,0
276948,0
218011,0
356466,0
127972,0
4461,0
156202,0
10307,0
272102,0
259289,0
272237,0
123605,0
83843,0
123786,0
4448,0
326352,0
116968,0
190768,0
301357,0
220359,0
258677,0
266331,0
372443,0
175277,0
180017,0
112932,0
308380,0
297040,0
222091,0
23457,0
84985,0
312780,0
310497,0
353985,0
123103,0
166347,0
340011,0
174042,0
151421,0
386372,0
155520,0
146806,0
191601,0
216832,0
197708,0
253202,0
391682,0
229928,0
167207,0
304680,0
77618,0
23681,0
92682,0
46350,0
128428,0
21477,0
316595,0
189882,0
44873,0
125772,0
294948,0
388975,0
174060,0
63833,0
333279,0
388329,0
359685,0
62666,0
323164,0
97253,0
190727,0
77174,0
281186,0
341817,0
3448,0
367319,0
119029,0
23771,0
160021,0
326629,0
120732,0
356006,0
110491,1
351738,0
228133,0
122208,0
295783,0
68307,0
284761,0
217348,0
111959,0
38029,0
362006,0
359973,0
185309,0
123131,0
280560,0
272287,0
23316,0
205354,0
22234,0
79638,0
300618,0
289096,0
5080,0
123161,0
333326,0
129137,0
343944,0
319289,0
335492,0
21225,0
279460,0
253350,0
377032,1
301169,0
273104,0
271303,0
287004,1
189714,0
60873,0
90586,0
182247,0
113592,0
157609,0
275166,0
324557,0
192004,0
337015,0
73435,0
315399,0
3988,0
386363,0
395355,0
1020,0
212862,0
125004,0
345147,0
127500,0
26841,0
35481,0
230732,0
370656,0
223797,0
384557,0
173682,0
287450,0
53941,0
109142,1
188632,0
148025,0
92713,0
256275,0
119474,0
196191,0
354164,0
18208,0
306959,0
289041,0
191271,0
274483,0
388585,0
365589,0
370980,0
354749,0
4703,0
240625,0
60557,0
35923,0
365020,1
289759,0
274413,0
349820,0
340515,0
206534,0
45968,0
139289,0
79972,0
53135,0
388036,0
229570,0
130205,0
130858,0
238085,0
106880,0
265865,0
240881,0
329276,0
183295,0
363983,0
42636,0
124378,0
50800,0
195968,0
89244,0
179801,0
13791,0
335987,0
215028,0
366937,0
327583,0
347370,0
224063,0
375606,0
279485,0
307802,0
98677,0
206511,0
58835,0
185469,0
294015,0
212234,0
247162,0
81685,0
163151,0
152097,0
379650,0
151865,0
132441,0
382395,0
209329,0
115872,0
203297,0
269453,0
27562,0
368190,0
165547,0
360169,0
329267,0
77547,0
116842,0
376697,0
102896,0
292943,0
80546,0
31765,0
174419,0
359407,0
365784,0
205333,0
46370,0
210638,0
44449,0
166075,0
352524,0
213328,0
10364,0
96218,0
235460,0
37685,0
336888,0
62849,0
282558,1
106225,0
51573,0
297039,0
155409,0
324366,0
231665,0
275847,1
223458,0
32847,0
86443,0
264122,0
152651,0
352979,0
344328,0
69941,0
9504,0
356262,0
158758,0
340338,0
162694,0
10338,0
31537,0
333004,0
266827,0
323640,0
95523,0
241553,0
367845,0
270861,0
83431,0
112637,0
260727,0
261589,1
81345,0
108596,0
173678,0
120964,0
211398,0
140615,0
362393,0
182126,0
359892,0
347952,0
80896,0
334683,0
390698,0
298317,0
157656,0
326471,0
160875,0
22948,0
372887,0
196311,0
183376,0
70515,0
143549,0
355927,0
69654,0
11207,0
281703,0
359097,0
52293,0
280602,0
248969,0
307032,0
342317,0
288645,0
266982,0
281615,0
259040,0
9218,0
345433,0
490,0
47086,0
284652,0
220559,0
368264,0
315019,0
101172,0
330950,0
219198,0
339191,0
377854,0
289971,0
231221,0
27599,0
145169,0
342550,0
262210,0
345036,0
275302,0
355372,0
372288,0
189874,0
72998,0
380095,0
138474,0
357464,0
241762,0
106659,0
237242,0
33644,0
302288,0
378255,0
7416,0
155548,0
164271,0
290142,0
158204,0
377930,0
281899,0
84496,0
323810,0
335876,0
215368,0
58080,0
29024,0
31725,0
247730,0
28567,0
120846,0
394814,0
395118,0
31427,0
346614,0
124713,0
111331,0
74553,0
272344,0
103269,0
301218,0
66180,0
28955,0
11574,0
294025,0
290966,0
345010,0
395122,0
367180,0
116835,0
111664,0
379806,0
287726,0
341486,0
150138,0
15051,0
21440,0
198757,1
187874,0
334732,0
14837,0
9929,0
205483,0
165352,0
353340,0
318198,0
60452,0
209896,0
285822,0
259252,0
145699,0
228371,0
2986,0
270932,0
46825,1
354723,0
288427,0
386081,0
74481,0
280870,0
388090,0
65906,0
272382,0
283956,0
323078,0
265457,0
357474,0
171291,0
246263,0
225055,0
221695,1
83337,0
111220,0
101708,0
157652,0
289040,0
56127,0
208719,0
349958,0
48302,0
240284,0
156850,0
41757,0
296595,0
363854,0
312914,0
260052,0
338081,0
95812,0
319075,0
304771,0
210826,0
327503,0
190557,0
326672,0
117935,0
306038,0
362594,0
378236,0
300104,0
317963,0
92223,0
163125,0
43511,0
252441,0
316462,1
144983,0
91602,0
315566,0
351525,0
382866,0
320696,0
140161,0
325511,0
56824,0
184347,0
86112,0
175074,0
83526,0
348610,0
228562,0
133999,0
189826,0
228806,0
226673,0
325345,0
128655,0
236083,0
76901,0
335386,0
263043,0
76507,0
262234,1
138157,0
153834,0
382398,0
141693,0
310128,0
23237,0
288392,0
139505,0
313456,0
318654,0
29693,0
374568,0
23388,0
73044,0
12672,0
111422,0
40009,0
227242,0
36107,0
89247,0
150278,1
166254,0
196680,1
165008,0
365016,0
132834,0
342855,0
249955,0
371063,0
147906,0
228646,0
140130,0
278144,0
63142,0
209572,0
58504,0
53574,0
189732,0
58432,0
138255,0
294696,0
254730,0
167875,0
76528,0
223141,0
374928,0
25235,0
196112,0
308444,0
94372,0
247037,0
165623,1
331740,0
247886,0
301706,0
44382,0
81930,0
345642,0
260331,0
597,0
280112,0
156548,0
371896,0
306744,0
43149,0
362525,0
221215,0
138916,1
346120,0
354801,0
366975,0
12796,0
58456,0
356222,0
73075,0
200847,0
386171,0
191293,0
191932,0
10911,0
82154,0
305727,0
197631,0
74369,0
155954,0
307836,0
330419,0
15125,1
183836,0
252354,0
294974,0
334124,0
287672,0
290674,1
216785,0
147435,0
207894,0
239118,0
120230,0
240924,0
272612,0
383426,0
171667,0
80883,0
395862,0
133520,0
239534,0
346525,0
237175,0
168108,0
388541,0
375018,0
10003,0
79143,0
308374,0
210745,0
249693,0
14147,1
50292,0
279031,0
176818,0
361614,0
3001,0
97119,0
154727,0
260454,0
358381,0
296302,0
271169,0
74496,0
133028,0
171325,0
136084,0
192928,0
124762,0
57975,0
186359,0
309654,0
264390,0
267206,0
300650,0
134440,0
297347,0
129270,0
351893,0
42951,0
107538,0
130199,0
130260,0
773,0
336249,0
274162,0
347583,0
377185,0
296958,0
252148,0
329005,0
358403,0
384458,0
250453,0
24634,0
66742,0
127169,0
252790,0
216513,0
234414,0
363798,0
370458,0
253743,0
111550,0
248039,0
244472,0
389208,0
81287,0
332766,0
282432,1
104737,0
134354,0
156455,0
51437,0
135260,0
227791,0
303662,0
109357,0
103929,0
253879,0
235651,0
214273,0
149965,0
222890,0
91042,0
149119,0
157819,0
376683,0
17715,0
132100,0
132012,0
264815,0
188815,0
307764,0
195929,0
197386,0
269103,0
144938,0
292729,0
165843,0
127154,1
188834,0
241014,0
92822,0
72570,0
95379,0
53980,0
247821,0
228102,0
356655,0
171071,0
89205,0
109011,0
210904,0
89468,0
66647,0
224904,0
49916,0
224118,0
94870,0
152844,0
279736,0
218620,0
60536,0
67483,0
112067,0
10967,0
194194,0
209238,0
68543,0
352178,0
7062,0
216745,0
191137,0
298289,0
120967,0
343141,0
334057,0
177703,0
392548,1
169897,0
280008,0
9605,0
53407,0
305122,0
295655,0
280044,0
152822,0
248751,0
63034,0
212847,0
224530,0
268157,0
5351,0
36974,0
106670,0
39703,0
151017,0
138870,0
186564,0
75601,0
211357,1
245831,0
223035,0
27215,0
62116,0
150931,0
44680,0
374156,0
374544,0
199260,0
77465,0
363685,0
200068,0
310184,0
265754,1
12024,0
309266,0
364274,0
206,0
22295,0
350215,0
55460,0
373184,0
5264,0
166880,0
58209,0
299998,0
235201,0
12632,0
177667,0
93081,0
257846,0
219981,0
364514,0
222851,0
48838,0
79003,0
394761,0
62086,0
288637,0
214243,0
223497,0
297879,0
250529,0
257525,0
101844,0
91214,0
256629,0
251266,0
127473,0
313940,0
277407,0
8658,0
329574,0
118732,0
236119,0
317764,0
225357,0
25585,0
101478,0
157413,0
128752,0
131449,1
388166,0
305649,0
93238,0
242751,0
12401,0
137286,0
15535,0
388971,0
187514,0
16648,0
148505,0
322099,0
242171,0
249880,0
116583,0
300665,0
192455,0
132518,0
84184,0
300990,0
12628,0
206257,0
93116,0
27551,0
135652,0
142748,0
253336,0
106209,0
236526,0
235691,0
197953,0
16775,0
118444,0
198724,0
173457,0
81059,0
65320,0
346748,0
235110,0
269982,0
185187,0
81447,0
347598,0
3768,0
300837,0
277681,0
392633,0
338901,0
143634,0
112678,0
54875,0
180595,0
245678,0
315191,0
268738,0
131476,0
81696,0
268014,0
109119,0
69184,0
309852,0
122485,0
101589,0
241918,0
250301,0
5512,1
18184,0
221206,1
312423,0
44225,0
365918,0
74598,0
133789,0
47202,0
56679,0
344872,0
289648,0
6708,1
203942,0
71205,0
104809,0
104539,0
368102,0
322782,1
13697,0
115221,0
362794,0
336520,0
129322,0
348421,0
251251,0
913,0
171373,0
91476,0
44364,0
305076,0
284950,0
284671,0
61095,0
285475,0
371128,0
89531,0
50636,0
159573,0
246344,0
159227,0
359838,0
262879,0
280955,0
378550,0
118513,0
387922,0
166596,0
54057,0
328586,0
260693,0
259596,0
86840,0
378964,0
384166,0
248672,0
200574,0
246947,0
294809,0
126775,0
101190,0
395850,0
299006,0
6423,0
177187,0
189731,0
97817,0
32492,0
395357,0
335736,0
169358,0
288431,0
250992,1
244308,0
106922,0
201438,0
51954,0
34016,0
322577,0
131191,0
308805,0
261279,0
361935,0
150347,0
245219,0
236228,0
78797,0
126455,0
203770,1
275252,0
138782,0
324781,0
213662,0
91298,0
355475,0
24012,0
157311,0
123551,0
328506,0
230683,0
163513,0
63143,0
146913,0
288401,0
25449,0
184516,0
255518,0
332361,0
190458,0
245998,0
216370,0
48633,0
21565,0
95576,0
304002,0
287460,0
232490,0
126128,0
244267,0
169567,0
1614,0
299304,0
279672,0
345706,0
54038,0
168858,0
252128,0
386615,1
316402,0
76561,0
277821,0
253812,0
158957,0
263184,1
244818,0
55672,0
357928,0
58230,0
22674,0
14174,0
8138,0
262412,0
25737,0
347007,0
180747,0
9589,0
290756,0
51837,0
42034,0
389632,0
317146,0
99837,0
73540,0
60089,0
274630,0
147299,0
328130,0
347492,0
57199,0
63720,0
123835,0
284223,0
269710,0
77743,0
175902,0
237482,0
127074,0
79200,0
108309,0
98508,0
276338,0
386478,0
242535,0
90898,0
217544,0
283585,0
273430,0
285660,0
206029,0
227513,0
278750,0
21922,0
318151,0
151523,0
326338,0
159005,0
153352,0
180241,0
330235,0
21510,0
27202,0
231967,0
308866,0
379597,1
21474,0
110008,0
268605,0
85141,0
392519,0
261398,0
278958,0
314895,0
17087,0
128064,0
162690,0
199914,0
1700,0
249458,0
340663,0
93834,0
175614,1
51286,0
106965,0
183113,0
159985,0
296652,0
370913,0
262109,0
386907,1
111444,0
21950,0
199981,0
11322,0
116907,0
306441,0
97959,0
189657,0
200028,0
382346,0
68030,0
213520,1
299898,0
143743,0
142903,0
205062,0
210408,0
264479,0
235488,0
261025,0
162480,0
10586,0
28621,0
347532,0
246932,0
183375,0
288952,0
359196,0
382655,1
58145,0
251665,0
329258,0
282786,0
288835,0
202486,0
366537,0
209354,0
286741,0
282698,0
161751,0
76175,0
104559,0
102522,0
206221,0
388924,0
187587,0
350778,0
153529,0
95339,0
31740,0
75362,0
127482,1
373948,0
250556,0
206566,0
353277,0
244578,0
214961,0
26666,0
335843,0
279381,0
251867,0
52599,0
186549,0
187668,0
349017,0
45567,0
240032,0
167309,0
214819,0
97080,0
201555,0
122002,0
50535,0
258548,0
316174,0
259340,0
330630,0
73322,0
391043,0
356388,0
135368,0
360904,0
18972,1
36533,0
316305,0
287202,0
19614,0
51301,0
407,0
359147,0
294566,0
14127,0
27803,0
288491,0
43761,0
9003,0
138491,0
98969,0
147156,0
290886,0
28687,0
40238,0
154426,0
350613,0
28313,0
290353,0
217416,0
142359,0
4452,0
187268,0
13829,0
278638,0
376985,0
145359,0
56681,0
99234,0
150224,0
25545,0
38102,0
115973,0
247650,0
275868,0
293282,0
108957,1
241857,0
297150,0
319400,0
335683,0
55172,0
315610,0
364331,0
394177,0
203910,0
107117,0
376427,0
239485,0
393302,0
195632,0
267184,0
378801,0
140637,0
35065,0
200354,0
167808,0
384235,0
198326,0
316280,0
88854,0
158056,0
372479,0
94272,0
325141,0
78096,0
102649,0
120997,0
159828,0
240553,0
376949,0
202964,0
18554,0
138102,0
303941,0
51854,0
201505,0
17883,0
179176,1
77280,0
207193,0
128734,0
129274,0
354438,0
234947,0
55505,0
286611,0
21286,0
233708,0
29108,0
190918,0
200448,0
241345,0
136786,0
43130,0
228035,0
323174,0
78469,0
349414,0
196051,0
336712,0
781,0
180628,0
313973,0
97494,0
366761,0
336656,0
183044,0
36305,0
377645,0
259913,0
153988,0
342621,0
106738,0
199206,0
70183,0
273316,0
272151,0
335807,0
369670,0
287305,1
256176,0
48326,0
367062,0
68592,0
53769,0
327958,0
28559,0
216211,0
73296,0
25890,0
292281,0
162465,0
150396,0
306324,0
166175,0
55885,0
285582,0
150186,0
233154,0
355784,0
7671,0
83819,0
335192,0
3763,0
110991,0
291496,0
78951,0
352445,0
69964,0
138889,0
177852,0
35081,0
205356,0
365850,0
209566,0
91442,0
65223,0
371392,0
384779,0
108106,0
338029,0
5529,0
259108,0
326250,0
256512,0
239921,0
117077,0
278828,0
260327,0
57588,0
303419,0
74251,0
28185,0
298358,0
57182,0
285962,0
289493,0
151468,0
307865,0
277679,0
140001,0
363179,0
340773,0
154397,0
376482,0
127294,0
213240,0
147585,0
249625,0
109632,0
7702,0
196682,0
98786,0
385737,0
304666,0
12896,0
253210,0
125694,0
118823,0
68980,1
396026,0
19355,0
181849,0
21595,1
178693,0
214696,0
295518,0
178857,0
283236,0
146664,0
163443,0
317092,0
388465,0
104487,0
350093,0
139729,0
339831,0
49629,0
220074,0
317133,0
248472,1
277879,0
46139,0
196292,0
127791,0
41156,0
309064,0
267269,0
47429,0
222011,0
44912,0
62938,0
376419,0
2222,0
53097,0
207373,0
288502,0
164196,0
232650,0
335733,0
354032,0
328521,0
129590,0
136482,0
39167,0
293061,0
298395,0
137705,0
176566,0
85806,0
205579,0
262342,0
164821,0
347571,0
105393,0
61398,0
234176,0
179846,0
257256,0
150683,0
59904,0
332862,1
253572,1
181865,0
234838,0
340601,0
322686,0
286588,0
107987,0
389372,0
389598,0
146013,0
221495,0
341529,0
180463,0
46824,0
57990,0
324493,0
273843,0
285233,0
29866,0
229181,0
333967,0
114786,0
348221,0
184633,0
283591,0
271586,0
288071,0
107476,0
244790,0
11844,0
49693,0
43928,0
331619,0
340554,0
84064,0
379346,0
246352,0
208820,0
120079,0
174620,0
142629,0
316912,0
335878,0
155262,0
220577,0
88605,0
129555,0
290800,1
380815,0
355570,0
254295,0
316772,1
138509,0
157902,0
206267,0
21483,0
220603,0
392783,0
211872,0
370909,0
248340,0
39228,0
161674,1
360973,0
191866,0
64036,0
45897,0
278785,0
199714,0
20880,0
159954,0
232063,0
44842,0
29149,0
181505,0
53912,1
353770,0
65893,0
182961,0
367032,0
223970,0
150920,0
115541,0
319058,0
254567,0
113868,0
314785,0
126401,1
150996,0
13192,0
84811,0
291443,0
94127,0
366786,0
143356,0
255133,0
227090,0
1540,0
138748,0
64917,0
264226,0
181987,0
245048,0
124943,0
245628,0
126732,0
184127,0
82757,0
189224,0
146395,0
350015,0
337607,0
361360,0
184709,0
197736,0
16802,0
312112,0
379676,0
386118,0
49620,0
296065,0
338800,0
112218,0
128953,0
317965,0
153974,0
208107,0
82045,0
233458,0
52064,0
143716,0
266642,0
222319,0
210968,0
68127,0
145036,0
82677,0
192721,0
300995,0
272667,0
349592,0
110612,0
245939,0
171424,0
334990,0
187248,0
192638,0
292509,0
164063,0
197938,0
40999,0
68695,0
337123,0
74345,0
69828,0
341685,0
24258,0
154904,0
374962,0
157336,1
135341,0
56694,0
67816,0
61676,0
349686,0
372491,0
143307,0
311617,0
231798,0
75265,0
314452,0
118841,0
54481,0
144994,0
129605,0
112891,0
283329,0
22689,0
130332,0
55659,0
35333,0
223023,0
80675,1
195613,0
321503,0
288186,0
91876,0
164295,0
64616,0
176519,0
87741,0
383608,0
359277,0
81441,0
163028,0
257904,0
391517,0
327712,0
157172,0
262404,0
214058,0
369751,0
96975,0
194148,0
17865,0
107977,0
99533,0
212353,0
57020,0
280099,0
91007,0
303220,0
385132,1
3563,0
196309,0
37309,0
138171,0
196574,0
243912,0
385928,0
7602,0
249583,0
98881,0
19427,0
325044,1
59477,0
329205,0
188474,0
342799,0
255887,0
64485,0
260421,0
39968,0
341076,0
245120,0
201747,0
268629,0
378734,0
151267,0
26219,0
159152,0
306891,0
381393,0
304954,0
315077,0
295029,0
22745,0
132736,0
354685,0
275898,0
311103,0
66122,0
346644,0
109494,0
158896,0
17051,0
269430,0
354281,0
292177,0
241317,0
147818,0
29885,0
70954,0
164403,0
17155,0
139997,0
387905,0
22068,0
350131,0
133502,0
103903,0
25183,0
111948,0
292254,0
154061,0
91084,0
192726,0
177219,0
379363,0
305622,0
326145,0
170549,0
75486,0
55178,0
385273,0
321811,0
27473,0
179669,0
120089,0
134723,0
236625,0
59860,0
114614,0
37077,0
7536,0
3289,0
262314,0
167154,0
230319,0
65743,0
342981,0
197639,0
315617,0
211053,0
188578,0
237213,1
154498,0
18468,1
303820,0
51089,0
247224,0
226728,0
203163,0
209452,0
191878,0
372502,0
45492,0
138649,0
198946,0
82089,0
299718,0
114530,0
106291,0
31645,0
352394,0
45240,0
287883,0
187017,0
133478,0
85487,0
118126,0
15045,0
174246,0
58064,0
317498,0
359022,0
357387,0
28097,0
134925,0
181482,0
236162,0
82993,0
199966,0
131650,0
293890,0
339986,0
9817,0
381814,0
343999,0
238885,0
390921,0
389472,0
347448,0
22708,0
176571,0
158307,0
68434,0
355935,0
69758,0
82507,0
278014,0
316122,0
263658,0
183189,0
103477,0
296606,0
53417,0
330685,0
56689,0
87629,0
149185,0
26529,0
322752,0
332279,0
367759,0
245451,0
143381,0
307946,0
267784,0
161995,0
363459,0
284732,0
193003,0
213009,0
214157,0
237332,0
236027,0
99336,0
228391,1
382230,0
340043,0
13869,0
79271,0
114859,0
193094,0
264119,0
362569,0
85639,0
362119,0
25703,0
95361,0
233050,0
267534,0
104708,0
306883,0
22340,0
276551,0
225588,0
364392,0
16438,0
394151,0
181905,0
344184,0
233862,0
207929,0
248866,0
317993,0
301813,0
124065,0
22772,0
162219,0
106837,0
308959,0
393834,0
3661,0
325846,0
141035,0
267608,0
3136,0
355683,0
120958,0
100295,0
390746,0
24247,0
229491,0
161173,0
58883,0
321016,0
167894,0
28566,0
99839,0
287321,0
264473,0
148066,0
130768,0
200576,0
166354,0
315903,0
186339,0
81506,0
290116,0
129429,0
119566,0
30684,0
373240,0
182224,0
36671,0
122410,0
236596,0
98410,0
225137,0
320864,0
111934,0
123641,0
217819,0
261106,0
320592,0
369659,1
265777,0
177917,0
134201,0
83671,0
205580,0
100610,0
219365,0
349558,0
307893,0
58486,1
215592,0
305927,0
329580,1
1524,0
73474,0
51776,0
35677,0
5907,0
4881,0
331503,0
52742,0
140146,0
243447,0
115819,0
120111,0
22430,0
53572,0
230353,0
164253,0
67809,0
235404,0
246196,0
14927,0
166988,0
320629,0
241841,0
152361,0
387810,0
280107,0
223455,0
30903,0
203234,0
140166,0
117786,0
339068,0
314283,0
167712,0
91301,0
34065,0
317130,0
275224,0
340807,0
344425,0
161787,0
57687,0
192369,0
227741,0
290189,0
44648,0
291066,1
345238,0
205274,0
1886,0
267102,0
301447,0
66819,0
341458,0
150011,0
221175,0
17471,0
309725,0
340631,0
130187,0
85171,0
244727,0
161372,0
93268,0
197707,0
186111,0
128444,0
6689,0
306870,0
386429,0
216576,0
74349,0
339311,0
40871,0
210357,0
257856,0
88122,0
293276,0
155336,0
209031,0
195289,0
117405,0
354696,0
84977,0
98208,0
256105,0
112656,0
18617,0
64483,0
114229,0
139881,0
286986,0
275045,1
278456,0
144708,0
263151,0
237958,0
296693,0
154673,0
292425,0
141176,0
230090,0
208482,0
91944,0
50204,0
258396,0
307483,0
243355,0
346530,0
287581,0
13974,0
212120,0
85522,0
81938,0
118025,0
102064,0
81216,0
99165,0
164877,0
163447,0
388876,0
31813,0
243563,0
61207,0
99671,0
303625,0
171182,0
395260,0
28485,0
394852,0
347549,0
164251,0
320182,1
155427,0
130040,0
210288,0
136234,0
375068,0
234626,1
198040,0
298911,0
24334,0
81545,0
26467,0
13534,0
84274,1
240884,0
384284,0
41371,0
334241,0
197913,0
260286,0
146781,1
235417,0
292184,0
140486,0
173348,0
383803,0
294519,0
244143,0
268024,0
2975,0
377052,0
58031,0
344122,0
92830,0
359482,0
297555,0
116185,0
258861,0
71092,0
59324,0
394250,0
219680,0
382709,0
102130,0
293749,0
361020,0
187009,0
284449,0
262714,0
351107,0
285473,0
197876,0
135261,0
174474,0
314864,1
202098,0
372309,0
120503,0
236709,0
232631,0
311443,0
299590,0
254176,0
174398,0
73814,0
172283,0
370448,0
133003,0
99077,0
120655,0
76267,0
230601,0
37289,0
292635,0
200279,0
100436,0
40752,0
337874,0
387012,0
387076,0
327542,0
358339,0
393475,0
109182,0
195618,0
233746,0
333160,0
72943,0
186037,0
209173,0
372480,0
284523,0
208598,0
209115,0
379473,1
69757,0
47322,0
370570,0
46534,0
159855,0
53628,0
93028,0
309540,0
17797,0
163855,0
308695,0
303351,0
110699,0
190325,0
331430,0
44780,0
191343,0
122587,0
180590,0
112563,0
198473,0
184455,0
286607,0
111442,0
140665,0
100398,0
3677,0
25777,0
325145,0
317378,0
31864,0
69227,0
159907,0
234016,0
303735,0
284909,0
39684,0
360060,0
108503,0
388803,0
373576,0
383256,0
186938,0
228841,0
80930,0
173690,0
160517,0
20564,0
267971,0
24322,0
62171,0
348603,0
2035,0
330238,0
9056,0
13668,0
54740,0
391626,0
344252,1
264885,0
35353,1
344807,0
286344,0
364808,0
68611,0
267357,0
209521,0
11412,0
10681,0
349625,0
35652,0
275021,0
53764,0
340833,0
125600,0
108493,0
377821,0
99571,0
18006,0
42351,0
73378,0
364669,0
373608,0
291788,0
234389,0
32524,0
105407,0
68060,0
348986,0
164646,0
114744,0
152275,0
245551,1
12399,0
270461,0
128090,0
388580,0
310702,0
124663,0
55490,0
250043,0
50143,0
356422,0
137386,0
327112,0
178252,0
59198,0
315760,0
106378,0
342790,0
285257,0
22460,0
374767,0
69488,1
358601,0
42721,0
118197,0
39721,0
261832,0
328573,0
33658,1
157124,0
232010,0
255248,0
313228,0
364762,0
50548,0
281258,0
104225,0
74630,0
337539,0
231239,0
359589,0
180311,0
60586,0
122137,0
120082,0
314370,0
77668,0
52659,0
57285,0
299485,0
55984,0
86778,0
203116,0
261987,0
279010,0
309578,0
146646,0
191342,0
273100,0
306417,0
243846,0
291098,0
73928,0
392006,0
181364,0
158451,0
4361,0
308420,0
74594,0
244118,0
60477,0
28386,0
152710,0
174947,0
73502,0
130117,0
290259,0
5435,0
77765,0
221410,0
163605,0
84501,0
138215,0
231013,0
54824,0
147380,0
334475,0
271232,0
129992,0
31161,0
258887,0
107378,0
136339,0
362268,0
356494,0
196713,0
27422,0
370871,0
186024,0
290155,0
195625,0
306810,0
61355,0
131322,0
185168,1
205615,0
369955,0
176655,0
84653,0
371523,0
87224,0
111284,0
345474,0
320263,0
125653,0
156389,0
26297,0
28167,0
215597,0
383348,0
150169,0
144613,0
268243,0
46657,0
200174,0
148139,0
106716,0
337349,0
28333,0
67198,0
20457,0
132207,0
9494,0
355014,0
21332,0
306433,0
338691,0
308604,0
81957,0
199281,0
282226,0
63456,0
192112,0
20161,0
306041,0
25275,0
358395,0
224029,0
380443,0
13202,0
146697,0
145040,0
171832,0
302564,1
152656,0
357399,0
59975,0
357655,0
212756,0
204719,0
346172,0
64034,0
72310,0
21544,0
124098,0
382597,0
83946,0
298298,0
341416,0
132777,0
383673,0
97410,0
380430,0
98585,0
367949,0
73803,0
20842,0
357040,0
63929,0
64291,0
218292,0
138954,0
377591,0
253643,0
48300,0
352813,0
64895,0
178271,0
128930,1
148999,0
373414,0
43789,0
364161,0
328382,0
314991,1
138533,0
188246,0
79719,0
352383,0
44923,0
342249,0
223270,0
381614,0
232783,0
82077,0
92630,0
292530,0
362623,0
92987,0
244713,0
125076,0
272892,0
382639,0
288085,0
76700,0
272793,0
280341,0
298111,1
163057,0
40895,0
45066,0
18987,0
365800,0
7429,0
378330,0
160337,0
95721,0
57417,0
102311,0
369044,0
52544,0
7726,0
136613,0
130995,0
251883,0
370120,0
282366,0
339964,0
352399,0
320851,0
298465,0
230215,0
157858,0
39925,0
239080,1
19297,0
103212,0
345681,0
275433,0
152114,0
241870,0
268585,0
344854,0
155098,0
333540,0
365121,0
215118,0
132713,0
127795,0
329607,0
90140,0
56198,0
306923,0
267753,0
44071,0
64671,0
274009,0
10863,0
306404,0
120711,0
62534,0
95154,0
299291,0
257901,1
299215,0
69665,0
314149,1
309132,0
343662,0
2515,0
366399,0
4494,0
388750,0
37781,0
81982,0
203335,0
205545,0
308987,0
155215,0
129663,0
374897,0
108090,0
56200,0
105389,0
294201,0
69323,0
114531,0
90360,0
316906,0
19485,0
239241,0
383724,0
238832,0
228632,0
362287,0
226632,0
74544,0
41023,0
313069,0
88713,0
24881,0
40839,0
336642,1
200500,0
64857,0
127411,0
358437,0
382681,0
211790,0
309479,0
94949,0
124651,0
39652,0
254435,0
294302,0
82845,0
50644,0
184557,0
232187,0
298426,0
212464,0
286125,0
180557,0
335911,0
201682,0
231422,0
217117,0
331890,0
55715,0
9246,0
270529,1
362513,0
26522,0
308477,0
333841,0
6528,0
125977,0
351215,0
297475,0
395068,0
68732,0
47478,1
250119,0
11072,0
159821,0
192044,0
383817,0
86697,0
236404,0
87876,0
394484,0
281466,0
206695,0
312451,0
137397,0
311995,0
230363,0
12547,0
187880,0
146289,0
175271,0
49920,0
306195,0
277161,0
226414,0
202924,0
202751,0
295235,0
302329,0
12450,0
245938,0
5550,0
322146,0
348487,0
79552,0
281229,0
268418,0
260960,0
232115,0
147000,0
111075,0
254324,0
90309,0
12147,0
194016,0
333992,0
330353,0
395243,0
302794,0
89029,0
326995,0
154114,0
385506,0
210444,0
210326,0
78415,0
57982,0
351995,0
215966,0
103712,0
156353,0
157079,0
316886,0
79794,0
38927,0
320012,0
197772,0
159748,0
173969,0
25065,0
387963,0
104091,0
370707,0
305123,0
93876,0
126289,0
313902,0
126125,0
3360,0
328937,0
106477,0
53400,0
328151,0
167530,0
74618,0
102254,0
57518,0
263606,1
357039,0
270903,0
359721,0
8882,0
125134,0
335367,0
347905,0
301681,0
391510,0
265333,0
90215,0
234066,0
234724,0
362265,0
386723,0
277472,0
134829,0
127114,0
296173,0
278287,0
113044,0
260461,0
358130,0
62925,0
141546,0
235022,0
145360,0
176398,0
383921,0
32632,0
117058,0
206569,0
20133,0
341509,0
253661,0
80463,0
273493,0
285126,0
182239,0
115728,0
234216,0
348713,0
97177,0
279009,0
200402,0
48098,0
260781,0
250659,0
336559,0
352859,0
157164,0
210236,0
327144,0
324831,0
62912,0
244781,0
260394,0
356145,0
248799,0
239321,0
146560,0
214777,0
118941,0
81601,0
191776,0
362325,1
178200,0
115422,0
211652,0
91038,0
371101,0
366486,0
185717,0
66815,0
128728,0
268300,0
121249,0
290907,0
270043,0
32406,0
368664,0
18982,0
56656,0
92714,0
131088,0
96491,0
13563,0
183152,0
214947,0
31555,0
197866,0
8203,0
369375,0
57887,0
368362,0
345712,0
355942,0
175403,0
352665,0
342163,0
307515,0
289462,0
165481,0
230368,0
221339,0
158431,0
219847,0
325204,0
262697,0
186492,0
258729,0
40557,0
249580,0
263173,1
268647,0
195007,1
374399,0
101531,0
346868,0
240122,0
189745,0
102115,0
58663,0
357022,0
168684,0
297095,0
105258,0
19548,0
260740,0
43070,1
25123,0
241712,0
148663,1
389339,0
332062,0
281760,0
100802,0
9127,0
329924,0
79433,0
96966,0
179479,0
109784,0
349009,0
297265,0
30671,0
76287,0
211472,0
114048,0
324880,0
334017,0
202850,1
162723,0
235657,0
21080,0
365640,0
57238,0
25502,0
206634,0
251736,0
6692,0
334937,0
393388,0
173023,0
69981,0
329125,0
316435,0
164120,0
324862,0
177370,0
188436,0
228516,0
298657,1
261495,0
26982,0
350049,0
139166,0
69195,0
289062,0
11471,0
14701,0
6192,0
281194,0
146592,0
228887,0
218356,0
158605,0
180938,0
105966,0
373334,0
254955,0
210704,0
229820,0
32436,0
25422,0
117828,0
297501,0
121714,0
334962,0
87380,0
2927,0
83461,0
83241,0
246884,0
276293,0
61285,0
88470,0
59626,0
24647,0
69220,0
62425,0
138919,1
140008,0
296849,0
379655,0
184264,0
273033,0
217375,0
76398,0
137516,1
127351,0
393614,0
120546,0
396023,0
3450,0
240843,0
23505,0
192512,0
89873,0
52304,0
341900,0
51152,0
136251,0
30501,0
323303,1
192786,0
40859,0
204259,0
273728,0
277889,0
304605,0
252328,0
314949,0
31882,0
395296,0
364901,0
336185,0
17313,0
365545,0
270513,0
69741,0
143925,0
86250,0
208836,0
278942,0
207870,0
191782,0
187643,0
312076,0
2002,0
243502,0
24465,0
302010,0
384396,0
160674,0
136811,0
175660,0
154346,0
278920,0
201867,0
236251,0
265843,0
235550,0
388188,0
77056,0
280395,0
152851,0
219556,0
327572,0
333823,0
349472,0
232573,0
56281,0
379989,0
355727,0
50101,0
157580,0
282165,0
119425,0
372792,0
264931,0
304085,0
316806,0
99555,0
312944,0
262528,0
109866,0
83257,0
204848,0
49192,0
342162,0
155899,0
190065,0
227271,0
102626,0
329876,0
17282,0
201814,0
255471,0
73294,0
17982,0
93622,0
223490,0
348253,0
54516,0
138446,0
208616,0
124063,0
224597,0
104117,0
336196,0
244573,0
189675,0
90880,0
124749,0
257074,0
375665,0
110410,0
370928,0
333785,0
102385,0
369369,0
224547,0
341965,0
158978,0
16621,0
175883,0
187122,0
389259,0
18989,0
133288,0
296990,0
143551,0
2809,0
283312,0
138945,0
88543,0
4094,0
146144,0
163926,0
387258,0
132175,0
33028,0
323212,0
390184,0
16743,0
166032,0
122726,0
156821,0
78052,0
282849,0
105344,0
147025,0
227344,0
134957,0
293332,0
133456,0
348765,0
75835,0
246732,0
379030,0
197482,0
50185,0
148391,0
247744,0
63723,0
329782,0
106153,0
117459,0
81101,0
330995,0
344650,0
70441,0
294841,0
249641,0
215743,0
82597,0
309580,0
338068,0
144873,0
145448,0
373704,0
178245,0
302797,0
17892,0
219004,0
32598,0
96280,0
390904,0
138192,0
163571,0
55698,0
145480,0
24690,0
123068,0
360854,0
303180,0
148774,0
8012,0
312556,0
175570,0
107123,0
144627,0
46226,0
200977,0
120478,0
225356,0
178178,1
321930,0
139395,0
235249,0
216398,0
197688,1
250691,0
148577,0
52439,0
123425,0
98811,0
40281,0
63756,0
385539,0
131607,0
231781,0
224922,0
91410,0
72547,0
259372,1
219417,0
281457,1
355284,0
358183,1
37828,0
308349,0
49398,0
59166,0
324123,0
395021,0
374306,0
306171,0
143538,0
236597,0
84833,0
233750,0
287839,0
6957,0
342701,0
212458,0
278531,0
60670,0
309058,1
32717,0
49685,0
289926,0
21890,0
206938,0
334477,0
230722,0
435,0
313141,0
253642,0
299138,0
306966,0
40984,0
136243,0
81434,0
373317,0
10639,0
31356,0
104758,0
320824,0
18698,0
218534,0
120372,0
308327,0
76349,0
204475,0
147563,0
38586,0
51770,0
378956,0
25004,0
121949,0
29778,0
245941,0
65400,0
359111,0
87879,0
94997,0
101392,0
392467,0
32037,0
54752,0
241029,0
121069,0
311862,0
152313,0
330298,0
350510,0
319181,0
126647,0
70755,0
80221,0
285891,0
112096,0
17953,0
241639,0
17284,0
231642,0
225866,0
338525,0
339780,0
159380,0
94872,0
356359,0
344248,0
33223,0
89384,0
206940,0
111638,0
20322,0
221751,0
394621,0
109674,0
26855,0
385615,0
327931,0
277324,0
310459,0
80484,0
352188,0
352542,0
309827,0
372769,0
178179,0
358134,0
246977,0
238192,0
346502,0
346250,0
268660,0
306345,0
206369,0
112097,0
158855,0
20233,0
323880,0
287645,0
252569,0
238433,0
280573,0
28346,0
367873,0
36808,0
378606,0
336926,0
275111,0
231469,0
125957,0
101660,0
374820,1
190279,0
256413,0
338469,0
255981,0
206727,0
207038,0
265859,0
101551,0
99244,0
47940,0
177410,0
309396,0
84877,0
300217,0
166161,0
371714,0
357114,0
216184,0
155800,0
85149,0
134378,1
176256,0
223693,0
137732,0
293337,0
228246,0
38409,0
217465,0
326597,0
267124,0
43535,0
304983,0
3817,0
152021,0
269496,0
11147,0
273285,0
126031,0
306168,0
260879,0
242227,0
358516,0
161968,0
349363,0
189320,0
379643,0
98712,0
7675,0
227627,0
2843,0
156498,0
394933,0
380911,0
291140,0
10979,0
387196,0
347414,0
238462,0
197872,0
226725,0
100729,0
86335,0
45478,0
231421,0
360036,0
39922,0
93993,0
25229,0
257335,0
44875,0
390002,0
328938,0
142429,0
194272,0
130682,0
387428,0
132354,0
18177,0
352822,0
114350,0
347645,0
196939,0
377134,0
279399,0
14518,0
98124,0
365843,0
44921,0
243678,0
283564,0
253394,0
133895,0
282086,0
394108,0
310976,0
186297,0
352057,0
227453,0
213819,0
24956,0
5162,0
53877,0
10008,0
390809,0
306001,0
103499,0
20616,0
114038,0
81824,0
315038,0
53369,0
95384,0
174122,0
246447,0
285187,0
89997,1
203403,0
124007,0
127401,0
376385,0
276047,0
19025,0
220957,0
73479,0
306055,0
34827,0
378400,1
32423,0
305900,0
203566,0
245057,0
188611,0
19072,0
121877,0
124039,0
181223,0
152978,0
189291,0
128964,0
213174,0
136256,1
191346,0
318387,0
184727,0
284312,0
9649,0
19567,0
18910,0
164412,0
188973,0
32231,0
44917,0
368821,0
162613,0
126451,0
357599,0
63657,0
270361,0
284204,0
244757,1
241914,0
275987,0
259728,0
208025,0
144906,0
234678,0
281291,0
142440,0
75461,0
320459,0
29115,0
351132,0
25305,0
255158,0
72090,0
229302,1
357388,0
97989,0
59377,0
191168,1
139551,0
179464,0
170801,0
181496,0
379515,0
285978,0
381701,0
307715,0
337323,0
321934,0
99321,0
376137,0
5635,0
158360,0
105831,0
273593,0
226724,0
135847,0
218502,0
172574,0
36307,0
212029,0
196497,0
331955,0
59313,0
341960,0
134455,0
229105,0
73836,0
363712,0
153178,0
357333,0
86348,0
182637,0
109382,0
345417,0
299589,0
73723,0
171141,0
67143,0
65179,0
282344,0
353872,0
332258,0
209019,0
185185,0
391946,0
137760,0
281408,0
290466,0
52046,0
22020,0
389437,0
256156,0
387217,0
48526,0
334158,0
222995,0
162335,0
381700,0
146798,0
41788,0
163649,0
15908,0
245735,0
179610,0
71643,0
231186,0
233883,0
269567,0
239858,0
102146,0
143624,0
271532,0
270711,0
26456,0
248690,0
366561,0
286715,0
129720,0
123111,0
321386,1
95771,0
365622,0
380763,0
214235,0
96697,0
258,0
143910,0
62406,0
348815,0
198001,0
60658,0
138081,0
83959,0
326139,0
208649,0
278272,0
314239,0
249940,0
371487,0
213089,0
288113,0
368117,0
294459,0
224957,0
384920,0
28997,0
165098,0
294817,1
200762,0
206592,1
127846,0
204698,0
239713,0
197422,0
294192,0
133164,0
33682,1
4,0
45487,0
11518,0
200935,1
174160,0
124727,0
185857,0
275342,0
119470,0
352447,0
163066,0
111256,0
332842,0
12033,0
87453,0
253286,0
97782,0
311058,0
214858,0
330371,0
163715,0
85165,0
138191,0
224693,0
28881,0
315999,0
281417,0
293479,0
355964,0
902,0
133465,0
336804,0
351358,0
82259,0
106475,0
224025,0
328050,0
288934,0
347186,0
321451,0
339181,0
343600,0
10959,0
94170,0
242872,0
332160,0
76703,0
146511,0
96276,0
245185,0
147458,0
11463,0
345321,0
99196,0
56325,0
381683,0
363454,0
357181,0
68768,0
5863,0
347185,0
252277,0
102419,0
107997,0
238965,0
206720,0
159510,0
318672,0
201729,0
130874,0
60394,0
290233,0
395238,0
58021,0
95753,0
102888,0
265944,0
356950,0
380462,0
183607,0
40597,0
149735,0
35340,0
259664,0
347673,0
351105,0
258877,0
205851,0
122847,0
290237,0
75909,0
157933,0
212973,0
164098,0
353138,0
198451,0
218489,0
12876,0
469,0
145598,0
84376,0
137974,0
119614,0
274688,0
238700,0
269168,0
144464,0
20825,0
123073,0
364557,0
43093,0
251052,0
385724,0
180233,0
45469,0
17294,0
48743,0
157253,0
136486,0
136652,0
333171,0
268445,0
353268,1
296051,0
39578,0
43245,0
11488,0
217067,0
33939,0
123491,0
145781,0
230925,0
83475,0
41240,0
222932,0
262850,0
295211,0
103684,0
240573,0
134715,0
278967,0
183057,0
181529,0
200707,0
348449,0
169996,0
253526,0
309018,0
387512,0
285994,0
24746,0
359849,0
349359,0
110622,0
37090,0
251439,0
24406,0
97770,0
256774,0
35550,0
241476,0
176898,0
28946,0
123278,0
114934,0
54026,0
364837,0
74965,0
199386,0
96129,0
181659,0
336036,0
261337,0
348472,0
139255,0
316125,0
230144,0
44559,0
362912,0
6429,0
150860,0
169194,0
121555,0
4054,0
243837,0
153821,0
218736,0
353362,0
223688,0
271933,0
304797,0
145569,0
149607,0
58254,0
23004,0
314375,0
220754,0
289795,0
282324,0
281033,0
355075,0
104262,0
201266,0
269092,0
360180,0
255174,0
326972,0
175829,0
82092,0
256455,0
361820,0
300866,0
295721,0
291611,0
340125,0
319138,0
192888,0
182793,0
90370,0
24906,0
234569,0
240098,0
230760,0
379677,0
207770,0
191511,0
375792,0
102958,0
182840,0
127802,0
361280,0
170989,0
113222,0
323182,0
363890,0
256900,0
209139,0
38183,0
11266,0
159698,0
380881,0
385755,1
347735,1
257778,0
161234,1
281488,0
57122,0
74560,1
393277,0
367715,0
173108,0
220027,0
81694,0
221982,0
105687,0
33382,0
202208,0
307778,0
63280,0
232868,0
353117,0
40786,0
223823,0
161008,0
170626,0
300387,0
60916,0
262199,0
393683,0
290165,0
61295,0
1647,0
365495,0
238976,0
158001,0
314769,0
116807,0
45385,0
182874,0
300834,0
317953,0
259096,0
23997,0
158214,0
394579,0
150523,0
62602,0
347170,0
13022,0
135693,0
216473,0
59722,0
68282,0
121763,0
59516,0
389715,0
225896,0
80789,0
229297,0
88677,0
58618,0
9213,0
73606,0
172404,0
56481,0
120950,0
40262,0
140506,0
191475,0
353725,0
28623,0
222260,0
93828,0
14328,0
91071,0
325174,0
293872,0
78909,0
180324,0
248967,0
156536,0
206627,0
94201,0
5097,0
182572,0
384200,0
259475,0
316044,0
276688,0
94348,0
384571,0
218402,0
286779,0
145596,1
35860,0
119052,0
149767,0
85312,0
298773,0
62527,0
290974,0
267683,0
247057,0
255830,0
80309,0
147456,0
381451,0
1975,0
265377,0
212976,0
12703,0
324835,0
249094,1
249433,0
173948,0
157751,0
218074,0
387376,0
21581,0
253728,0
316662,0
8567,0
63970,0
85989,0
85738,0
152987,0
247676,0
171215,0
204587,0
24574,0
16819,0
154493,0
154284,0
132483,0
310600,0
367985,0
159641,1
352872,0
359803,0
273451,0
256241,0
141989,0
197635,0
230110,0
149549,0
143027,0
241341,0
144689,0
182351,0
154418,0
153427,0
308502,0
324423,0
244269,0
360542,0
303833,1
299366,0
3686,0
138604,0
266706,0
234923,0
83316,0
381564,0
290925,0
67758,0
273189,0
395047,0
63091,0
159959,0
121310,0
221679,0
77119,0
281377,0
130292,0
321726,0
64268,0
250841,0
86094,0
57689,0
236041,0
210168,0
141563,0
226680,0
365758,0
310614,0
6281,0
383961,0
158063,0
323836,0
173272,0
91718,0
354600,0
92049,0
262577,0
293467,0
171261,0
376532,0
140093,0
318982,0
325138,0
338012,0
302377,0
386812,0
394260,0
308755,0
307005,0
199233,0
357836,0
241946,0
201075,0
44147,0
19278,0
88167,0
324425,0
30801,0
87201,0
106985,0
222169,0
110825,0
57058,0
168068,0
45765,0
221345,0
204173,0
204137,0
30594,0
83104,0
325321,0
15779,0
104887,0
333350,0
211105,0
80342,0
118317,0
35591,0
290998,0
101433,0
17669,0
388450,0
352795,0
17740,0
142604,0
173921,0
236015,0
222974,0
67028,0
122883,0
75518,0
165823,0
236476,0
202290,0
319387,0
197204,0
7254,0
129034,0
72604,0
342185,0
144682,0
312553,0
374253,0
24045,0
135432,0
108605,0
257494,0
265068,1
327528,0
254148,0
20959,0
118452,0
153726,0
365679,0
261637,0
335760,0
294131,0
265511,0
89423,0
72601,0
327436,0
118203,0
47367,0
216722,0
285453,0
60571,0
174357,0
129660,0
191086,0
40719,0
364089,0
299631,0
260662,0
343001,0
43656,0
190677,0
329073,0
243198,0
364163,0
218954,0
238795,0
80923,0
111655,0
6415,0
63320,0
213930,0
89675,0
333142,0
20238,0
317982,0
19886,0
259780,0
238709,0
394175,0
77343,0
15285,1
22463,0
269145,1
64604,0
12035,0
129604,0
332064,0
35425,0
57924,0
311462,0
160708,0
351131,0
124415,0
148408,0
97480,0
126463,0
33544,0
328049,0
277167,0
68651,0
69730,0
354013,0
155974,1
239570,0
144313,0
196483,0
96075,0
187470,0
272105,0
188226,0
356599,0
245086,0
257180,0
322895,0
248694,0
91583,0
211443,0
226841,0
24254,0
301634,1
392150,0
250533,0
76578,0
159517,0
100337,0
195530,0
395398,0
49857,0
392871,0
218185,0
90532,0
178542,0
23266,0
243192,1
378819,0
295588,0
204910,0
18235,0
114326,0
299510,0
311587,0
15274,0
252378,0
88505,0
246979,0
248280,0
244866,0
59038,0
294402,0
152243,1
167176,0
340124,0
170659,0
53768,0
218569,0
21178,1
108053,0
134605,0
124055,0
303153,0
126346,0
103512,0
334503,0
85007,0
18334,0
137932,0
342403,0
337042,0
347434,0
61090,0
12592,0
218807,0
81105,0
373235,0
186722,0
37272,0
115231,0
373365,0
67168,1
371872,0
111320,0
281809,0
94479,0
194125,0
354870,0
363465,0
196711,0
54459,0
276241,0
206276,0
344744,0
332565,0
50935,0
390799,0
329391,0
336457,0
108722,0
252560,0
153805,0
49148,0
313130,0
201168,0
182527,0
302371,0
160647,0
130987,0
252811,0
50237,0
256990,0
66478,0
301878,0
248197,1
13512,0
264913,0
173640,0
119686,0
185903,0
363413,0
378837,0
342853,0
52902,0
296220,0
360740,0
130758,0
173968,0
351173,0
220051,0
257925,0
117321,0
367463,0
49306,0
181590,0
353146,0
344976,0
157545,0
323820,0
115722,0
266075,0
390569,0
2827,0
87308,0
253118,0
210565,0
110381,0
131403,0
353260,0
373238,0
307069,0
302709,0
53943,0
118321,0
302908,0
288198,0
106780,0
239973,0
5856,0
226805,0
79944,0
80461,0
46957,0
171341,0
136558,1
193239,0
166397,0
390374,0
146178,0
182666,0
15005,0
239795,0
390687,1
359744,0
246093,0
337776,0
380262,0
275954,0
31198,0
374865,0
31585,0
300034,0
82231,0
377020,0
321701,0
166001,0
193889,0
240232,0
24705,0
123268,0
172636,0
211925,0
224632,0
145775,0
77367,0
319298,0
233202,0
303494,0
276314,0
371206,0
107274,0
203241,0
46611,0
143811,0
326170,0
292364,0
193234,0
366733,0
100905,0
86004,0
311906,0
303685,0
354235,0
11686,0
98074,0
312939,0
383240,0
35482,0
2538,0
244556,0
346988,1
155369,0
275958,0
99188,0
29169,0
127834,0
278802,0
208754,0
11431,0
321553,0
49650,0
295113,0
102379,0
222023,0
302022,1
152214,0
169754,0
296347,0
33065,0
84472,0
67667,0
48961,0
375201,0
186154,0
314068,0
146854,0
273484,0
124200,0
279992,0
299846,0
152458,0
293526,0
104127,0
306561,0
103931,0
228484,0
309958,0
33886,0
6665,0
378079,0
243595,0
265061,0
176543,0
45816,0
144673,0
221031,0
122092,0
275964,0
240740,0
87688,0
270349,0
102804,0
114159,0
193475,0
155144,0
316518,0
129415,0
148415,0
159719,0
339805,0
48431,0
73949,1
246890,0
238405,0
163918,0
149000,0
8393,0
12017,0
81343,0
337499,0
371247,0
48167,0
378616,0
86127,0
93444,0
23390,0
171952,0
203055,0
274321,0
290677,0
305924,0
146754,0
321116,0
114061,0
178056,0
244346,0
335823,0
327232,0
122545,0
346202,0
117309,0
183141,0
209526,0
318690,0
57937,0
332122,0
80967,0
343803,0
277170,0
54453,0
378585,0
339404,0
5645,0
200982,0
346020,0
11842,0
85252,0
231420,0
34454,0
348908,0
282815,0
79691,0
280545,0
187807,0
215860,0
252462,0
319026,0
340346,0
214176,1
8564,0
320599,0
227524,0
4470,0
68816,0
149001,0
309811,0
186108,0
388957,0
206585,0
393623,0
210859,0
395220,0
199131,0
17521,0
136099,0
224801,0
359345,0
257522,0
350119,0
352881,0
286635,0
62298,0
196114,0
371102,0
78189,0
67788,0
9585,0
125399,0
91245,0
318577,0
320380,0
312659,0
127259,0
369935,0
365462,0
341903,0
198193,0
137226,0
98518,0
61996,0
217215,0
240213,0
224806,0
145225,0
122809,0
60358,0
222316,0
104917,0
108744,0
99597,1
140815,0
384692,0
288991,0
137333,0
36941,0
239648,0
82635,0
361726,0
297975,0
150019,0
389712,0
335648,0
183977,0
75795,0
220657,0
156351,0
109655,0
121744,0
171933,0
321368,0
100341,0
196077,0
170435,0
375268,0
385920,0
68967,0
202320,0
301849,0
198856,0
270015,0
267153,0
92567,0
237863,0
92079,0
219693,0
10283,0
355220,0
13758,0
207309,0
363612,0
266459,0
276574,0
159299,0
394580,0
58224,0
380930,0
252061,0
133453,0
183990,0
142602,0
260191,0
1808,0
19684,0
263994,0
138743,0
353178,0
191831,0
186594,0
237501,0
294584,0
152997,0
198061,0
312779,0
69354,0
165333,1
220979,0
19578,0
358761,0
144411,0
90548,0
21928,0
389901,0
317403,0
239661,0
211724,0
230494,0
327363,0
395353,0
90598,0
328375,0
252031,1
340108,0
346855,0
140939,0
244652,0
211866,0
28430,0
280183,0
228691,0
348028,0
6331,0
306989,0
82720,0
289916,0
33230,0
331388,0
378845,0
260554,0
329847,0
173427,0
367815,0
103010,0
69259,1
193091,0
50169,0
30761,0
169644,0
363360,1
212688,0
342580,0
82198,0
139922,0
325029,0
252485,0
266894,0
34742,0
336410,0
361613,0
387445,0
92303,0
349177,0
39075,0
16912,0
102632,0
369231,0
318429,0
351708,0
222803,0
291396,0
357508,0
364724,0
3475,0
385230,0
18463,0
100132,1
125483,0
176357,0
84531,0
187730,0
18570,0
6839,0
7217,0
52809,0
111505,0
4791,0
341929,0
6341,0
235756,0
309346,0
364053,0
81578,0
324027,0
32839,0
384674,0
22652,0
184278,0
305651,0
286138,0
135959,0
372165,0
377789,0
61137,0
367093,0
233381,0
186138,0
101487,0
49739,0
115031,0
248037,0
284555,0
36035,0
304174,0
23987,0
149981,0
173117,0
388962,1
321051,0
3732,0
195897,0
253098,0
140122,0
277900,0
191102,0
388806,0
221826,0
104289,0
274426,0
92974,0
187582,0
6746,0
119520,0
204113,1
243203,0
135065,0
8430,0
210088,0
281797,0
314028,0
332675,0
263880,0
163472,1
362240,0
98749,0
159935,0
339614,0
330193,0
317595,0
316679,0
11175,0
125375,0
60684,0
137874,0
240084,0
29040,0
35540,0
304564,0
271391,0
293628,1
270697,0
365310,0
165122,0
206138,0
166441,0
261940,0
342565,0
76857,0
209240,0
266582,0
155045,0
115939,0
367848,0
379348,0
123284,0
283562,0
341220,1
340544,0
161985,0
376796,0
136157,0
211071,0
73348,0
47669,0
307233,0
257277,0
37440,0
288591,0
47553,0
23351,0
31523,0
213053,0
301233,0
8724,0
4742,0
90668,0
157330,0
123355,0
286992,0
66200,0
262587,0
131999,0
94761,0
104497,0
197013,0
178593,0
159930,0
266319,0
164113,0
82366,0
202624,0
363449,0
55920,0
238494,0
155282,0
269891,0
71421,0
311936,0
337482,0
121793,0
204129,0
375717,0
364876,0
337897,0
233120,0
363380,0
113468,0
85441,0
201571,0
155939,0
28398,0
330053,0
114967,0
246632,0
225714,0
389112,0
375552,0
301162,0
370352,0
100724,0
145413,1
76286,0
285426,0
228148,0
23885,0
137041,0
334563,0
360556,0
76948,0
193464,0
161418,0
147077,0
284089,0
216548,0
28013,0
28051,0
370672,0
217285,0
115517,0
71015,0
392293,0
228301,0
280047,0
392385,0
189315,0
241748,0
241615,0
218867,0
188944,0
204702,0
313448,0
243246,0
304967,0
79406,0
163834,0
338731,0
37776,0
373091,0
377073,0
41146,0
343493,0
93575,0
377503,0
362743,0
319846,0
356032,0
47681,0
183094,0
83486,0
200159,0
133848,0
73765,0
352703,0
336484,0
284400,0
50424,0
316890,0
221984,0
54836,0
295138,0
114975,0
352548,0
236206,0
236482,0
246428,0
29287,0
34209,0
357860,0
279630,0
69605,0
334406,0
278280,0
304246,0
275304,0
228225,0
329228,0
23984,0
377520,0
75880,1
9903,0
357124,0
167022,0
128970,0
366217,0
389648,0
248067,0
313444,0
299384,0
109586,0
302343,0
168800,0
1253,0
191952,0
90431,0
229476,0
16556,0
298101,0
177830,0
51709,0
187241,0
234716,0
243894,0
12031,0
211675,0
299173,0
360019,0
284937,0
342302,0
119201,0
6108,0
254315,0
128356,0
95436,0
276091,0
31130,0
273545,1
113069,0
293902,0
317014,0
148727,0
99180,0
151346,0
77968,0
98610,0
73817,0
117288,0
31146,0
104442,0
116356,0
24543,0
380910,0
336018,0
309498,0
257510,0
218004,0
259864,0
194509,0
159998,0
105238,0
270377,0
313108,0
338354,0
29276,0
459,0
185034,0
298511,0
337496,0
369649,0
59268,0
250980,0
216943,0
141302,0
173178,0
43947,0
258895,0
307031,0
374503,0
169325,0
171239,0
353522,0
304840,0
27108,0
215549,0
84851,0
28789,0
306698,0
368079,0
1479,0
81869,0
153464,0
146225,0
310439,0
186740,0
393790,0
79160,0
258302,0
318409,0
109096,0
255810,0
353742,0
78997,0
100377,0
343297,0
185144,0
310101,0
291270,0
255621,0
344595,0
394919,0
120096,0
15095,0
160667,0
1842,0
376676,0
204584,0
252368,0
106511,0
22986,0
292078,0
376645,0
374373,0
27248,0
273113,0
307286,0
370115,0
98621,0
367982,0
116785,0
351884,0
339142,0
209866,0
247354,1
312476,0
36121,0
374234,0
328148,0
345740,0
129601,0
94660,0
101010,0
208177,0
394515,0
389163,0
301641,0
393459,0
294497,0
88289,0
327219,0
266004,0
386492,0
378593,0
252742,0
232612,0
362739,0
55360,0
203347,0
243684,0
257409,0
221646,0
275518,0
45662,0
87560,0
331764,0
104752,0
137906,0
220191,0
266347,0
224185,0
131081,0
76328,0
222361,0
131563,0
319380,0
45845,0
356468,0
259219,0
272592,0
240934,0
82767,0
287108,0
199220,0
112408,0
39437,0
315745,0
50023,0
101108,0
160722,0
205651,0
24684,0
280301,0
137781,0
275307,0
163217,0
196162,0
94052,0
30738,0
360012,0
301281,0
79512,0
353678,0
138141,0
289635,0
218310,0
179682,0
222087,0
331548,0
297753,0
257052,0
259012,0
363359,0
114945,0
389052,0
80098,0
249644,0
200552,0
107101,0
254863,0
4255,0
335042,0
240210,0
383445,0
344502,0
170716,0
160836,0
1231,0
215446,0
85775,0
122326,0
326206,0
162614,0
174692,0
171578,0
7741,0
20191,0
19537,0
227881,0
210508,0
141532,0
245910,0
51158,0
268251,0
92629,0
150989,0
337613,0
300200,0
356870,0
60253,0
94789,0
372244,0
369445,0
26829,0
14538,0
120247,0
24072,0
66630,0
5680,0
379127,0
185425,0
26947,0
57931,0
234127,0
356355,0
246184,0
263134,0
236591,0
352153,0
174271,0
259710,0
344820,0
391489,0
132575,0
338123,0
296115,0
265529,0
49182,0
366266,0
331213,0
381429,0
263621,0
118163,0
87181,0
338567,0
14372,0
216920,0
211791,0
355563,0
38767,0
303267,0
328103,0
296128,0
372951,0
9990,0
86703,0
214107,0
193823,0
44987,0
357033,0
191382,0
151748,0
380103,0
155470,0
291498,0
242107,0
50725,1
142137,0
134425,0
351741,0
222381,0
54603,0
95445,0
266524,0
171008,0
387759,0
149445,0
82355,0
219406,0
132583,0
212099,0
20742,0
385791,0
357974,0
157967,0
155083,0
34364,0
246411,0
106584,0
345689,0
217810,0
292346,0
359028,0
177575,0
262066,0
266387,0
386596,0
270213,0
384066,0
147631,0
151769,0
261204,0
35699,0
65932,0
217421,0
254736,0
69305,0
155004,0
14713,0
155363,0
379106,0
335371,0
270919,0
246853,0
347713,0
381173,1
116526,0
131172,0
136701,0
345625,0
226050,0
248010,0
55976,0
212047,0
105427,0
198722,0
217368,0
161531,0
378658,0
383602,0
283863,0
385257,0
349113,0
152747,0
34152,0
66414,0
335418,0
110059,1
356901,0
198964,0
303004,0
71023,0
129551,0
294207,0
39706,0
202954,0
383333,0
146570,0
252606,0
338610,0
304600,0
24471,0
174679,0
56873,0
156726,0
135497,0
92038,0
376341,0
27670,0
172724,0
355953,0
143112,0
387431,0
260371,0
304828,0
82839,0
135750,0
299078,0
133966,0
196895,0
371776,0
88191,0
307486,0
80755,0
279274,0
178448,0
122406,0
293657,0
170839,0
64082,0
359576,0
156715,0
215204,0
105152,0
112146,0
370189,0
54955,0
256653,0
67901,0
121884,0
264053,0
202244,0
215989,0
299688,0
204980,0
228613,0
343679,0
362592,0
321939,1
115265,0
331487,0
26339,0
320161,0
394689,0
261358,0
71124,0
186457,0
24037,0
236977,0
133376,0
296522,0
308167,0
327989,0
261464,0
161904,0
334678,0
312693,0
41641,0
270290,0
275529,0
202031,0
248957,0
29776,0
231187,0
179076,0
278168,0
382672,0
87329,0
38252,0
247397,0
264470,1
22701,0
149186,0
3680,0
123991,0
16132,0
188605,0
246633,0
233484,0
14645,0
58417,0
212164,0
75578,0
207157,0
145777,0
321871,0
200119,0
266950,0
244000,0
247236,0
174871,0
265387,0
287093,0
383156,0
205093,0
117464,0
359471,0
313995,0
258440,0
252564,0
328080,0
11278,0
251740,0
227985,0
316179,0
290830,0
201771,0
2198,0
350466,0
106159,0
227598,0
267537,0
42558,0
141346,0
215053,0
214252,0
114622,0
282714,0
31189,0
183291,0
3698,0
1680,0
282062,0
186663,0
229494,0
16029,0
100020,0
344078,0
61416,0
114272,0
151063,0
86403,0
363963,0
267358,0
320680,0
137873,0
48263,0
154331,0
318143,0
392944,0
376030,0
226700,0
95220,0
87953,0
188817,0
158137,0
57826,0
98879,0
96866,0
43091,0
123337,0
233563,0
37226,0
2181,0
339200,0
242939,0
215463,0
57299,0
64312,0
173163,0
308057,0
354968,0
360633,0
371182,0
108041,0
383525,0
243122,0
202289,0
58586,0
287816,0
300220,0
53816,0
274498,0
29280,0
219151,0
328890,0
224505,0
385262,0
68293,1
332663,0
248279,0
281775,1
293700,0
29528,0
31694,0
377014,0
191648,0
178531,0
276959,0
51233,0
316185,0
143427,0
376390,0
29582,0
341723,0
296026,0
243793,0
381408,0
309029,0
308277,0
182000,0
138582,0
176142,0
250346,1
301967,0
343924,0
249052,0
395060,0
35969,0
383236,1
260790,0
132870,0
312371,0
281529,0
262604,0
314444,0
218188,0
44554,0
101738,0
329962,0
338762,0
215608,0
94855,0
253896,0
94787,0
188071,0
50220,0
89398,0
175997,0
61372,0
135692,0
95723,0
13715,0
360583,0
363398,0
324661,0
373148,0
213236,0
301094,0
338059,0
51392,0
17458,0
91945,0
34328,0
63987,0
305218,0
237901,0
41117,0
254714,0
100756,0
11344,0
356224,0
141633,0
287067,0
378638,0
55623,0
88109,0
209248,0
110749,0
115716,0
88030,0
285803,0
212715,0
355233,0
166891,0
53148,0
182765,0
268736,0
75288,0
320710,0
217748,0
185302,0
86856,0
70767,0
103022,0
376206,0
198604,0
202974,0
74885,0
11885,0
85866,0
94390,0
277226,0
175202,0
38422,0
229191,0
212072,0
224458,0
215489,0
93389,0
284650,0
246850,0
157301,0
56888,0
52194,0
51570,0
72656,0
248134,0
166935,0
363477,0
114166,0
219241,0
106680,0
179369,0
271911,0
251364,1
335094,0
295825,0
381259,0
366520,0
346296,0
250143,0
94216,0
190598,0
260966,1
14303,0
198551,0
313351,0
327255,0
116248,0
387050,0
261695,0
263202,0
251085,0
360984,0
63175,0
331705,0
332618,0
45963,0
184020,0
245623,1
245434,0
14194,0
387919,0
288103,0
364611,0
273390,0
91130,0
351235,1
162231,0
14591,0
159834,0
376558,0
331353,0
1328,0
369271,0
223747,0
244734,0
32347,0
192131,0
183432,0
214888,0
187308,0
74066,0
87563,0
162720,0
345553,0
52848,0
5374,0
347183,0
71947,0
381826,0
291481,0
145656,0
341828,1
317402,0
232937,0
155429,0
194594,0
265083,0
234761,0
156304,0
159274,0
311305,0
369629,0
236359,0
18270,0
305756,0
282787,0
20726,0
214766,0
4492,0
30363,0
343418,0
345782,0
28163,1
141206,0
262679,0
250360,0
383001,0
389853,0
393313,0
394353,0
12984,0
355536,0
256193,0
61865,0
228186,0
56617,0
311343,1
64212,0
49718,0
140157,0
351706,0
342487,0
138822,0
205453,0
216455,0
160033,0
262374,0
38405,0
384861,0
279574,0
266805,0
163621,0
185984,0
213065,0
341075,0
66276,0
155236,0
301059,0
107882,1
175091,0
326322,0
119266,0
142945,0
162410,0
362913,0
247418,0
4156,0
66352,0
232784,0
207678,0
359343,0
120952,0
298711,0
199730,0
91841,0
122805,0
17526,0
344038,0
118271,0
375958,0
40295,0
142897,0
36241,0
329067,0
306704,1
342104,0
351143,0
150773,0
264556,0
388117,0
369403,0
79212,0
82451,0
258568,0
216018,0
259757,0
179002,0
59308,0
118586,0
283902,0
5013,0
46104,0
127377,0
177535,0
110360,0
298259,0
231072,0
298400,0
307698,0
254039,0
352882,0
211061,0
367875,0
270382,0
193718,0
47235,0
291920,0
371770,0
215699,0
368153,0
315083,0
54173,0
142925,0
239242,0
227853,0
219451,0
8820,0
6187,0
205444,0
131805,0
378691,0
388293,0
336027,0
380532,0
334885,0
214282,0
374499,0
349829,0
82173,0
113001,0
176844,0
231791,0
242816,0
174470,0
62217,0
163030,0
349818,0
75269,0
372336,0
284559,0
292946,0
232495,0
378622,0
137848,1
110952,0
71429,0
108058,0
292591,0
291313,0
48987,0
101719,0
115443,1
89914,0
318983,0
219963,0
351397,0
253970,0
10367,0
342731,0
160459,0
40822,0
23398,1
228975,0
258733,0
16068,0
15021,0
358575,0
337962,0
57842,0
279051,0
5486,0
360057,0
222958,0
165236,0
151954,0
133553,0
300497,0
68284,0
39896,0
326309,0
308148,0
47284,0
357434,0
306792,0
52791,0
207828,0
361287,0
332242,0
57429,0
256802,0
121217,0
223066,0
96872,0
196177,0
156384,0
56210,0
266831,0
147056,0
127463,1
101902,0
42522,0
148846,0
250572,0
37835,0
35152,0
57800,0
109465,0
368881,0
8450,0
346153,0
221869,0
157910,0
206400,0
378826,0
136812,0
378820,0
141685,0
145053,0
44298,0
346657,0
168649,0
232223,0
164380,0
87182,0
342008,0
222668,0
166804,0
4825,0
84588,0
207127,0
61384,0
235070,0
37479,0
52589,0
148643,0
331643,0
232000,0
78699,0
272697,0
306732,0
121006,0
147978,0
229554,0
294084,0
20988,0
84235,0
144456,0
187908,0
55592,0
217859,0
323326,0
335725,0
244464,0
289133,0
28698,0
192227,0
252933,0
301389,0
377477,0
2481,0
85678,0
333629,0
143376,0
272004,0
214445,0
137014,0
120157,0
65625,0
205889,0
226295,0
315176,0
158699,0
243631,0
326815,0
308369,0
191295,1
3032,0
204944,0
173328,0
112016,0
2530,0
7779,0
371819,0
164499,0
222604,0
233280,0
209652,0
163491,0
347055,0
370418,0
342847,0
275911,0
169534,0
75843,0
85326,0
391324,0
305490,0
60029,0
386960,0
234464,0
2853,0
103188,0
269058,0
243268,0
21841,0
48336,0
170384,0
281080,0
116414,0
213214,0
319937,0
207439,0
391104,0
277738,0
66701,0
209955,0
380323,0
376011,0
80384,0
182946,0
357137,0
1778,0
276493,0
286030,0
382261,0
242988,0
343933,0
284752,0
19060,0
103827,0
5384,0
230523,0
310422,0
134959,0
313702,0
153061,0
290840,0
346279,0
215247,0
234373,0
309597,0
111045,0
198987,0
56700,0
198059,0
272913,0
213773,0
46683,0
246681,0
389704,0
228224,0
248433,0
311568,0
287911,0
3856,0
308135,0
338820,0
343158,0
384486,0
14219,0
110468,0
14139,0
199462,0
128844,0
234165,0
90392,0
378176,0
183621,0
133077,0
212789,0
179291,0
281137,0
265990,0
280582,0
219691,0
129420,0
36749,0
212332,0
67588,0
93168,0
275269,0
170982,0
168637,0
352249,0
115681,0
121871,0
332781,0
34898,0
213452,0
304876,0
96457,0
386142,0
334409,0
242696,0
49039,0
379847,0
350780,0
13678,0
340815,0
375179,0
174238,0
386360,0
23444,0
197137,0
556,0
284443,0
88990,0
230511,0
73764,0
349795,0
205407,0
382096,0
361306,0
354601,0
279722,0
212112,0
132078,0
41505,0
37889,0
373029,0
380114,0
249602,0
115210,0
255103,0
270080,0
156958,0
338167,0
277073,0
194161,0
81357,0
22696,0
256136,0
372577,0
167744,1
226085,0
368840,0
63610,0
125032,0
226107,0
38845,0
41260,0
7936,0
195787,0
300418,0
361128,0
171362,0
290807,0
66098,0
61630,0
141573,0
36690,0
26330,0
357597,0
211003,0
378726,0
387858,0
383036,0
172051,0
81801,0
348644,0
116951,0
252938,0
42616,0
73209,0
272392,0
30437,0
229335,0
358132,0
194535,0
124612,0
41000,0
357078,0
150150,0
247286,0
34873,0
83564,0
295792,0
215838,0
242127,0
373288,0
192396,0
368418,0
306927,0
201851,0
278237,0
117186,0
314371,0
174703,0
12675,0
227743,0
247633,0
200456,0
77256,0
140498,0
167055,0
199977,0
365956,0
174831,0
374548,0
41965,0
373417,0
392103,0
33654,0
261152,0
53701,0
300539,0
275446,0
298223,0
237674,0
358737,0
199297,0
193626,0
163293,0
36054,0
155467,0
351989,0
303595,0
142757,0
255723,0
276510,0
210661,0
388355,0
35331,0
245490,0
213550,0
354561,0
205375,0
133466,0
208187,0
59640,0
208676,0
307785,0
259675,0
292338,0
17256,0
242385,0
201236,0
275196,0
288810,0
264943,0
165943,0
154924,0
156985,0
149843,0
327381,1
373949,1
367877,0
108415,0
242392,0
47112,0
65228,0
65582,0
125638,0
292294,0
255822,0
288854,0
229093,0
14376,0
177288,0
268960,0
273156,0
53065,0
61423,0
141473,0
277269,0
231678,0
361542,0
163276,0
160272,0
77950,0
346506,0
136562,0
90962,0
370669,0
320530,0
171145,0
153003,0
342796,0
254631,0
264467,0
168645,0
101261,0
137551,0
256267,0
369999,0
53322,1
9282,0
341141,0
199290,0
297379,0
262516,0
133326,0
281621,0
336274,0
206269,0
11443,0
9300,0
149712,0
202365,0
178543,0
88743,0
32581,0
19748,0
357034,0
146578,0
30479,0
160793,1
282338,0
277496,0
24286,0
59085,0
173971,0
36171,0
126288,0
27796,0
274123,0
19470,0
156831,0
68825,0
380712,0
139057,0
208244,0
103279,0
6601,0
222205,0
286795,0
35442,0
288693,0
70587,0
10678,0
305075,0
196520,1
21067,0
25237,0
340558,0
16766,0
118541,0
262750,0
274949,0
44567,0
321975,1
237862,0
336905,0
340394,0
316600,0
250606,0
350961,0
382160,0
178512,0
7363,0
208143,0
257826,0
45352,0
35005,0
241939,0
76516,0
391656,0
29807,0
175115,0
40457,0
50552,0
43617,0
125011,0
142301,0
1482,0
62735,0
73194,0
138551,0
12353,0
270818,0
73772,0
16180,0
154601,0
90954,0
62023,0
151688,0
375312,0
274831,1
268518,0
300729,0
388397,0
342807,0
34279,0
142518,0
73306,0
296022,0
101324,0
205118,0
193990,0
44685,0
339607,0
360090,0
349052,0
177385,0
137491,0
20930,0
389456,0
296840,0
333662,0
194155,0
177952,0
49056,0
34808,0
332078,0
143308,0
357969,0
240404,0
375543,0
346081,0
153319,0
29122,0
387175,0
44779,0
277672,0
393553,0
395470,0
35527,0
322372,0
181758,0
225731,0
302573,0
203665,0
379705,0
61791,1
76800,0
215488,0
77919,0
336515,0
387504,1
79390,0
251181,0
350654,0
374308,0
369680,0
75018,0
295283,0
104659,0
262685,0
142309,0
105975,0
218498,0
81055,0
330522,0
4547,0
121203,0
261285,0
123683,0
373720,0
165182,0
253317,0
368794,0
12243,0
125272,0
145725,0
272108,0
334174,0
356644,0
182029,0
370513,0
7302,0
333170,0
289715,0
376474,0
88596,0
198557,0
89228,0
71381,0
249140,0
377043,0
146796,0
100475,0
275554,0
183864,0
349240,0
148648,0
335656,0
20303,0
7841,0
231098,0
239397,0
71504,0
67535,0
64716,0
48069,0
297730,0
353437,0
219687,0
26795,0
72652,0
166329,0
55204,0
283593,0
79612,0
44022,0
45354,0
99696,0
299275,0
77742,0
390168,0
313841,0
26280,0
327962,0
291279,0
42912,0
45875,0
242580,0
300946,0
236704,0
96195,0
366543,0
133689,0
308270,0
378461,0
375260,0
277134,0
328875,0
121913,0
262046,0
41930,0
87614,0
238871,0
239088,0
39547,0
369927,0
95944,0
342642,0
17791,0
15073,0
283153,0
245189,0
239142,0
136896,0
271765,0
320422,0
278571,0
355479,0
354475,0
286196,0
128671,0
200197,0
388094,0
228602,0
350085,0
307858,0
319208,0
303252,0
100960,0
37896,0
212642,0
151222,0
354018,0
273516,0
186026,0
200062,0
256082,0
225438,0
356967,0
174938,0
80559,1
202056,0
179819,0
26075,0
388398,0
377986,0
110928,0
146342,0
157635,0
63273,0
226561,0
69161,0
369099,0
211476,0
274892,0
222066,0
122262,0
295125,0
177551,0
355114,0
355419,0
15458,0
208294,0
133089,0
112893,0
259655,0
209758,0
25285,0
157325,0
137845,0
341561,0
165478,0
163119,0
172120,0
75783,0
247218,0
302726,0
5563,0
236256,0
267001,0
249444,0
150764,0
85794,0
215318,0
100894,0
365248,0
71241,0
277138,0
31301,0
161141,0
236014,0
216432,0
251533,0
200750,0
81286,0
190486,0
363679,0
99705,0
105938,0
375025,0
8237,0
49484,0
304268,0
231808,0
80312,0
291834,0
273427,0
80947,0
345418,1
216163,0
350783,0
125858,0
177534,0
29925,0
360909,0
68010,0
30957,0
555,0
274344,0
299109,0
63183,0
281603,0
294551,0
196696,0
26551,0
366025,0
105018,0
345496,0
194733,0
234864,0
199121,0
257434,0
334353,0
135541,0
177855,0
172265,0
30603,0
331401,0
345152,0
139405,0
279685,0
387769,0
304039,0
238578,0
303549,0
395508,0
31283,0
169626,0
372419,0
390936,0
148480,0
10956,0
354248,0
221693,0
352745,0
331677,0
244389,0
253020,0
16170,0
348301,0
293168,0
370497,0
343492,0
176757,0
276213,0
263758,0
251990,0
283802,0
163747,0
327450,0
257711,0
335423,0
256668,0
90112,0
320910,0
263428,0
108389,0
13180,0
301537,0
186184,1
366767,0
71542,0
310760,0
377172,0
322988,0
272810,0
223562,0
51759,0
344337,0
87927,0
377494,0
299892,0
20518,0
146897,0
150066,0
224583,0
308309,0
15135,0
199129,0
355011,0
344974,0
223978,0
290713,0
4418,0
42977,0
49981,0
67823,0
321117,0
72308,0
208884,0
264767,0
238448,0
20198,0
157464,1
64535,0
326340,0
27557,0
250045,0
91861,0
374721,0
38077,0
353071,0
337731,0
284598,0
326088,0
194564,0
265891,1
136647,0
28638,0
153530,0
3583,0
308704,0
226122,0
361109,0
78702,0
175009,0
395887,0
360699,0
47457,0
244402,0
138433,0
171062,0
142977,0
90307,0
357348,0
248932,0
297707,0
73766,0
288937,0
7262,0
172872,0
367909,0
345179,0
222352,0
319717,0
185668,0
292886,0
294107,0
64471,0
252165,0
158248,0
224354,0
32607,0
306348,0
371614,0
34891,0
176947,0
264336,0
118808,0
185646,0
315925,0
383397,0
375736,0
319290,0
151656,0
105491,0
191258,0
272664,0
62531,0
349882,0
174431,0
169286,0
238821,0
172967,0
19028,0
20059,0
220407,1
163117,0
156438,0
105830,0
182703,0
293470,0
343484,0
12482,0
143289,0
349915,0
35249,0
361163,0
73032,0
55973,0
180501,0
217250,0
199463,0
341175,0
300246,0
288442,0
3039,0
11751,0
337383,1
375638,0
170809,0
44736,0
166497,0
98821,0
36074,0
291300,0
337401,0
272480,0
170956,0
84374,0
38976,0
297100,0
227156,0
202180,0
25214,0
287424,0
214791,0
387079,0
190752,0
338350,1
77603,0
68364,0
283396,0
340569,0
14097,0
194262,0
233834,0
301298,0
163627,0
60102,0
309972,0
320613,0
158348,1
161354,0
296449,1
247611,0
171483,0
124961,0
292016,0
169948,0
32916,0
179933,0
68249,0
35254,0
374229,0
377607,0
280098,1
165934,0
133415,0
185110,0
170974,0
207064,0
184897,0
293027,0
139641,0
228661,0
270656,1
297488,0
332624,0
120914,0
107834,0
382864,0
175297,0
376113,0
143944,0
80412,0
180563,1
240853,0
261270,0
296871,0
31475,0
227771,0
256800,0
53562,0
66931,1
358210,0
104884,0
55021,0
63082,0
352998,0
14607,0
328552,1
88044,0
207663,0
300898,0
172361,0
229609,0
287239,0
38617,0
52967,0
34643,0
25132,0
96995,0
157795,0
83265,1
174319,0
293058,0
365513,0
183066,0
13815,0
30239,0
171241,0
94943,0
317668,0
222919,0
458,0
111584,0
247265,0
160935,0
243879,0
83258,0
334652,0
213938,0
217276,0
302223,0
316614,0
258502,0
303014,0
328520,0
192949,0
272788,0
62744,0
128723,0
153569,0
340845,0
282637,0
366535,0
176501,0
195739,0
38214,0
94516,0
186651,0
111065,0
179878,0
65418,0
130091,0
313216,0
314051,0
38551,0
301107,0
7001,0
106791,0
240525,0
299897,0
388280,0
374927,0
381957,0
311940,0
172205,0
203438,0
395725,0
185090,0
68298,0
134161,0
315988,0
224917,0
51244,0
110627,0
90119,0
293149,0
338095,0
45392,0
311872,0
221623,1
17477,0
393522,0
142971,0
325516,0
61365,0
359558,0
144079,0
368379,1
74235,0
253938,0
17085,0
177008,0
220176,0
97001,0
40914,0
337144,0
11831,0
104895,0
374325,0
296105,0
217793,0
157746,0
213242,0
326341,0
147827,0
104429,0
8404,1
36285,0
97107,0
37499,0
291488,0
141510,0
19647,0
362489,0
281893,0
43586,0
104565,0
338550,0
71391,0
369111,0
35488,0
203182,0
162364,0
328556,0
189352,0
19685,0
183895,0
273851,1
297713,0
374033,0
352724,0
84942,0
343333,0
168982,0
13013,0
9632,0
264727,0
208065,0
228570,0
321490,0
376843,0
210135,0
349139,0
352233,0
183911,0
390019,0
217663,0
377315,0
234987,0
298375,0
392478,0
191055,0
209039,0
269153,0
130106,0
174639,0
62680,0
337005,0
320544,0
2888,0
279523,0
381353,1
52734,0
362238,0
306304,0
47196,0
71328,0
349788,0
3323,0
294623,0
311516,0
53665,0
274004,0
80293,1
304804,0
112994,0
254141,0
34055,0
155930,0
137467,0
209066,0
372266,0
366145,0
343160,0
229177,0
366152,0
265571,0
306598,0
189339,0
252006,0
201774,0
260541,0
347486,0
265707,0
82926,0
317907,0
348560,0
238042,0
284985,0
22810,0
50119,0
361743,0
158366,0
288185,0
21209,0
230883,0
41434,0
265572,0
20820,0
279124,0
6052,0
232980,0
379525,0
298126,0
344736,0
41707,0
43854,0
231632,0
212823,0
269776,0
144425,0
389573,0
166426,0
82711,0
57677,0
379412,0
150141,0
309063,0
378152,0
137159,0
226625,0
208778,0
16121,0
268890,0
168293,0
183696,0
42446,0
136020,0
89878,0
68508,0
27367,0
211908,1
267252,0
59839,0
364210,0
292590,0
66257,0
282631,0
299820,0
8235,0
238161,0
196274,0
116755,0
180033,0
93187,0
133988,0
380009,0
163132,0
213165,1
212249,0
162688,0
99789,0
323792,0
341693,0
171956,0
58196,0
142720,0
116315,0
191842,0
204303,1
175667,0
305580,0
219991,0
283694,0
304604,0
234440,0
93414,0
264935,0
313437,0
75830,0
312361,0
32399,0
111613,0
5275,0
94772,1
87054,0
287373,0
202178,0
46209,0
124531,0
211287,0
248388,0
169976,0
123739,0
128014,0
112177,0
49191,0
204178,0
159857,0
395478,0
119596,0
38858,0
71402,0
365292,0
20541,0
363426,0
99496,0
57395,0
230472,0
384633,0
153975,0
372504,0
185319,0
190040,0
303452,0
171327,0
88117,0
84762,0
274326,0
32384,0
176280,0
61507,0
221514,0
304117,0
281266,1
256444,0
12586,0
84718,0
43615,0
216884,0
62998,0
161231,0
269638,0
52692,0
293840,0
124861,0
362778,0
36950,0
280159,0
183347,0
217606,0
376389,0
233904,0
358067,0
36287,0
55674,0
368933,0
146254,0
374670,0
267028,0
92452,0
228880,0
259216,0
360616,0
361874,0
312224,0
362644,0
198105,0
294439,0
215686,0
219539,0
394452,0
278235,0
369696,0
196856,0
138673,0
296363,0
252595,0
235247,0
300447,0
155067,0
369886,0
301730,0
3341,0
360549,0
370808,0
226208,0
336657,0
218135,0
35297,0
123289,0
343922,0
154177,0
136402,0
283632,0
274466,0
375143,0
244533,0
217320,0
64927,0
282160,0
265047,0
279650,0
95823,0
170374,0
366682,0
149265,0
184563,0
378872,0
300875,0
101393,0
126585,0
147007,0
2170,1
301394,0
169370,0
267515,0
52822,0
117777,0
317824,0
36216,0
145344,0
219132,0
268235,0
74836,0
338324,0
120432,0
395417,0
88661,0
245533,0
114729,0
213668,0
2850,0
153510,0
281294,0
137366,0
4098,0
123116,0
233408,0
72504,0
287316,0
140977,0
69401,0
211816,0
86696,0
25001,0
103646,0
8761,0
287496,0
17550,0
194006,1
388074,0
306406,0
27995,0
331130,0
278717,0
259033,0
215048,0
268986,0
129569,0
292951,0
150700,0
133655,0
118505,0
9736,0
171637,0
115267,0
59231,0
216627,0
91623,0
27832,0
273315,0
282052,0
234809,0
238473,0
176321,0
101403,0
314841,0
39320,1
377784,0
2698,0
189078,0
85908,0
326173,0
368757,0
66239,0
168238,0
276096,0
120261,0
157151,0
318383,0
255285,0
331741,0
257076,0
49532,0
310541,0
113799,0
76537,0
356335,0
212652,0
21253,0
182963,0
392567,0
266207,0
24834,0
241537,0
124732,0
286359,0
176865,0
77530,0
210699,0
359787,0
22657,0
117384,0
368074,1
271323,0
258778,1
74970,0
206108,1
93902,0
160887,0
356021,0
275770,0
256443,0
311523,0
365905,0
308820,0
189896,0
235661,0
357185,0
59792,0
91184,0
223323,0
206201,0
390838,0
330271,0
277088,1
152472,0
242172,0
286684,0
143196,0
31716,0
57027,0
192084,0
131691,0
47348,0
190981,0
172363,0
265219,0
190914,0
363940,0
62177,1
98863,0
269317,0
105286,0
154977,0
230743,0
166825,0
165338,0
82062,0
115854,0
305735,0
179149,0
145998,0
171482,0
361705,0
277066,0
54007,0
40104,0
168668,0
344818,1
15231,0
238904,0
285915,0
237676,0
151959,0
99804,0
309602,0
39275,0
367948,0
291558,0
387339,0
210754,0
24591,0
300118,0
25904,0
354842,0
103349,0
258095,0
217134,0
180215,0
113759,0
116618,0
259954,0
24484,0
154134,0
158501,0
235112,0
240707,0
349140,0
160149,0
220813,0
222436,0
9177,0
299597,0
55912,0
218220,0
176278,0
314736,0
88626,0
28721,0
338868,0
279748,0
193849,0
42916,0
208272,0
266663,0
218009,0
241734,0
292574,0
267148,1
192133,0
5663,0
3797,0
355309,0
370917,0
289310,0
329701,0
6311,0
201950,0
354617,0
319614,0
16598,0
90144,0
178276,0
142700,0
124089,0
100445,0
195487,0
61155,0
173557,0
168171,0
114895,0
178743,0
120640,0
380213,0
365779,0
285624,0
184465,0
212180,0
187264,0
376221,0
214855,0
275125,0
349335,0
143577,0
34368,0
95282,0
336116,0
185776,0
321786,0
262026,0
72424,0
56280,0
118232,0
28941,0
138276,0
7656,1
234348,0
153666,0
364623,0
156175,0
285048,0
61539,0
117061,0
83459,0
315317,0
373469,0
83553,0
80687,0
392598,0
225974,1
361673,0
317534,0
307997,0
290350,0
197424,0
372532,0
329680,0
29963,0
101595,0
254796,0
162214,0
190974,0
145207,0
60204,0
95972,0
246986,0
129159,0
79601,0
48356,0
231606,0
212044,0
117557,1
147005,0
329592,0
9254,1
186181,0
282611,0
50972,0
169554,0
369627,0
169669,0
383113,0
140179,0
33454,0
367607,0
233543,0
348194,0
141069,0
180460,0
256454,0
299907,0
343337,0
44460,0
309723,0
232597,0
226039,1
150630,0
240761,0
118357,0
34418,0
237014,0
156855,0
197181,0
317531,0
18117,0
321182,0
331797,0
89153,0
249556,0
308085,0
172064,0
352586,0
166932,0
243111,0
60303,0
171413,0
92086,0
217765,0
66344,0
261437,0
285643,0
41226,0
164164,0
95180,0
304652,0
32358,0
355074,0
194872,0
261883,0
281253,0
378006,0
153447,0
84796,0
73726,0
64792,0
137161,0
8772,0
58208,0
296491,1
249776,0
19263,0
76337,0
78910,0
322275,0
264725,0
367454,0
72741,0
31956,0
206334,0
234825,0
221108,0
351533,0
390221,0
389390,0
261157,0
49003,0
174075,0
365559,0
225811,0
85242,0
328442,0
81577,0
308896,0
383198,0
322602,0
395986,0
38436,0
111021,1
109982,0
358734,0
2221,0
144245,0
94063,0
278008,0
235582,0
9669,0
237775,0
342500,0
351459,0
94587,0
201380,0
233310,0
242908,0
375425,0
213061,0
208357,0
339851,0
299747,0
109294,0
114220,0
222609,0
69270,1
37646,1
206741,0
17721,0
161506,0
365914,1
266027,0
170197,0
46761,0
126563,0
23418,0
278694,0
309055,0
20544,0
345715,0
6754,0
36819,0
191963,0
148124,0
253772,0
137837,0
366571,0
336918,0
322816,0
238954,0
26060,0
194902,0
271308,0
60579,0
50676,0
49616,0
124450,0
138926,0
339920,0
66371,0
166516,1
112939,0
356185,0
177988,0
220592,0
218033,0
335857,0
301938,0
364459,0
301151,0
236413,0
55390,0
69892,0
263932,0
301618,0
357533,0
61732,0
293429,0
47263,0
162306,0
208346,0
140015,0
323304,0
202202,0
130621,0
270770,0
127077,0
87385,0
341121,0
34322,0
289728,0
361869,0
276600,0
151276,0
346453,0
5593,0
166194,0
266670,0
151201,0
29165,0
37818,0
278708,0
4303,0
87899,0
344475,0
253956,0
50214,0
158893,0
128894,0
39432,0
378247,0
14230,0
142754,0
196865,1
239905,0
375858,0
302058,0
366592,0
33480,0
166583,0
294729,0
59220,0
31925,0
135738,0
90509,0
143576,0
121423,0
145918,0
239279,0
225910,0
223514,0
275993,0
235195,0
269723,0
102739,0
257590,0
314198,0
324119,0
342945,0
168612,0
70792,0
237795,0
57537,0
272206,0
127562,0
363790,0
211602,0
111651,0
45624,0
383068,0
54393,0
60992,0
98744,0
250688,0
116115,0
82626,0
59315,0
79883,0
340402,0
274578,0
23802,0
145617,0
309327,0
79823,0
297077,0
344304,0
355550,0
346123,0
151480,0
254701,0
234351,0
100525,0
42986,0
257425,0
166844,0
62251,0
237810,0
394720,0
315688,0
351193,0
20459,0
301096,0
208779,0
278752,0
31502,0
155834,0
271194,0
32220,0
189418,0
303168,0
93662,0
118250,0
194109,0
78314,0
50615,0
59205,0
337298,0
125514,0
190482,0
309846,0
155358,0
348118,0
359030,0
321913,0
46810,0
125670,0
209939,1
369717,0
334893,0
206923,0
12223,0
214671,0
166603,0
382946,0
251512,0
24524,0
377274,0
156457,0
365584,0
7968,0
14994,0
193628,0
26192,0
318676,0
77932,0
225989,0
259898,0
210147,0
302451,0
375812,0
383292,0
327798,0
393392,0
138442,0
123750,0
123929,0
345759,0
160895,0
375446,0
217565,0
71637,0
33246,0
112783,0
17583,0
1146,0
23153,0
25220,0
141873,0
38951,0
175222,0
152073,0
352654,0
249960,0
256710,0
165199,0
181316,0
274568,0
172946,1
155159,0
99981,0
166199,0
317275,0
90589,0
12842,0
9760,0
73633,0
358659,0
60770,0
366546,0
181149,0
201823,0
145971,0
378745,0
373530,0
153362,0
112145,0
313622,0
270429,0
204966,0
394251,0
358151,0
68168,0
236037,0
130618,0
210031,0
292450,0
363640,0
71070,0
123740,0
335402,0
272460,0
112822,0
312972,0
120332,0
17861,1
55717,0
223587,0
143163,0
129092,0
246180,0
1276,0
148452,0
310446,0
8940,0
124834,0
293080,0
53199,0
347006,0
205517,0
85100,0
189567,0
170829,0
146116,0
35688,0
44381,0
205763,0
228393,0
154595,0
371269,0
229782,0
303721,0
287750,0
164712,0
222807,0
234326,0
130714,0
335434,0
34826,0
266339,0
228596,0
272312,0
100268,0
47812,0
33135,0
3660,0
302444,0
149736,0
364979,0
302505,0
92289,0
83538,1
231705,0
89987,0
283737,0
213495,0
230997,0
307307,0
271209,0
6552,0
311958,0
211042,1
354491,0
225347,0
196672,1
98502,0
51037,0
11591,0
148037,0
361120,0
40196,0
173940,0
324378,0
272075,0
221546,0
25889,0
332317,0
172329,0
107735,0
50181,0
314554,0
116617,0
278135,0
196774,0
128063,0
377195,0
257016,0
182257,0
313171,0
348228,0
89807,0
111477,0
41631,0
337749,0
216225,0
159209,0
321388,0
160617,0
122415,0
375054,0
75301,0
295380,0
181784,0
95751,0
271237,0
287196,0
47341,0
270499,0
73149,0
23788,0
16503,0
77679,0
86398,0
217672,0
134118,0
41836,0
155295,0
164433,0
271685,0
156711,0
8833,0
237398,0
293528,0
380317,0
358236,0
213363,0
103186,0
77702,0
388978,0
304657,0
154463,0
186137,0
380825,0
305710,0
322121,0
285297,0
339724,0
209627,0
20901,0
294022,0
76045,0
157606,0
265574,0
262120,0
323075,0
138980,0
193787,0
362587,0
89428,0
351060,0
78593,0
375636,0
10004,0
57473,0
256165,0
344406,0
204204,0
201276,0
222710,0
31642,0
96670,0
258210,0
46409,0
376961,0
116404,0
193106,0
330875,0
360703,0
166588,0
245252,0
109875,0
118557,0
14045,0
176696,0
380698,0
120722,0
46281,0
72438,0
325772,0
191189,0
350255,0
33496,0
871,0
389515,0
209915,0
334525,0
188643,0
54237,0
303599,0
31889,0
286162,0
179080,0
312506,1
375930,0
112329,0
253471,0
235392,1
337953,0
175728,0
222498,0
121882,0
170703,0
23959,0
70614,0
220017,0
234711,0
186897,0
129942,0
383000,0
152461,0
297453,0
205632,0
250440,0
253450,0
156166,0
318715,0
54674,0
217414,0
136095,0
377120,0
271148,0
378730,0
183702,0
127547,0
368432,0
235319,0
184001,1
153945,0
85404,0
171918,0
217659,0
271581,0
170084,0
134562,0
96411,0
37197,0
335401,1
263649,0
321485,0
33562,0
70348,0
157306,0
195437,0
137747,0
80430,0
125064,0
174275,1
68853,0
165638,0
209145,0
269338,0
259272,0
246729,0
348148,0
108344,0
112260,0
264788,0
65809,0
34306,0
321310,0
200604,0
375751,0
1986,0
25793,0
181607,0
20856,0
261487,0
131942,0
370782,0
228017,0
70449,0
38143,0
81249,0
79874,0
133539,0
376838,0
179276,1
8925,0
393666,0
8997,0
22013,0
173389,0
123040,0
47017,0
157278,0
228130,1
78787,0
273240,0
37795,0
192032,0
84391,0
227001,0
310612,0
249270,0
107006,0
168361,0
230010,0
377295,0
383002,0
179534,0
176557,0
184607,0
261799,0
83046,0
5911,0
240390,0
336869,0
291769,0
55607,0
245190,0
269951,0
44480,0
371385,0
241354,0
41064,0
193362,0
55526,0
5286,0
151958,0
323576,0
316224,0
232817,0
165989,0
324737,0
267072,0
328714,0
10183,0
337462,0
321452,0
92862,0
387714,0
223446,0
386278,0
143703,0
136536,0
204662,0
64155,0
295172,0
352726,0
101615,0
124112,0
178681,0
194491,0
104035,0
207175,0
395099,0
195291,0
73744,0
24878,0
206734,0
164462,0
327723,0
58967,0
142839,0
221765,0
156456,0
246295,0
195611,0
394072,0
395265,0
318026,0
53708,0
347916,0
26079,0
118545,0
160008,0
314019,0
280887,0
128139,0
169224,0
196161,0
337131,0
108909,0
270359,0
162395,0
268040,0
298328,0
260975,0
90463,0
173075,0
338442,0
362344,0
58860,0
10699,0
341439,0
143372,0
42415,0
330331,0
194088,0
250537,0
370297,0
227182,0
52417,0
175136,0
138591,0
293552,0
222084,0
303848,0
316821,0
140133,0
272365,0
304341,0
144511,0
34118,0
149859,0
385405,0
335649,0
17941,0
367745,0
282855,0
202380,1
258115,0
186622,0
45333,0
109601,0
211374,0
356503,1
371294,0
153762,0
386502,0
32313,0
99368,0
28056,1
122896,0
248537,0
282949,0
48235,0
53981,0
30041,0
176428,0
132276,0
224492,0
86958,0
294762,0
315355,0
147397,0
115279,0
55763,0
255591,1
261909,0
232744,0
373090,0
370843,0
44656,0
211933,0
385332,0
328857,0
301488,0
66633,0
67679,0
52550,0
165232,0
193418,0
281592,0
262626,0
346842,0
171780,0
270975,0
345699,0
161402,0
147116,0
49546,0
326362,0
119904,0
319503,0
257081,0
262496,0
390399,0
10536,0
371709,0
279618,0
30524,0
43121,0
80249,0
23442,1
241004,0
330270,0
76427,1
297218,0
77933,0
333274,0
319597,0
221998,0
184638,0
267411,0
265182,1
251263,0
211107,0
230265,0
371415,0
283698,0
66453,0
88558,0
21847,0
136472,0
33063,0
390715,0
302105,0
258175,0
108246,0
332617,0
112402,0
98527,0
105089,1
90862,0
210104,0
41323,0
255212,0
319812,0
355815,0
120937,0
325680,0
96952,0
193166,0
368431,0
328568,0
141021,1
30725,1
185750,0
97692,0
285425,0
233034,0
174824,0
373562,0
365450,0
311697,0
17188,0
324732,0
34488,0
196008,0
391708,0
189392,0
275700,0
127677,0
121594,0
86344,0
277060,0
377197,0
211681,0
373658,0
385826,0
33916,0
313235,0
187792,0
207301,0
235425,0
269696,0
368853,0
290784,0
27227,0
120411,0
204190,0
99529,0
281469,0
123760,0
126104,0
153888,0
131912,0
365196,0
324669,0
147695,0
378127,0
79560,0
287297,0
338697,0
38949,0
369606,0
119070,0
387846,1
68200,0
90478,0
53236,0
311629,0
300669,0
138317,0
62179,0
202127,0
377474,0
134398,0
79677,0
165062,0
366971,0
5269,0
206349,0
190575,0
333029,0
219461,0
324787,0
207861,0
278532,0
59108,0
46790,0
173451,0
261104,0
115473,0
223508,0
255721,0
386479,1
123197,0
185789,0
238518,0
268483,0
347150,0
13083,0
212267,0
356176,0
96153,0
762,0
200971,0
166323,0
39410,0
133542,0
335456,0
74647,0
134617,0
188479,0
254369,0
251426,0
273025,0
22396,1
207960,0
1188,0
391182,0
342673,0
393655,0
120669,0
72554,0
243060,0
277630,0
300718,0
139648,0
75388,0
33616,0
131893,0
129969,0
377361,0
311465,0
20821,0
97478,0
259423,1
28672,0
37837,0
167580,1
379145,0
18512,0
250007,0
35071,0
351977,0
163669,0
181810,0
207981,0
209475,0
130350,0
280980,0
367779,0
226662,0
186789,0
167874,0
211256,0
67776,0
357537,0
391418,0
363253,0
70823,0
30340,0
235177,0
391322,0
193274,0
382219,0
163521,0
347974,1
376707,0
3589,0
82117,0
137979,0
125168,0
214957,0
36563,0
172997,0
108398,0
274159,0
250966,0
370743,0
325894,0
161597,0
118896,0
227752,0
280923,0
94103,0
195657,0
368876,0
210507,0
168514,0
324262,0
222634,0
364823,0
254613,0
157177,0
97801,0
158587,0
391148,0
263267,0
57481,0
211118,0
300903,0
132123,0
228584,0
133439,0
66291,0
259685,0
348182,0
365894,0
329374,0
42363,0
237401,0
182513,0
201361,0
96595,0
171605,0
16545,0
263413,0
109228,0
55585,0
384845,0
116371,0
123783,0
356289,0
26761,0
341326,0
56301,0
176788,0
38987,0
393062,0
253944,0
327697,0
74030,0
9174,0
127915,0
179388,0
251428,0
215339,0
21497,0
49505,0
215586,0
370018,0
253663,0
105855,0
161235,0
33550,0
328282,0
300189,0
7822,0
144202,0
290432,0
237315,0
168519,0
284419,0
90632,0
335855,0
66535,0
13677,0
262760,0
367034,0
176970,0
6685,0
135898,0
255523,0
201253,0
309824,0
335762,0
323108,0
301467,0
103908,0
4482,0
219986,0
91969,0
27822,0
376384,0
339018,0
203003,0
265682,0
230186,0
240536,0
171557,0
330895,0
100629,0
53157,0
31607,0
93376,0
245860,0
221797,0
150404,0
316636,0
74053,0
221015,0
71555,0
253726,0
146317,0
308510,0
317992,0
279478,0
239893,0
109577,0
170822,0
78956,1
204077,0
104819,0
32212,0
222921,0
268755,0
100034,0
226719,0
35766,0
171924,1
312083,0
352260,0
379314,0
134113,0
107721,0
188777,1
139988,0
340849,0
85277,0
156686,0
291627,1
351902,0
262295,0
376864,0
89189,0
214087,0
223176,0
210918,0
48438,0
139310,0
137020,0
290130,0
115094,0
332374,0
293329,1
141468,0
327173,0
53648,0
32679,0
217760,0
252730,0
390253,0
374556,0
178678,0
246550,0
80581,0
46643,0
83515,0
98980,0
129023,0
180961,0
46595,0
312148,0
167416,0
381529,0
48440,0
252732,0
50638,0
81981,0
279299,0
261530,0
254215,0
298549,0
154042,0
118530,0
35553,0
66720,0
59728,0
141949,0
307475,0
149604,0
286695,0
320582,0
311215,0
390768,0
165510,0
44133,0
1991,0
256494,0
367628,0
303834,0
186946,0
27343,0
363027,0
197501,0
130119,0
70314,1
146237,0
6242,0
44409,0
56081,0
84528,0
393892,0
250882,0
308699,0
41389,0
168240,0
213693,0
107075,0
321588,0
76557,0
321515,0
296547,0
144067,0
314404,0
118166,0
245023,0
110066,0
85768,0
350683,0
135020,0
236222,0
195779,0
190044,0
331992,0
233320,0
282107,0
118483,0
123997,0
29571,0
284749,0
325224,0
253925,0
247711,0
165257,0
110828,0
213609,0
18392,0
386138,0
107970,0
98754,0
66554,0
200721,0
26715,0
33578,0
127153,0
46986,0
3066,0
362806,0
385296,0
223377,0
316478,0
203727,0
61068,0
263712,0
191904,0
214990,0
1901,0
82097,0
197510,0
257166,0
172368,0
187084,0
367135,0
290757,0
44821,0
220442,0
390037,0
324315,0
328807,0
253686,0
216568,0
330000,0
145367,0
185063,0
386739,0
26664,1
46549,0
312810,0
347195,0
121187,0
34416,0
51910,0
6713,0
36594,0
153607,0
6857,0
260716,0
300223,0
368212,0
262512,0
295036,0
295696,0
219572,1
303343,0
378992,0
244534,0
338966,0
46022,0
38234,0
164138,0
166764,0
271395,0
37827,0
282349,0
97176,0
264791,0
294258,0
193432,0
32246,0
313346,0
276411,0
4745,0
142277,0
40775,0
187608,0
124543,0
322918,0
99477,0
327207,1
94500,0
272685,0
264227,0
293677,1
5231,0
197761,0
129567,0
253600,0
253541,0
128241,0
104367,0
213144,0
107401,0
20048,0
66441,0
65427,0
393542,0
96265,1
192758,0
323652,0
307044,0
92743,0
156124,0
119413,1
183444,0
118742,0
187041,0
272770,0
142739,0
56153,0
136042,0
196654,0
142531,0
233263,0
343016,0
88333,0
389059,0
209893,0
102633,0
312961,0
74237,0
339775,0
30063,0
38781,0
203985,0
140359,1
148335,0
252312,0
199183,0
118789,0
273476,0
315116,0
3233,0
188609,0
18508,0
329864,0
316241,0
228845,0
88171,0
299398,0
92261,0
352657,0
302473,0
327778,0
89259,0
39615,0
52405,0
193346,0
354654,0
288899,0
300466,0
44807,0
144878,0
247463,0
97641,0
252326,0
152481,0
71507,0
104419,0
41774,0
83725,0
114680,0
187166,0
45595,0
89059,0
173559,0
11792,0
127137,0
58611,0
254495,0
349918,0
388182,0
369833,0
198449,0
300897,0
198842,0
64218,0
338690,0
335170,0
253066,0
262558,0
378963,0
346305,0
322450,0
146677,0
227890,1
371690,0
253112,0
162598,0
320537,0
151249,0
215222,0
344326,0
48030,0
152176,0
348017,0
367579,0
222315,0
19696,0
180499,1
275773,0
194713,0
68295,0
74340,0
72687,0
114704,0
316231,0
128560,0
66362,0
240045,0
137339,0
337134,0
32035,1
90222,0
29045,0
293599,0
370323,0
26848,0
195749,0
316275,0
21268,0
172954,0
333979,0
47757,0
310616,0
136413,0
59014,0
17663,0
330989,0
203883,0
204880,0
212923,0
362906,0
50770,0
282826,0
254707,0
352864,0
387461,0
340077,0
169183,0
272157,0
293373,0
104985,0
15235,0
132720,0
28666,0
279176,0
387226,0
158034,0
259199,0
20650,0
80443,1
170255,0
214341,0
118953,0
335099,0
144534,0
26107,0
206162,0
254550,0
224138,0
309264,0
390557,0
284496,0
241276,0
285076,0
31279,0
164648,1
340889,0
93197,0
205762,0
269365,1
13743,0
147955,0
201542,0
139384,0
299085,0
323600,0
168271,0
308752,0
47877,0
82096,0
271825,0
136901,0
225769,0
323059,0
211281,0
203718,0
10741,0
116849,0
166835,0
355261,0
62019,0
36033,0
151540,0
1555,1
116980,0
82900,0
263577,0
233583,0
175286,0
125612,0
37956,0
62353,0
105607,0
338472,0
276089,0
77884,0
19095,0
4669,0
348681,0
187571,0
250705,0
308778,0
316749,0
308823,0
49899,0
79523,0
73875,0
158913,0
267690,0
23154,0
20801,0
175690,0
206911,0
112307,0
253170,0
292231,0
307599,0
291905,0
304815,0
229971,0
230784,0
280863,0
149776,0
378293,0
141361,0
259191,0
301612,0
12552,0
274904,0
135370,0
47667,0
298015,0
86366,0
358295,0
295596,0
385101,0
265616,0
293416,0
244154,0
35851,0
139661,1
335029,0
277330,0
209163,0
257253,0
80002,0
296736,0
252271,0
323168,0
311089,0
257609,0
395350,0
12422,0
115014,0
71590,0
226027,0
177532,0
247303,0
388952,0
204657,0
207962,0
241678,0
372992,0
146304,0
161218,0
317252,0
173081,0
244048,0
216026,0
279281,0
257835,0
267581,0
238498,0
369097,0
79293,0
176636,0
168713,0
265652,0
55,0
266872,0
273403,0
69500,0
199037,0
123074,0
200712,0
21174,0
350735,0
131781,0
40901,0
149760,0
123275,0
205400,0
111503,0
111371,0
36821,0
236982,0
74736,0
236320,0
351792,0
118130,0
264157,0
164662,0
36306,0
5253,0
133303,0
136423,0
355061,0
169502,0
320312,0
195896,0
42879,0
20947,0
211265,0
132469,0
100727,0
68495,0
182192,0
218848,0
69565,0
145383,0
185791,0
346477,0
385269,0
95498,0
251016,0
65313,0
137616,0
80673,0
44116,0
303857,0
233095,0
313054,0
48638,0
166010,0
324721,0
177048,0
367583,0
161946,0
123809,0
98019,0
79789,0
79273,1
332905,0
246644,0
194672,0
367646,0
297054,0
48945,0
312375,0
212368,0
156568,0
82693,0
149133,0
247665,0
22383,0
361988,0
275696,0
196139,0
230920,0
32230,0
252261,0
370392,0
212927,0
83598,0
252070,0
162668,0
55218,0
114911,0
69012,0
266558,0
49559,0
390205,0
166193,0
51564,0
15526,0
26013,0
367291,0
299676,0
148849,0
13649,0
362677,0
290450,0
97111,0
214367,0
48022,0
350039,0
244496,0
273093,0
296069,0
98005,0
212775,0
133971,0
308180,0
211713,0
182152,0
345577,0
232936,0
24630,0
312438,0
26497,0
95755,0
294921,0
130875,0
247291,0
279048,0
275863,0
359401,0
108850,0
224685,0
60610,0
9014,0
80961,0
242647,0
20362,0
84329,0
162814,0
72680,0
135732,0
201607,0
274737,0
249214,0
208220,0
182125,0
133128,0
251838,0
183601,0
126722,0
12697,0
167682,0
310186,0
327668,0
13476,0
90369,1
313523,0
257324,0
327481,0
26694,0
275369,0
190069,0
304037,0
159478,0
359068,0
86972,0
205255,0
28437,0
357100,0
302714,0
104049,0
267772,0
134322,0
44709,0
384570,0
305271,0
67600,0
264511,0
159153,0
318910,0
353505,0
25941,0
244241,0
149890,0
79185,0
335349,0
156325,0
54372,0
366566,0
253688,0
389969,0
308937,0
86884,0
268385,0
270599,0
390466,0
148817,0
54271,0
396025,0
322221,0
304073,0
287826,0
271246,0
309508,0
312552,0
13881,0
318030,0
326342,0
30759,0
182588,0
312584,0
255851,0
319016,0
361392,0
38548,0
233777,0
160058,0
118434,0
188574,0
37908,0
32425,0
280563,0
121009,0
12532,0
147268,0
10978,0
272965,0
311623,0
147035,0
23332,0
123799,0
317182,0
182970,0
883,0
90720,0
130274,0
57315,0
258203,0
49724,0
106547,0
34573,0
310375,0
352,0
198308,0
88306,0
179592,0
235710,1
323970,0
212844,0
285120,0
314263,0
134128,0
301397,0
167017,0
125547,0
174972,0
226267,0
40729,0
195341,0
127667,0
218153,0
233725,0
4365,0
31290,0
202384,0
79746,0
321749,0
150218,0
312285,0
184668,0
134793,0
340539,0
7610,0
36338,1
75253,0
330393,0
371282,0
184872,0
198816,1
253187,0
392768,0
277547,0
188464,0
119813,0
95811,0
280344,0
81310,0
133891,0
287002,0
331128,0
174134,0
281951,0
174776,1
283845,0
328518,0
99024,0
135673,0
90072,0
353760,0
355646,0
44596,1
156303,0
328163,0
160497,0
255023,0
369359,0
36636,0
35498,0
181368,0
197350,0
316342,0
32762,0
5802,0
96905,0
148291,0
249103,0
177759,0
257370,0
200643,0
192659,0
383907,0
61834,0
162053,0
365464,0
298454,0
163489,0
111988,0
173121,0
217862,1
301943,0
281573,0
164995,0
109044,0
174368,0
6082,0
333215,0
297944,0
11742,0
45429,0
164837,0
10893,0
259682,0
329306,0
378281,0
388468,0
202360,0
306049,0
87205,0
349556,0
89278,0
302358,0
92709,0
91848,0
242873,0
191523,0
305068,0
114117,0
222779,0
155515,0
364465,0
186570,0
386439,0
10708,0
90139,0
356128,0
99372,0
144955,0
200628,0
48697,0
244679,0
56146,0
87589,0
215842,0
60274,0
121148,0
68892,0
241550,0
34198,0
121331,0
394916,1
29636,0
341348,0
47668,0
339257,0
366771,0
341146,1
373815,0
83897,0
6160,0
36674,0
330351,0
327765,0
71737,0
278030,0
228023,0
308075,0
246735,0
184676,0
4682,0
169711,0
305341,0
313670,0
232191,0
230270,0
173219,0
235947,0
224986,0
249828,0
9888,1
218142,0
363074,0
116581,0
307528,0
224649,0
235011,0
264439,0
324464,0
63992,0
305430,0
67925,0
347305,0
220297,0
22558,0
223625,0
127479,0
232775,0
11537,0
58868,0
112603,0
96750,0
151265,0
10172,0
116011,0
201393,0
184914,0
3703,0
79201,0
193606,0
14931,0
261082,0
272080,0
55379,0
233561,0
67070,0
369691,0
197265,0
95942,0
224081,0
337440,0
150644,0
173414,0
361603,0
22646,0
98157,0
350482,0
81243,0
185227,0
273385,0
510,0
37419,0
170420,0
359454,0
123680,0
346345,0
160533,0
347072,0
71533,0
292971,0
388778,0
394551,0
258008,0
126914,1
156271,0
24593,0
26014,0
27412,1
226622,0
291864,0
234120,0
279226,0
167723,0
319899,0
177838,0
390412,0
228101,0
305039,0
258984,0
138898,1
124352,0
135337,0
180008,0
113217,0
282747,0
64864,0
166003,0
210015,0
162283,0
152743,0
126436,0
12202,0
149323,0
362908,0
374869,0
230182,0
2094,0
2100,1
236396,0
286131,0
249803,0
66366,0
328786,0
8945,1
244461,0
94888,0
172206,0
137476,0
245536,0
119182,0
289540,0
6209,0
69202,0
390377,0
134475,1
373481,0
234113,0
353258,0
163382,0
35178,0
87283,0
3398,0
202790,0
371001,0
70063,0
254200,0
288473,0
321403,0
165136,0
241487,0
247759,0
228988,0
200823,0
95477,0
183599,0
186161,0
351573,0
96658,0
313990,0
9722,0
370270,0
270020,0
216573,0
74559,0
295466,0
50157,0
158559,0
248572,0
160388,0
175310,0
336362,0
297685,0
102664,0
381780,0
370584,0
332803,0
259004,0
179552,0
313103,0
34636,0
293426,0
293057,0
74337,0
307798,0
87460,0
44226,0
116898,0
281252,0
116561,0
354363,0
265184,0
17884,0
320067,0
283756,0
393416,0
375028,0
349940,0
315939,0
41003,0
148407,0
122931,0
237965,0
132812,0
64288,0
136120,0
11226,0
151577,0
335186,0
96338,0
258288,0
347096,0
295313,0
83622,0
34565,0
252592,0
12414,0
257726,0
121303,0
58087,0
258947,0
314052,0
258921,0
317365,0
188898,0
129850,0
360427,0
16278,0
202032,0
229410,0
104174,0
261393,0
115915,0
223594,0
161478,0
109185,0
326372,0
131498,0
323978,0
18776,0
377256,0
21840,0
362454,0
23459,0
32339,0
55010,0
299577,0
302807,0
275667,0
378534,0
237711,0
62190,0
340614,0
218014,0
133388,0
46568,0
184191,0
327555,0
162781,0
368376,0
167544,0
339415,0
255764,0
259776,0
212612,0
290728,0
196176,0
226244,0
200228,0
266731,0
283716,1
243969,0
303835,0
28802,0
118248,0
375990,0
65569,0
146945,0
130896,0
201325,0
74726,0
274841,0
56259,0
106229,0
333485,0
182815,1
253497,0
203087,0
223350,0
236557,0
172999,0
53074,0
375156,0
97386,1
174385,0
153640,0
200636,0
326587,0
4937,0
315564,0
328675,0
264059,0
362515,0
377656,0
166939,0
220736,0
352279,0
73833,0
110169,0
255647,0
272349,0
185093,0
322891,0
308872,0
162009,0
2207,0
53993,0
236202,0
108965,0
53465,0
315704,0
97065,0
294476,0
68677,0
175308,0
74528,0
392638,0
345089,0
167056,0
228378,0
164819,0
19990,0
180245,0
395590,0
22233,0
346177,0
265490,0
107693,0
79868,0
348029,0
200778,0
285343,0
310881,0
354583,0
134656,0
216347,0
92337,0
351882,0
328901,0
69260,0
36014,0
127072,0
13153,0
124706,0
178553,0
144364,0
202034,0
310090,0
189326,0
100529,0
287964,0
114579,0
387489,0
3428,0
48071,0
75648,0
246712,0
291664,0
68222,0
287802,1
388651,0
120713,0
284920,0
219747,0
154393,0
28782,0
62691,0
132036,0
294154,0
33236,1
85306,0
374705,0
29235,0
131020,0
370340,0
264699,0
10858,0
260862,0
370572,0
153605,0
279927,0
202775,0
387587,0
75828,0
158426,0
153477,0
113973,0
88003,0
293015,0
289109,0
208903,0
324273,1
265613,0
347359,0
306843,0
188749,0
214045,0
306594,0
368852,0
391371,1
38217,0
310517,0
66297,0
382707,0
207042,0
43448,0
278987,0
268391,0
298760,0
395701,0
250388,0
236538,0
108603,0
266699,0
92096,1
257971,0
132442,0
374482,0
336096,0
143281,0
300478,0
135945,0
117497,0
228977,0
385935,0
99264,1
77817,0
331482,0
161082,0
31693,0
39467,0
221220,0
102878,0
269295,0
238129,0
303032,0
207865,0
109092,0
21096,0
371641,0
354929,0
206553,0
111057,0
6277,0
54751,1
61801,0
101751,0
291980,0
256533,0
325381,0
56299,0
343229,0
230711,0
299282,0
335483,0
293472,0
11706,0
247870,0
150687,0
159819,0
186386,1
302392,0
296790,0
285049,0
265263,0
24054,0
256545,0
45853,0
236443,0
17293,0
394756,0
20307,0
26663,0
359592,0
321409,0
259646,0
388716,0
148451,0
343300,0
387630,0
293652,0
392733,0
220354,0
186680,0
195900,0
60022,0
301580,0
278903,0
6523,0
147258,0
88837,0
82148,0
226454,0
266683,0
291776,0
293132,0
126658,0
165402,0
341692,0
162207,0
68429,0
374382,0
213493,0
286431,0
362712,0
204556,0
156373,0
70159,0
379220,0
144987,0
86689,0
74029,0
250424,1
51462,0
5191,0
46832,0
81603,0
135726,0
207625,0
264430,0
65638,0
359902,0
188566,1
97937,0
21101,0
394065,0
305585,1
50608,0
99113,0
219427,0
148478,0
135872,0
118861,0
253816,0
126339,1
65043,1
293090,0
235630,0
265280,0
179868,0
70006,0
45015,0
304866,0
25642,0
289418,1
5900,0
53409,0
382735,0
45440,0
121610,0
339321,0
180493,0
269006,0
107598,0
292469,0
217336,0
240800,0
88108,0
281609,0
263661,0
139650,0
247240,0
187763,0
171900,0
104279,0
231435,0
248653,0
179805,1
29601,1
271602,0
151225,0
254008,0
321591,0
94800,0
373538,0
147564,0
303201,0
57448,0
351338,0
36949,0
32838,0
14769,0
301775,0
142904,0
125599,0
221817,0
160235,0
114072,0
131465,0
333748,0
138096,1
60529,0
42043,0
54775,0
46847,0
46690,0
306108,0
250359,0
383628,0
82326,0
282075,0
318761,0
381179,0
196278,0
15702,0
32216,0
7300,0
324246,0
173485,0
76187,0
172937,0
237118,0
346687,0
383143,0
230977,0
370182,0
94698,0
158766,0
57619,0
49463,0
14056,1
380745,0
325968,0
346978,0
15508,0
23411,0
347380,0
126187,0
300522,0
65405,0
167901,0
294098,0
373160,1
187567,0
111042,0
372869,0
98216,0
358927,0
161489,0
148481,0
259457,0
37592,0
76474,0
216165,0
129925,0
94009,0
72081,0
336326,0
358560,0
79237,0
305573,0
164218,0
216146,0
232870,0
366929,0
178953,0
236973,0
165908,0
85000,0
177344,0
252909,0
393704,0
24394,0
290385,0
374123,0
320164,0
115990,0
381070,0
287886,0
26496,0
91238,0
363745,0
242339,0
125965,0
247411,0
364895,0
116652,0
229364,0
329354,0
370111,0
130865,0
198148,0
354568,0
320758,0
329997,0
177466,0
53945,0
160591,0
504,0
194301,0
383702,0
300161,0
239752,0
39662,0
20993,0
143055,0
185898,0
315473,1
9072,0
31338,0
250308,0
19117,0
263920,0
227601,0
321614,0
131364,0
61346,0
174159,0
123517,0
24405,0
187461,0
357493,0
57106,0
332280,0
297594,0
279529,0
195029,0
75553,0
211399,0
301940,0
170638,0
366711,0
395584,0
239801,0
18666,0
191050,0
377275,0
186201,0
381633,0
255256,0
139086,0
212922,0
379980,0
211159,0
237513,0
81622,0
224521,0
305584,0
209557,0
352431,0
140038,0
363264,0
20182,0
315789,0
11737,0
392189,0
343847,0
220569,0
352544,0
232754,0
257929,0
182460,0
385646,0
229030,0
252843,0
172927,0
98760,0
90952,0
126489,0
88299,0
168635,0
270871,0
250358,0
203773,0
385880,0
208363,0
392797,0
86131,0
176477,0
47918,0
207588,0
229889,0
245290,0
329649,0
381929,0
264100,0
363796,0
211191,0
385971,0
19538,0
76560,0
252262,0
194031,0
366276,0
44504,0
387891,0
31685,0
322032,0
286893,0
87011,0
344696,0
205408,0
270951,0
209278,0
226202,0
381813,0
50545,0
318795,0
150153,0
195696,0
5366,0
262042,0
13271,0
276881,0
342098,0
185417,0
26441,0
124758,0
155600,0
63742,0
118793,0
194893,0
231669,0
385784,0
249651,0
358514,0
216089,0
169136,0
242400,0
105871,0
50341,0
247021,0
14466,1
293747,0
211236,0
194674,0
144606,0
5212,0
289918,0
251315,0
270588,0
193650,0
198884,0
183087,0
319830,0
101498,0
291665,0
178377,0
22651,0
182021,0
67544,0
347453,0
52876,0
46277,0
112894,0
89622,0
93694,0
80827,0
293800,0
147236,0
117035,0
32503,0
318441,0
110626,0
325867,0
92991,0
68024,0
109005,0
207551,0
176686,0
335598,0
58573,0
381495,0
296385,0
116131,0
333625,0
194927,0
11081,0
34294,0
6180,0
323710,0
334444,0
81115,0
350149,0
194323,0
30125,0
89943,0
73400,0
17379,0
55766,0
387506,0
209571,0
7394,0
256305,0
173703,0
32335,0
31022,0
3804,0
174038,0
202350,0
208653,0
233555,0
320749,0
344479,0
1476,0
172456,1
261312,0
140638,1
255382,0
288790,0
132714,0
229987,0
256631,0
196431,0
18641,0
86115,0
98495,0
156029,0
146446,0
374764,0
187572,0
113428,0
161999,0
162402,0
260329,0
387856,0
8921,0
83670,0
166311,0
358073,0
34859,0
277471,0
55039,0
34548,0
47300,0
214555,0
245230,0
280413,0
371202,0
150116,0
350974,0
132295,0
140185,0
275640,0
239933,0
388435,0
109844,1
390139,0
62859,0
162269,0
322210,0
93177,0
42536,0
256251,0
47030,0
131755,1
125992,0
222486,0
108929,0
265582,0
171782,0
213652,0
61401,0
211140,0
217558,0
368689,0
303065,1
234880,0
77039,0
162002,0
351283,0
366507,0
26865,1
121690,0
197108,0
180912,0
81964,0
339783,0
138555,0
125733,0
311020,0
3843,0
376652,0
2883,0
341321,0
347897,0
145453,0
178648,0
364039,0
344388,0
304079,0
12712,0
224770,0
80160,0
317394,0
267064,0
306523,0
288040,0
87699,0
326332,0
219671,0
395587,0
283834,0
50616,0
327016,0
109628,0
359603,0
338020,0
365224,0
101573,0
51998,0
109812,0
305478,0
1491,0
276768,0
368278,0
317436,0
291950,0
343953,0
144621,0
380645,0
247019,0
292081,1
55314,0
130582,0
83682,0
100017,0
278386,0
370271,0
319147,0
150692,0
259876,0
317626,0
303482,0
359557,0
77395,0
70897,0
181789,0
194949,0
325122,0
131418,0
352060,0
263158,0
380874,1
220120,1
384729,0
77927,0
82535,0
77857,0
212831,0
173889,0
391996,0
336720,0
51845,0
117559,0
309303,0
304517,0
395348,0
137096,0
151400,0
4653,0
143424,0
136281,0
253607,0
317537,0
47024,0
124336,0
257875,0
150021,0
280490,0
375077,0
290663,0
255914,0
320981,0
60316,0
166532,0
342019,0
281305,1
208590,0
332038,0
116009,0
294422,0
215582,0
376400,1
345880,0
192973,0
172741,0
8468,0
272519,0
356094,0
326053,0
272389,0
6246,0
386520,0
242406,0
356393,0
88738,0
171271,0
252801,0
112447,0
200863,0
20371,0
349253,0
335193,0
47730,0
162932,0
68978,0
120226,0
335467,0
289873,0
52080,0
247828,0
171911,0
246426,0
319517,0
340013,0
77351,0
132804,0
345654,0
273074,0
391718,0
354502,0
390646,0
146313,0
389928,0
276383,0
153511,0
330409,0
331598,0
9231,0
256707,0
139077,0
91527,0
52406,0
34175,0
311792,0
148053,0
258949,1
75845,0
215143,0
366056,0
309651,0
30780,0
355890,0
170819,0
36026,0
91275,0
280770,0
135981,0
174396,1
83829,0
12668,1
267398,0
9477,0
173650,0
223243,0
55395,0
17758,0
393575,0
107417,0
61590,0
29226,0
302317,0
110016,0
344542,0
356238,0
58216,0
176706,0
42524,1
331352,0
199860,0
286888,0
391546,0
377859,0
218448,0
89951,0
167345,0
353394,0
146340,0
393657,0
282335,0
177976,1
25479,0
31967,0
98042,0
138893,0
329635,0
152730,1
382330,0
365324,0
326698,0
299250,0
175792,0
48439,0
221702,0
269359,0
148923,0
375619,0
133570,0
183326,0
86402,0
137515,0
60763,0
38642,0
229440,0
181025,0
240275,0
355273,0
322568,0
172788,0
377711,0
270409,0
347471,0
154758,0
82792,0
269419,0
292830,0
377721,0
27290,0
173445,0
35870,0
150667,0
34908,0
383561,0
112787,0
383075,0
318698,0
283316,0
43354,0
159903,0
155997,0
276186,0
365266,0
382469,0
22595,0
189479,0
321246,0
129347,0
82233,0
235408,0
279741,0
383474,0
240825,0
2215,1
22067,0
140127,0
346818,0
345383,0
10069,0
245712,0
138783,0
179518,0
218408,0
194175,0
116979,0
34179,0
369694,0
339610,0
255435,0
105218,0
282319,0
120824,0
161256,0
271828,0
375190,0
287144,0
24424,0
125619,0
369035,0
318506,0
324965,0
190155,0
217142,0
212450,0
262779,0
297170,0
117042,0
240567,0
297518,0
101484,0
313164,0
197273,0
299506,0
228736,0
146661,0
327831,0
285506,0
263609,0
124697,0
263866,0
273924,0
146929,0
31115,0
155292,0
104898,0
95263,0
136904,0
243536,0
162140,0
75475,0
270736,0
191840,0
233812,0
368284,1
76723,0
20479,0
266999,0
304891,0
341009,0
348331,0
66032,0
154553,0
268070,0
192634,0
309387,0
37845,0
154315,0
16447,0
146941,0
28261,0
227605,0
133531,0
244937,0
71937,0
82983,0
361171,0
112664,0
140819,0
374756,0
76860,0
121109,0
29877,1
27388,1
228177,0
229568,0
328624,0
250280,0
91117,0
254312,0
290418,0
134403,0
312047,0
224968,0
141560,0
307482,0
178244,0
285812,0
274778,0
111830,0
226977,0
321558,0
155024,0
315705,0
46389,0
382500,0
319192,0
62773,0
105527,0
45959,0
37649,0
241074,0
361160,0
358702,0
11701,0
310320,0
295558,0
119958,0
78690,0
269692,0
197832,0
80023,0
222130,0
124469,0
361241,0
193735,0
367158,0
207809,0
49998,0
133919,0
291550,0
92213,0
348707,0
123341,0
147083,0
7345,0
220202,1
178446,0
376966,0
185727,0
84834,0
195926,0
325868,0
76596,0
23731,0
383897,0
206391,0
208868,0
166247,0
143426,0
261162,0
248162,0
67328,0
351269,0
127481,0
390560,0
253389,0
387197,0
148752,0
382289,0
343363,1
243053,0
300382,1
220722,0
195173,0
380983,0
289961,0
136304,0
143009,0
38688,0
94115,0
61283,0
282248,0
12096,0
152281,0
352755,1
109937,0
325289,0
214337,0
372169,0
104307,0
233006,0
61113,0
221358,0
146123,0
92763,0
359826,0
350661,0
267375,0
61021,0
129389,0
48764,0
287101,0
173305,0
105388,0
231084,0
138832,0
27150,0
392818,0
394496,0
342050,0
298307,0
326865,0
85540,0
383851,0
229925,0
18493,0
173701,0
40530,1
209290,0
359560,0
24778,0
244369,0
383626,0
52926,0
305027,0
270344,0
209424,0
293133,0
232105,0
58139,0
264366,0
61034,0
93880,0
147272,0
53360,0
109905,0
107920,0
383748,0
60823,0
131693,0
238890,0
313267,0
57838,0
35622,1
40228,0
339885,0
234874,0
121683,0
62916,0
154220,0
142845,0
266873,0
43579,0
53362,0
181821,0
260675,1
117955,0
202894,0
138456,0
77735,0
257639,0
129299,0
87452,1
293759,0
303159,0
255243,0
245363,0
111323,0
15035,0
175523,0
112778,0
122564,0
324545,0
32817,0
114861,0
220418,0
195744,0
336433,0
252171,0
9774,0
105261,0
70202,0
230652,0
276303,1
319556,0
102993,0
13704,0
98142,0
23600,0
145966,0
81226,0
2645,0
393558,0
227214,0
187518,0
255707,0
90147,0
283538,0
53587,0
154653,0
39153,0
131840,0
39348,0
316885,0
348840,0
47050,0
221125,0
263582,0
59721,0
311509,0
109820,0
390114,0
200524,0
185065,0
194473,0
297779,0
222564,0
229625,0
107899,0
71581,0
113643,0
230361,0
380936,0
82228,0
202020,0
33608,0
211634,0
231545,0
311682,0
244481,0
394647,0
311445,0
38528,0
100549,0
303345,0
117619,1
215191,0
62167,0
79586,0
123942,0
260917,0
271706,0
50804,0
152107,0
265334,0
61180,0
285,0
53329,1
349787,0
152169,0
303264,0
74421,0
339079,0
379936,0
130501,0
13056,0
348330,0
36730,0
3873,0
240118,0
235335,0
163392,0
394808,0
152980,0
41331,0
104945,0
135397,0
233548,0
156001,0
47329,0
23104,0
341712,1
329134,0
204522,0
261143,0
73196,0
102163,0
54115,0
178086,0
108922,0
223524,0
124422,0
272113,0
157866,0
33687,0
326215,0
72442,0
225036,0
24415,0
118095,0
286044,0
278842,0
250334,0
394661,0
321091,0
220046,0
274923,0
161515,0
143590,0
281594,0
312369,0
171994,0
204227,0
114868,0
36386,0
277829,0
125075,0
214637,0
65552,0
385279,0
274176,0
351042,0
195258,0
284924,0
183259,0
278076,0
102378,0
381863,0
385870,0
55035,0
137682,0
195808,0
29954,0
230212,0
170218,0
36773,0
358858,0
301453,0
45921,0
40754,0
93457,0
596,0
10864,0
362609,0
357701,0
213864,0
337902,0
220748,0
58389,0
252436,0
180265,1
244675,0
288682,0
293654,0
342212,0
83490,0
177191,0
376003,0
151701,0
366712,0
59187,0
157952,0
47769,0
241457,0
358939,0
81385,0
318762,0
163112,0
373245,1
37264,0
175713,0
31104,0
242135,0
170733,0
5417,0
97856,0
137669,0
246823,0
354648,0
146032,0
378540,0
244486,0
353056,0
265266,0
185271,0
224176,0
291798,0
222390,0
56610,0
363168,0
219238,0
307983,0
4511,0
180770,0
238476,0
61989,0
260308,0
130513,0
246488,0
210348,0
249611,0
380928,0
180398,0
228567,1
129064,0
306012,0
287286,0
122897,0
8994,0
75071,1
280431,0
8530,0
261511,0
324950,0
236968,0
94261,0
135143,0
378449,0
130552,0
188596,0
252186,0
214092,0
180124,0
311590,0
268471,0
189995,0
374022,0
13819,0
90989,0
225791,0
279811,0
388230,0
337002,0
336505,0
353144,0
362977,0
238357,0
185458,0
207182,0
184825,0
107304,0
257608,0
340964,1
274818,0
306247,0
122058,0
2525,0
334038,0
355073,0
365274,0
365724,0
89823,0
389028,0
257319,0
161,0
289318,0
106473,1
79542,0
67058,0
395609,0
227125,0
80066,0
91266,0
142804,0
163215,0
378040,0
246129,0
2343,0
127996,0
66594,0
311611,0
36244,0
374707,0
279820,0
120342,0
246361,0
15375,0
96262,0
9426,0
141066,0
167877,0
276305,0
28685,0
340997,0
122886,0
53162,0
230921,0
393556,0
180653,0
166854,0
6463,0
27022,0
71229,0
41162,0
110806,0
100323,0
186056,0
86544,1
89187,0
135179,0
145868,0
263153,0
246579,0
268540,0
228922,0
36824,0
282536,0
74916,0
359527,0
253013,0
98451,0
369409,0
322830,0
359192,0
327903,0
384109,0
218949,0
147411,1
39326,0
117617,0
111172,0
74114,0
175717,0
56085,0
244798,0
299844,0
224426,0
227821,0
242316,0
134041,0
220049,0
357910,0
53223,0
356061,0
227649,0
373222,0
36884,0
134860,0
149251,0
200418,0
351424,0
313336,0
211833,0
64653,0
160736,0
208713,0
331322,0
304273,0
246623,0
296963,0
354226,0
350575,0
196830,0
171244,0
374632,0
26620,0
261894,0
307497,0
196106,0
334216,0
184129,0
40100,0
309781,0
152540,0
57260,0
385380,0
57308,0
120719,0
36984,0
364966,0
258070,0
8341,1
103219,0
392624,0
281949,0
223622,0
332074,0
360174,0
261677,0
54652,0
197246,0
175398,0
4734,0
301326,1
115444,0
324819,0
48380,0
9531,0
114838,0
185101,0
276545,0
275755,0
288965,0
334790,0
363750,0
359637,0
69287,0
189591,0
113777,0
114100,0
13468,0
99568,0
181001,0
332240,0
181112,0
189750,1
194065,0
203413,0
386931,0
369930,0
84273,1
153473,0
236683,0
238877,0
13833,0
104527,0
180952,0
36728,0
21226,1
243095,0
294500,0
191517,0
42696,1
4614,0
169386,0
388730,0
201051,0
335307,0
218399,0
227265,0
51748,0
321957,0
236076,0
160282,0
300412,0
39190,0
258509,0
297081,0
103353,0
161356,0
219246,0
68634,0
240190,0
77389,0
100938,0
287810,0
240951,0
64326,0
386936,0
193311,0
48827,0
363592,0
64672,0
26629,0
96439,0
77400,0
240987,0
38411,0
84832,0
7008,0
345956,0
384451,0
116372,0
165297,0
10929,0
165041,0
28242,0
77766,0
207676,0
222278,0
243704,0
284101,0
220756,0
190586,0
360160,0
285701,0
278444,0
68680,0
172254,0
175223,0
357424,0
28518,0
138139,0
285895,0
62550,0
368892,0
235332,0
377960,0
94717,0
316602,0
60575,0
174407,0
116563,0
381132,0
31574,0
141663,0
138345,0
172307,0
89804,0
211069,0
246144,0
381923,0
45500,0
7825,0
90439,0
2178,0
199275,0
311589,0
13080,0
364064,0
381571,0
318876,0
54930,0
31526,0
217829,0
221090,0
196145,0
82066,0
72638,0
46229,0
184469,0
6298,0
250725,0
315727,1
152067,0
108294,0
301231,0
205409,0
293258,0
144288,0
179699,0
385884,0
10682,0
194268,1
257236,0
183668,0
276802,0
189890,0
248406,0
210051,0
309279,0
317251,0
300469,0
198562,0
154107,0
252062,0
206977,0
272485,0
52307,0
266733,1
345279,0
137769,0
288517,0
293226,0
263970,0
176981,0
66959,0
363518,0
355450,0
188687,0
85383,0
291256,0
132120,0
50021,0
167500,0
72556,0
93962,0
169630,1
2028,1
51178,0
269670,0
325654,0
39092,1
358706,0
81558,0
189010,0
144154,0
35616,0
165630,0
110395,0
217473,0
261510,0
61840,0
206506,0
335079,0
66613,0
323671,0
124902,0
205834,0
26299,0
260632,0
260113,0
113105,0
346200,0
163961,0
364423,0
196226,0
176476,0
234612,0
102023,0
378025,0
382083,0
373158,0
59063,0
316439,0
83214,0
38732,0
386771,0
105663,0
364652,0
5403,0
231645,0
56428,0
146136,0
110421,0
276658,0
171338,0
82537,0
341576,0
358809,0
86479,0
210634,0
362310,0
12848,0
39362,0
329684,0
220634,0
256776,0
83292,0
177239,0
128982,0
293726,0
45447,0
146049,0
299457,0
198524,0
187067,0
348957,0
168062,0
228053,0
133603,0
34206,0
190849,0
105945,0
69509,0
148900,0
369023,0
7704,0
297617,0
92033,0
81510,0
17934,0
82603,0
324397,0
183185,0
212139,0
270370,0
247069,0
236371,0
63711,0
141937,0
14685,0
78573,0
165833,0
6917,0
347554,0
388637,0
230376,0
164922,0
213378,0
341967,0
4420,0
246584,0
251319,0
192276,0
64109,0
354466,0
191826,0
100098,0
314824,0
141111,0
33242,0
311190,0
87979,0
209546,0
87677,0
37065,0
65088,0
124738,0
166701,0
300192,0
45193,0
238635,0
35838,0
376072,0
390087,0
295525,0
353737,0
36417,0
375436,0
254946,0
91509,0
177798,0
151438,0
28828,0
262044,0
321604,0
72655,0
170002,0
343323,0
249507,0
86998,0
143871,0
165924,0
191387,0
2572,0
358414,0
42117,0
387323,0
175294,0
285139,0
375104,0
42557,0
349688,0
374182,0
253709,0
288328,0
390181,0
92592,0
121358,0
390360,0
335023,0
259905,0
75531,0
8790,0
263646,0
227446,0
193841,0
40565,0
58127,0
18900,0
67114,0
357654,0
138008,0
369643,0
287834,0
180675,0
200307,0
30934,0
359986,0
147741,0
233646,0
115414,0
306733,0
209946,0
237284,0
375943,0
245627,0
126714,0
378522,0
40809,0
295817,0
69886,0
228621,0
322783,0
290854,0
124195,0
371201,1
313050,0
288955,0
160612,0
109568,0
322488,0
132776,0
242956,0
293829,0
138322,0
23660,0
84474,0
94354,0
242440,0
171520,0
176648,0
364195,0
384762,0
108221,0
161005,0
202794,0
59114,0
264410,0
1016,0
99276,0
3647,0
305967,0
377961,0
28534,0
301824,0
109161,0
338771,0
227195,0
251676,0
203861,0
148368,0
10843,0
125613,0
88451,0
95383,0
329966,0
97056,0
234847,0
146179,0
346853,0
152610,0
295941,0
152664,0
136318,0
322414,0
225997,0
353417,1
32980,0
354403,0
189858,0
214806,0
33427,0
136103,0
97634,0
109884,0
71074,0
246697,0
300591,0
304272,0
76992,0
247321,0
221157,0
162244,0
281561,0
246290,0
202999,0
360134,0
377150,0
379285,0
198745,0
99308,0
95119,0
330340,0
224109,0
113686,0
65230,0
141965,0
268097,0
59577,0
167973,0
45739,0
211009,0
90171,0
380146,1
327819,0
392017,0
320053,0
62377,0
113939,0
96183,0
364372,0
314781,0
261884,0
200415,0
50328,0
382705,0
198716,0
149036,0
186770,0
31207,0
26915,0
147390,0
318248,0
28431,0
137479,0
285192,0
12230,0
88172,0
66323,0
142108,0
269846,0
27123,0
113647,0
108598,0
385026,0
314980,0
126542,0
224490,0
4757,0
160096,0
122052,0
98036,1
344522,0
246775,0
205570,0
92683,0
97724,0
61388,0
64980,0
106182,0
359604,1
215742,0
61274,0
350657,0
210941,0
342848,0
263518,0
115707,0
254732,0
9657,0
331694,0
351436,0
313636,0
332960,0
389724,0
284093,0
289878,0
304240,0
275004,0
173527,0
205130,0
190804,0
142402,0
166271,0
197531,0
211491,0
124294,0
322096,0
191084,0
59986,0
286511,0
223121,0
351947,0
221088,0
124205,0
815,0
279099,0
348962,0
29301,0
43129,1
149405,0
275835,0
294458,0
92328,0
212348,0
218309,0
46780,0
360836,0
15061,0
145009,0
370711,0
15175,0
251964,0
131162,0
310348,0
180696,0
144327,0
344200,0
69145,0
295260,0
27667,0
212683,0
230088,0
30925,0
376452,0
246595,0
390717,0
87733,0
321544,0
96015,0
335063,0
93319,0
352139,1
309002,0
8677,0
205551,0
304139,0
46792,0
169516,0
197094,0
3585,0
323987,0
359375,0
308793,0
9480,0
202279,0
85166,0
248507,0
81627,0
246424,0
236425,0
73524,0
55602,0
382778,0
235071,0
35809,0
195232,0
382732,0
352326,0
314307,0
295789,0
61898,0
230089,0
5596,0
211036,0
63803,0
376444,0
88859,0
248236,0
240872,0
227186,0
77158,0
139464,0
166297,0
318436,0
95283,0
71993,0
252078,0
13525,0
235581,0
154038,0
113596,0
46669,0
81891,0
182594,0
130488,0
87373,0
378766,0
306388,0
103224,0
166272,0
177995,0
85607,0
38856,0
307518,0
226757,0
255374,0
328674,0
343791,0
195040,0
320919,0
26621,0
89197,0
389980,0
125796,0
243333,0
309194,1
174906,0
290630,0
103701,0
46183,0
70461,0
115167,0
238050,0
48618,0
183124,0
22108,0
165480,0
277120,0
31462,0
318572,0
119928,0
346706,0
98164,0
150025,0
359713,0
315497,0
377839,0
3143,0
319920,0
83065,0
61472,0
143934,0
134349,0
185329,0
164486,0
246912,0
159041,0
132335,0
52868,0
168415,0
243992,0
24416,0
223398,0
176432,0
221459,0
91479,0
221475,0
169792,0
145411,0
383793,0
377033,0
308737,0
73812,0
23901,0
209701,0
374899,0
379114,0
287482,0
331945,0
263265,0
75471,0
266254,0
328504,0
327345,0
18033,0
112557,0
310699,0
89124,0
52324,0
84453,0
154575,0
154700,0
197972,0
248744,0
167912,0
255167,0
192089,0
97419,0
308546,0
38559,0
293084,0
44185,0
311166,0
365220,0
163835,0
170738,0
369521,0
249412,0
348923,0
154283,0
163120,0
107119,0
53647,0
225235,0
214968,0
247153,0
238779,0
15447,0
13947,0
337690,0
184764,0
17972,0
251717,0
302922,0
112714,0
225010,0
193615,0
55389,0
160601,0
27365,0
51778,0
176827,0
238806,0
92975,0
380204,0
262014,0
395427,0
366214,0
330359,0
151036,0
148257,0
8477,0
87929,0
61823,0
125289,0
94270,0
106059,0
130539,0
268358,0
25901,0
9551,0
311966,0
23086,0
267030,0
252573,0
202199,0
381632,0
169450,0
14272,0
33316,0
51421,0
278798,0
63323,1
170556,0
296828,0
278315,0
175034,0
72448,0
355595,0
153540,0
51785,0
373681,0
46103,0
153934,0
369199,0
159232,0
301180,0
73309,0
237347,0
194357,0
366490,0
17456,0
226181,0
68621,0
179983,0
383836,0
341815,0
297479,0
31997,0
53190,0
32969,0
260566,0
303120,0
171964,0
389709,0
280042,0
18598,0
239823,0
173998,0
102999,0
169362,0
257629,0
255524,0
89492,0
201368,0
304748,0
108669,0
197419,0
126851,0
378119,0
160062,0
169244,0
326594,0
202472,0
241291,0
114506,0
272950,0
163273,0
281111,0
236575,0
322430,0
211550,0
346833,0
209610,0
36426,0
150308,0
211884,0
377640,0
219,0
262736,0
2286,0
220492,0
15009,0
284466,0
347686,0
150589,0
100522,0
232664,0
329940,0
275145,0
304861,0
114305,0
230331,1
298522,0
110044,0
392210,0
1542,0
124431,0
167367,0
270167,0
38027,0
178845,0
151966,0
363235,0
321597,0
8068,0
383886,0
229361,0
284150,0
70600,0
193290,1
282418,0
100097,0
318400,0
270157,0
21236,0
343967,0
4208,0
152452,0
215205,0
225039,0
213657,0
42653,0
79422,0
303206,0
199012,0
18262,0
282451,0
206056,0
165746,0
99625,1
148732,0
382063,0
224376,0
233905,1
126381,0
149704,0
368115,0
287382,0
94467,0
271178,0
198567,0
273117,0
166628,0
296536,1
166377,0
269190,0
329295,0
262201,0
336419,0
47407,0
151956,0
148720,0
386298,0
357291,0
319779,0
177812,0
260549,0
69986,0
316456,0
237109,0
344870,0
343287,0
270874,0
244043,0
51070,0
380855,0
136541,0
238853,0
182557,0
99796,0
169544,0
65825,0
91171,0
201492,0
299951,0
263112,0
229778,0
54231,1
225501,0
265974,0
321106,0
101328,0
278861,0
377815,0
259477,0
384413,0
36642,0
35507,0
240378,0
202333,0
224323,0
105130,0
205200,0
71091,0
88047,0
188036,0
117130,0
383515,0
352340,0
36566,0
152560,0
38724,0
353397,0
338013,1
290697,0
379914,0
165400,0
83215,0
134705,0
300297,0
202793,0
264909,0
264019,0
125002,0
255090,0
223844,0
307432,0
186222,1
251197,0
190812,0
132087,0
253705,0
131780,0
228884,0
309025,0
380296,0
352656,1
242513,0
338107,0
77228,0
84225,0
214090,1
232118,0
269768,0
263272,0
140176,0
80364,0
1204,0
336234,0
364380,0
54554,0
207117,0
164731,0
252899,0
107961,0
240143,0
391021,0
252033,0
326403,0
283386,0
147233,0
50287,0
339427,0
296678,0
199467,0
381797,1
11178,0
89495,0
285637,0
306621,0
6560,0
188551,0
118149,0
151912,0
310669,0
269061,0
267295,0
205368,0
380946,0
34295,0
148745,0
377247,0
119374,0
165936,0
291887,0
381397,0
378625,0
97090,0
115863,0
83823,0
121090,0
143885,0
110058,0
261992,0
394033,0
125013,0
299658,0
366338,0
160993,0
184741,0
120571,0
188219,0
46015,0
250514,0
199584,0
219056,0
298780,0
251830,1
237850,0
358399,0
238998,0
133928,0
17676,0
326165,0
228028,0
381664,0
141154,0
217309,0
22218,0
226233,0
60482,0
124794,0
17042,0
326945,0
167086,0
112241,0
39406,0
245115,0
284654,0
62896,0
395663,0
162458,0
337028,0
101042,0
148179,0
254546,0
39903,0
87505,0
338323,0
130102,0
42338,0
61796,0
270050,0
41530,0
303850,0
614,0
114137,0
16900,0
279326,0
114106,0
368450,0
132586,0
245303,0
249308,0
202198,0
300353,0
145293,0
249,1
115595,0
364729,0
132320,0
164495,0
273389,0
224084,0
276601,0
70719,0
8171,0
357815,0
357613,0
236783,0
296359,0
376360,0
151695,0
212059,0
316947,0
393332,0
395234,0
115107,0
341254,0
129266,0
9466,0
102177,0
195178,0
36897,0
10073,0
159028,0
197523,0
258476,1
25850,0
117176,0
258791,0
323838,0
286414,0
19063,0
37422,0
11451,0
328804,0
40335,0
253062,0
103386,0
152353,0
114696,0
321632,0
311393,0
100224,0
4231,0
201,0
360212,0
123470,0
10236,0
171048,0
330022,0
371930,0
340617,0
117217,0
128329,0
327536,0
61536,0
332487,0
180764,0
118577,0
258645,0
43575,0
179793,0
30371,0
295844,0
391124,0
281635,0
303841,0
212526,1
372702,0
174263,0
381188,0
217999,0
98368,0
296470,0
267717,0
316045,0
110189,0
172475,0
250256,0
144836,0
242451,0
130262,0
183884,0
94462,0
40068,0
323630,0
152229,0
12015,0
154968,0
388842,0
94387,0
220742,0
98848,0
308303,1
55156,0
393735,1
181346,0
26472,0
134156,0
60908,0
353655,0
339219,0
178707,0
390282,0
336331,0
159185,0
233360,1
203497,0
164690,0
393896,0
295000,0
179729,0
83287,0
193679,0
40746,0
277730,0
242260,0
27688,0
71522,0
86275,0
302528,0
203990,0
229165,0
289909,0
203745,0
245015,0
53205,0
325018,0
370401,0
43155,0
271955,0
125722,0
211982,0
111224,0
181506,0
294105,0
198107,0
24938,0
364940,0
75870,0
62432,0
331608,0
157442,0
206813,0
332426,0
156931,0
75243,0
330283,0
145973,0
179586,0
384959,0
477,0
254626,0
253039,0
130445,0
188487,0
169905,0
153552,0
281064,0
164327,1
118392,0
315361,0
10071,0
378657,0
77647,0
30578,0
185579,0
61031,0
272759,0
172177,0
180213,0
45768,0
306617,0
387655,0
114244,0
17859,0
137244,0
167151,0
3230,0
10108,0
116092,0
119671,0
311943,0
310958,0
104734,0
322912,0
31306,0
54530,0
157438,0
13778,0
298000,0
352312,0
348836,0
189421,0
251968,0
197165,0
328247,0
58244,0
91693,0
296136,0
345210,0
296474,0
289979,0
269216,0
179105,0
242992,0
140697,0
32768,0
184013,1
304762,0
295609,0
356140,0
275549,0
91411,0
265635,1
111817,0
146099,0
29012,0
38929,0
107196,0
295701,0
58538,0
198000,0
217176,0
155181,0
307414,0
44861,0
95146,0
371124,0
112826,0
264238,0
28870,0
119729,0
213300,0
128246,0
381665,0
77531,0
35099,0
120534,0
322927,0
307120,0
343099,0
372199,0
177296,0
161080,0
395552,0
63012,0
69251,0
153365,0
267188,0
122522,0
31380,0
267730,0
149953,0
139748,0
132685,0
106829,0
78643,0
34361,0
146393,0
391606,0
197284,0
374298,0
223787,0
344386,0
131441,0
144442,0
153317,0
139733,0
24857,0
49570,0
281813,0
235965,0
179958,0
231842,0
110656,0
238001,0
297033,0
11897,0
305891,0
144326,0
105450,0
195205,0
326423,0
45018,0
209626,0
63779,0
360530,0
80734,0
101765,0
203214,0
60241,0
300414,0
393104,0
115392,0
31520,0
219370,0
157463,0
387182,0
136299,0
21003,0
93817,0
254432,0
263624,0
92281,0
89051,0
19113,0
119450,0
374868,0
168054,0
371121,0
142275,0
346899,0
178684,0
332431,0
392976,0
41538,0
241491,0
108869,0
226501,0
288985,0
224824,0
70916,0
196669,0
263075,0
179500,0
35737,0
219914,0
143930,0
85187,0
77054,0
191017,0
57288,0
235875,0
39150,0
42979,0
311330,0
324876,0
39260,0
87684,0
351374,0
77528,0
106483,0
359922,0
150069,0
44054,0
390587,0
143074,0
24477,0
83185,1
283668,0
331317,0
352302,0
301874,0
226666,0
116552,0
105882,0
125873,0
28548,0
42482,0
61915,0
171441,0
6792,0
319540,0
240182,0
195115,0
371676,0
236165,0
120893,0
131332,0
63677,0
234717,0
241927,0
28332,0
122331,0
351756,0
41468,0
231985,0
197626,0
16560,0
252786,0
208611,0
254317,0
140841,0
159932,0
219213,0
262501,0
8748,0
253008,0
377104,0
75827,0
272394,0
341253,0
364793,0
333914,0
4987,0
178861,0
200744,0
109266,0
211533,0
168500,0
161728,0
8767,0
239403,0
195088,0
114641,0
185850,0
142672,0
173802,0
238243,0
95664,0
140858,0
120256,0
270354,0
332902,0
373601,0
101279,0
157113,0
74791,0
116975,0
112959,0
316813,0
292692,0
260055,0
79918,0
302962,0
389270,0
351950,0
8535,0
309832,0
158405,0
236487,0
169158,0
40844,0
224433,0
73362,0
171379,0
24654,0
358567,0
359249,0
21482,0
99058,0
335715,0
119820,0
11348,0
198612,0
380997,0
300655,0
47810,0
393548,0
84741,0
1048,0
335934,0
224288,0
113022,0
218536,0
366867,0
388664,0
99493,0
135955,0
173836,0
78905,1
363372,0
367302,0
161822,0
45555,0
383979,0
90459,0
99091,0
214621,0
147208,0
344637,0
141328,1
301189,0
263575,0
276993,0
95635,0
303190,0
191586,0
220805,0
360170,0
55435,0
106315,0
256773,0
27461,0
156422,0
309603,0
40396,0
368771,0
31831,0
221539,0
368788,0
365498,0
242752,0
58770,0
376237,0
194093,0
189177,0
308720,0
387502,0
358924,0
55012,0
149686,0
74439,0
194367,0
28714,0
126407,0
113425,0
132345,0
294010,0
310466,0
44407,0
308983,0
160851,0
160745,0
748,0
24294,0
312913,0
40222,0
50929,0
302614,0
117548,0
352276,0
278814,0
234673,0
339143,0
267,0
44115,0
45057,0
231051,0
301395,0
197507,0
136823,0
242658,0
198470,0
331821,0
8415,0
173987,0
162975,0
373187,0
44866,0
149920,0
276218,0
46106,0
172859,0
196921,1
56359,0
189587,0
68064,0
123872,0
191733,0
112829,0
239308,0
177815,0
253104,0
326441,0
74582,0
310802,0
298582,0
155396,0
32351,0
90408,0
290599,0
320363,0
96782,0
43439,0
259089,0
164982,0
331904,0
27225,0
246155,0
263704,0
375327,1
26150,0
78713,0
219762,0
162945,0
17845,0
303270,0
353473,0
316805,0
10558,0
24316,0
119049,0
176121,0
309089,0
12913,0
250747,0
23074,0
263417,0
151069,0
63448,0
288417,0
140293,0
266852,0
144885,0
99691,0
286180,0
28617,0
251172,0
212132,0
152098,0
346861,0
150833,0
12260,0
322589,1
280122,0
26929,0
57173,0
29580,0
73469,0
117255,0
180824,0
262564,0
329917,0
138753,0
240409,0
86426,0
69306,0
65553,0
103568,0
228979,0
30775,0
60031,0
278772,1
37386,0
121550,0
374804,0
12206,0
356532,0
345077,0
281438,0
316111,0
288897,0
233304,0
211678,0
231357,0
366149,0
312499,0
17059,0
164089,0
360607,0
101128,0
334902,0
247639,0
131186,0
13517,0
15222,0
83976,0
97578,0
78249,0
340086,0
229006,0
64638,0
41343,0
156714,0
197322,0
129570,0
32097,0
196283,0
150028,0
273518,0
319992,0
67987,0
303956,0
182889,0
130440,0
371444,0
344705,1
282228,0
20292,0
84006,0
256612,0
20382,0
382397,0
12437,0
330792,0
35899,0
216582,0
114964,0
41810,0
179678,0
259297,0
298643,0
278239,0
344505,0
303012,0
332269,0
42171,0
76374,0
121183,0
111476,0
40947,0
224855,0
246056,0
388184,0
188039,0
181237,0
380593,0
69398,0
227181,0
248276,0
56305,1
312137,0
171710,0
61348,0
204456,0
102758,0
281579,0
223979,0
8270,0
323071,0
256829,0
287864,0
352037,0
7540,0
329473,0
119664,0
387098,0
202963,0
220950,0
256993,0
65301,0
303747,0
185814,0
87211,0
150062,0
222495,0
71960,0
286445,0
313882,0
189517,0
19055,0
124306,0
12715,0
24329,0
242980,0
122434,0
308034,1
264298,0
354461,0
212574,0
98690,0
133247,0
234986,0
347276,0
66627,0
89645,0
212369,0
108845,0
223790,0
87998,0
66286,0
268401,1
212510,0
368269,0
264381,0
82754,0
303651,0
229447,0
65631,0
335144,0
58742,0
84465,0
375169,0
295297,0
340616,0
195514,0
215958,0
140209,0
60382,0
209570,0
92887,0
141244,0
267718,0
129112,0
99278,0
119538,0
71218,0
382198,0
151214,0
374202,0
188433,0
234575,0
273177,0
153638,0
335027,0
239885,0
143471,0
139813,0
386508,0
172291,0
6810,0
172320,0
65608,0
355848,0
337209,0
371563,0
143638,0
114378,0
248829,0
99810,0
204741,0
125998,0
347341,0
41360,0
262382,0
8246,0
219443,0
303869,0
199818,0
187085,0
203794,0
256921,0
108836,0
288391,0
297341,0
365583,0
84447,1
394005,0
85614,0
243539,0
143344,0
200463,0
144190,0
53225,0
21034,1
103707,0
271585,0
193561,0
76185,0
159272,0
33625,0
239856,0
135188,1
93420,0
288205,0
97919,0
287620,1
194084,0
262200,0
164965,0
330913,0
10189,0
296661,0
377953,0
231333,0
319877,0
297559,0
246870,0
116153,0
126712,0
388196,0
168570,0
83232,0
311153,0
104373,0
356597,0
165047,0
144365,0
116718,0
59624,0
226994,0
211467,0
285412,0
286065,0
251880,0
130448,0
257727,0
352503,0
88865,0
268088,0
48698,0
81397,0
395406,0
305839,0
104673,0
307746,0
11926,0
156628,0
1798,0
339209,0
136465,0
47825,0
250762,0
294383,0
215371,0
325766,0
89922,0
88393,0
215012,0
78847,0
95600,0
75613,0
54922,0
386778,0
248153,0
366926,0
191354,0
322215,0
164572,0
79999,0
313822,0
133245,0
232735,0
284853,0
274646,0
393377,0
91150,0
128221,0
31826,0
322857,0
335284,0
234019,0
113548,0
372477,0
281453,0
25103,0
302233,0
62797,0
18722,0
371279,0
229517,0
203646,0
372795,0
386937,0
47811,0
77152,0
162241,0
148513,0
179512,0
61893,0
339725,0
256458,0
214715,0
100733,0
141140,0
80446,0
183707,0
197823,0
217028,0
359467,0
249727,0
163177,0
124025,1
374412,0
373445,0
380870,0
9369,0
75714,0
216594,0
286857,0
353314,0
300377,0
242822,0
15942,0
140141,0
79532,0
320048,0
131555,0
314539,0
106165,0
115734,0
117657,0
103574,0
100199,0
303836,0
52632,0
36875,0
263936,0
385703,0
135674,0
343602,0
15928,0
238902,0
161596,0
284857,0
93272,0
159026,0
270166,0
382401,0
252294,0
44886,0
263025,0
278366,0
262725,0
233827,0
45132,0
182470,0
227614,0
184999,0
110000,0
387977,0
253839,0
344307,0
31233,0
235781,0
67765,0
325879,0
379550,0
101068,0
59329,0
342656,0
271742,0
194269,0
291979,0
86350,0
239595,0
142578,0
309192,0
168348,0
78043,0
375674,0
575,0
370255,0
223741,0
144536,0
298306,0
195268,0
342231,0
164030,0
363138,0
285966,0
181397,0
19708,0
71981,0
167813,1
182555,0
345518,0
340156,0
17665,0
154230,0
394504,0
31598,0
308133,0
94595,0
197898,0
271120,0
70887,0
95303,0
348851,0
119885,0
337453,0
99057,0
126434,0
275247,0
162069,0
147062,0
300373,0
4145,0
16437,0
98090,0
141034,0
154137,1
132235,0
114098,0
184176,0
328316,0
127872,0
239674,0
85793,0
48421,0
391700,0
13003,0
55879,0
205992,0
377499,0
64543,0
139184,1
47910,0
277353,0
58085,0
119924,0
205071,0
97233,0
196,0
269043,0
202091,0
227203,0
90150,0
244300,0
135468,0
124581,0
138298,0
97824,0
364236,0
291287,0
72488,0
83681,0
287936,0
224699,0
225903,0
379959,0
320085,0
377537,0
79622,0
338168,0
49451,0
169499,0
238383,0
61645,0
328026,0
83541,0
124308,0
38924,1
40608,0
205647,0
201029,0
182947,0
124427,0
36367,0
184239,0
366155,0
328295,0
213496,0
105503,0
216748,0
169832,0
128250,0
380885,0
70098,1
167679,0
20813,0
87809,0
211690,0
163748,0
99052,0
229271,0
125785,0
388488,0
254267,0
179860,0
111342,0
243437,0
392887,0
59306,0
187281,0
37004,0
183825,0
260025,0
120037,0
388571,0
294377,0
267693,0
105475,0
251638,0
388923,0
169814,0
184016,0
180384,0
199054,0
254035,0
30719,0
395125,0
74842,0
363220,0
166114,1
61315,0
143858,0
76855,1
81054,0
216579,0
260787,0
183184,0
76399,0
290612,0
159295,0
304551,0
303350,0
69567,0
282570,0
245537,0
114796,0
265166,0
96357,0
32826,0
140806,0
303925,0
123433,0
135877,0
394840,0
300968,0
283869,0
299351,0
267559,0
379789,0
361473,0
14247,0
159761,0
288592,0
150457,0
151422,0
224465,0
330771,0
37667,0
24689,0
123467,0
322059,0
393776,0
95423,0
116074,0
260225,0
354994,0
291480,0
223971,0
173847,0
25298,0
333091,0
353974,0
88769,0
387395,0
92776,0
192409,0
30783,0
308549,0
120400,0
179136,0
307616,0
344779,0
22339,0
329884,0
218646,0
170132,0
291039,0
306371,0
294909,0
205721,0
344656,0
183563,0
49392,0
20369,0
27560,0
384354,0
248525,0
164323,0
311565,0
290984,0
108346,0
208631,0
151455,0
69319,0
361101,0
393810,0
137552,0
212915,0
293589,0
368442,0
214692,0
275493,0
192366,0
33965,1
369498,0
118675,0
215430,0
326719,0
47340,0
198212,0
301413,0
332723,0
113495,0
194494,0
141249,0
20089,0
35754,0
242420,0
162484,0
213324,0
204546,0
306591,0
304243,0
138165,1
209685,1
133816,0
315534,0
59337,0
252582,0
355887,0
311844,0
363285,1
151525,0
261369,0
111777,1
369577,0
178635,0
86650,0
184929,0
343574,0
386299,0
48493,0
105970,0
23146,0
115058,0
247770,0
36068,0
326131,0
236611,0
261343,0
173357,0
92656,0
91884,0
99642,0
321342,0
326591,0
292668,0
78499,0
144993,0
271534,0
357731,0
99370,0
28461,0
175497,0
142709,0
177588,0
326037,0
176732,0
30201,0
129207,0
350739,0
120281,0
142134,0
162049,0
291167,1
119462,0
121957,0
46056,0
47149,0
218165,0
315051,0
256161,0
235290,0
153704,0
296492,0
242437,0
308624,0
96376,0
287665,0
233133,0
252957,0
190496,0
20573,0
344710,0
94623,0
164359,0
109753,0
9030,0
11654,0
178006,0
287011,0
257112,0
9077,0
265521,0
37061,0
310825,0
244384,0
86804,0
254858,0
359588,0
295901,0
245755,0
352689,0
294549,0
300141,0
87255,0
179483,0
251816,0
124733,0
160638,0
295392,0
232828,0
298542,0
63177,0
15839,0
82619,0
55614,0
277589,0
84788,0
151030,0
266370,0
142091,0
290849,0
56852,0
26958,0
33789,0
153255,0
253586,0
307267,0
353569,0
55927,0
245046,0
73678,0
177039,0
200072,0
95687,0
284494,0
214935,0
146015,0
157604,0
260514,0
292788,0
185667,0
377969,0
207556,0
190965,0
311534,0
334989,0
295055,0
77049,0
113745,0
276693,0
28896,0
297418,0
275612,0
64031,0
292025,0
320671,0
41491,0
55850,0
222123,0
135942,0
102104,0
246968,0
319949,1
238849,0
123112,0
311975,0
351647,0
129764,0
178643,0
231273,0
371666,0
364764,0
320098,0
128326,1
314382,0
140280,0
395384,0
3451,0
340789,0
121028,0
209712,0
97362,0
252719,0
65119,0
331763,0
192466,0
119106,0
2484,1
11282,0
107027,0
368120,0
123364,0
62153,0
207393,0
366427,0
288379,0
376809,0
52215,0
278365,0
250120,1
229917,0
101333,0
355520,0
251400,0
200540,0
188599,0
170136,0
274668,0
270902,0
113227,0
145014,0
24364,0
95758,0
256524,0
375752,0
60155,0
166338,0
321172,0
17619,0
91230,0
171443,0
173347,0
48870,0
336454,0
236193,0
159931,0
111379,0
113411,0
35323,0
363417,0
149288,0
208639,0
265845,0
8223,0
362464,0
120466,0
343974,0
33123,0
33661,0
122981,0
73635,0
118667,0
65065,0
202404,0
68676,0
360623,0
196433,0
111824,0
89042,1
302064,0
130879,0
365081,0
307113,0
47070,0
239887,0
275619,0
321569,0
259396,0
223558,0
178160,0
185370,0
376933,0
129523,0
210817,0
174567,0
370654,0
351212,0
342588,0
321212,0
174762,0
566,0
194101,0
313096,0
334324,0
266057,0
90594,0
66345,0
190473,0
82068,0
147887,0
204815,0
112231,0
135236,0
67219,0
382951,0
336078,0
120737,0
120462,0
107474,0
55523,0
304648,0
246359,0
275035,0
182499,0
185064,0
361297,0
194562,0
264056,0
266034,0
80094,0
235732,1
364257,0
186652,0
233084,0
35085,0
309908,0
204536,0
271412,0
220249,0
73144,0
156276,0
9005,0
216339,0
391276,0
220412,0
354280,0
32269,0
391487,0
134883,0
39019,0
183901,0
373664,0
315587,0
253755,0
159456,0
46360,0
178060,0
223530,0
37239,1
236881,0
372455,0
305187,0
236204,0
34259,0
156195,0
341401,0
279498,0
273417,0
199908,0
10241,0
339870,0
316930,0
289939,0
139569,0
262430,0
167907,0
72856,0
348417,0
223196,0
376793,0
192415,0
15601,0
245440,0
10593,0
375,0
346550,0
357521,0
67983,0
2432,0
301048,0
279769,0
272359,0
100141,0
332561,0
228076,0
42733,0
121798,0
108726,0
128042,0
189071,0
334956,1
104056,0
220039,0
307399,0
291250,0
316370,0
345549,0
355673,0
269983,0
93193,0
220036,0
275032,0
339629,0
203808,0
148599,0
357494,0
109994,0
182861,0
395170,0
166555,0
328018,0
108105,0
252694,0
157327,0
235834,0
312601,0
178846,0
369142,0
171634,0
167612,0
337678,0
394665,0
70895,0
344092,0
212549,0
156952,0
241055,0
260729,0
262427,0
104329,0
50400,0
345221,0
187975,0
323386,0
266174,0
135931,0
273070,0
273208,0
326841,0
382565,0
347021,0
169562,0
138934,0
179550,0
236464,0
55105,0
218070,0
174360,0
308487,0
345867,0
148365,0
251602,0
395906,0
350456,0
172076,0
346111,0
174584,0
269064,0
159214,0
354824,0
369281,0
330585,0
104858,0
194389,0
69013,0
358570,0
337952,0
371109,0
341284,0
259900,0
381126,0
99964,0
243390,0
115663,0
101715,1
158762,0
263162,0
113779,1
317808,0
177893,0
200394,0
2305,0
163977,0
238068,0
38677,0
360764,0
208520,0
354714,1
339889,0
221616,0
364457,0
329025,1
36066,0
74533,0
118987,0
360483,0
336940,0
318277,0
37345,0
355954,0
331790,0
304099,0
286661,0
69179,0
115172,0
12994,0
263291,0
386459,0
335945,0
88762,0
328196,0
284369,1
119781,0
130490,0
288386,0
11802,0
250469,0
152913,1
199300,0
279483,0
193266,0
112143,0
33062,0
131065,0
235906,0
12331,0
62747,0
330492,0
45185,0
394841,0
307112,0
382934,0
62613,0
138125,0
108631,0
189068,0
305453,0
373434,0
186177,0
383369,0
315594,0
56312,0
366084,0
106189,0
379283,0
60314,0
188139,0
307455,0
185702,0
325987,0
97848,0
75156,0
77356,0
102491,0
166997,0
76787,0
330180,0
310591,0
260186,0
222736,0
261168,0
351652,0
173990,0
249567,0
83036,0
28092,0
48151,0
365707,0
251140,0
145726,0
71983,0
57114,0
352049,0
23323,0
99210,0
236186,0
177063,0
109246,0
390908,0
131187,0
176726,0
387078,0
350782,0
136548,0
34350,0
171057,0
24489,0
353723,0
155689,0
97547,0
193624,0
242419,0
292732,0
352273,0
370851,0
123666,0
48360,0
281043,0
348120,0
90183,0
295623,0
245787,0
65247,0
118249,0
12983,0
76783,0
122237,0
330717,0
306456,0
24056,0
338033,0
364338,0
354881,0
290324,0
33458,0
349480,0
129219,0
14295,0
93821,0
173565,0
166985,0
32434,0
347832,0
208399,0
346598,0
99591,0
336944,0
362620,1
81970,0
361277,0
78931,0
255320,0
85437,0
290388,0
290411,0
353323,0
151458,0
394028,0
379960,0
71968,0
168672,0
341555,0
295052,0
299519,0
7068,0
297148,0
115389,0
98162,0
41926,0
151720,0
28626,0
214628,0
347659,0
6420,0
250376,0
71775,0
45704,0
392142,0
261839,0
326659,0
179056,0
151841,0
150586,0
105341,0
377487,0
112914,0
274103,0
352987,0
346256,0
132601,0
117743,0
55062,0
334365,0
76050,0
210266,0
246754,0
326728,0
319593,0
348937,0
29445,0
177689,0
66564,0
27440,0
211379,0
364169,0
247901,0
232929,0
386378,0
131029,0
78234,0
234853,0
186167,0
225532,0
29001,0
168004,0
391900,0
283760,0
15276,0
370631,0
84621,0
68988,0
317689,0
78830,0
337744,0
183775,0
64744,0
307879,0
313006,0
166467,0
380574,0
262091,0
254654,0
371661,1
338124,0
54201,0
268826,0
198961,0
76288,0
364325,0
291869,0
205249,0
45857,0
115630,0
390515,0
304783,0
96228,0
133811,0
266410,0
26015,0
45141,0
40028,0
196100,0
291624,0
192823,0
116343,0
386974,0
225629,0
190318,0
96608,1
110019,0
389511,0
56158,0
30258,0
223683,0
167268,0
365280,0
337538,0
334126,0
34163,0
274969,0
261388,0
294135,0
2172,0
243078,0
320405,0
13374,0
111316,0
2057,0
317058,0
93078,0
130077,0
247610,0
218894,0
179613,0
374973,0
354977,0
299415,0
258148,0
50702,0
277688,0
18364,0
93869,0
196928,0
225134,0
235637,1
153554,0
50402,0
303302,0
288225,0
66969,1
17056,0
28925,0
274936,0
129891,0
336475,0
177724,0
254527,0
357598,0
191058,0
227609,0
226148,0
219979,0
324573,0
255687,0
254808,0
375309,0
227413,0
198222,0
251854,0
245237,0
112769,0
83879,0
350194,0
314035,0
159434,0
251228,0
265445,0
197041,0
340494,0
375122,0
139231,0
148808,0
223686,0
318243,0
131184,0
37788,0
344606,0
148249,0
76547,0
112584,0
149469,0
360752,0
277594,0
338087,0
383976,0
265202,0
283243,0
8973,0
170130,0
140088,0
235260,0
234881,0
83628,0
79813,0
291380,0
379016,0
112439,0
18377,1
3065,0
289264,0
109782,0
20228,0
343334,0
359923,0
308454,0
267158,0
303877,0
114248,0
293156,0
130806,0
215669,0
243860,0
102391,0
360924,0
71007,0
268567,0
171856,0
327184,0
107641,0
360575,0
289330,0
9142,0
112010,0
255293,0
85865,0
9631,0
262384,1
41175,0
216373,0
365952,0
202552,0
205587,0
292506,0
277014,0
331519,0
154197,0
212782,0
62277,0
50667,0
388635,0
174926,0
269051,0
92229,0
60626,0
208763,0
295190,0
120590,0
1471,1
20706,0
54030,0
326911,0
69392,0
55269,0
202881,0
356141,0
241142,0
210320,0
344268,0
187011,0
337595,0
350920,0
289651,0
77667,0
282229,0
16949,0
117799,0
152259,0
323334,0
198428,0
343237,0
307458,0
126531,0
342068,0
373059,0
240109,0
184231,0
276397,1
181287,0
371242,0
33248,0
141203,0
289272,0
28755,0
391699,0
22891,0
266838,0
96514,0
223064,0
69897,0
206803,0
188592,0
243709,0
103871,0
236559,0
283899,0
371249,1
124507,0
152108,0
152047,0
13030,0
186453,0
268182,0
99339,0
338139,0
139891,0
105091,0
367580,0
120086,0
393161,0
149936,0
192394,0
162858,0
309995,0
293295,0
349162,0
159524,0
225141,0
197337,0
270334,0
214833,0
375197,0
351676,0
236258,0
289520,0
198338,0
161178,0
11267,0
208576,0
193034,0
292495,0
304715,0
328302,0
267483,0
181308,0
290291,0
283555,0
44568,0
12402,0
45880,0
52487,0
182987,0
297938,0
166118,0
277048,0
261804,0
310249,0
383872,0
378673,0
97900,0
354885,0
113651,0
192120,1
286570,0
355647,0
395531,0
203735,0
134862,0
230778,0
23827,0
309960,0
132558,0
314083,0
342429,0
12271,0
16898,0
325418,0
347977,0
77214,0
229173,0
320432,0
136445,0
235931,0
55381,0
367892,0
372280,0
48534,0
361597,0
374516,0
20535,0
271779,0
165845,0
395783,0
373118,0
288130,0
243109,1
365587,0
15139,0
257528,0
70385,0
68683,0
196325,0
74316,0
35449,0
41732,0
146856,0
364723,0
314087,0
306363,0
124720,0
371388,0
283808,0
237234,0
38133,0
363325,0
48170,0
319708,0
272055,0
293651,0
193366,0
374810,0
271768,0
370946,0
124088,0
54291,0
103945,0
296038,0
314654,0
92466,0
6953,0
354807,0
236815,0
42648,0
5619,0
175723,0
189107,0
256192,0
350430,0
17520,0
171384,0
346915,0
198659,0
84009,0
341776,0
245239,0
172408,0
56222,0
13997,0
167410,0
6835,0
49912,0
135000,0
141566,0
20094,0
227973,0
186743,0
153545,0
53051,0
52120,0
66848,0
221687,0
108803,0
67646,0
273700,0
29026,0
332748,0
85656,0
191827,0
45840,0
56365,0
212813,0
82755,0
257305,0
4795,0
346539,0
147926,0
204761,0
187238,0
107219,0
118457,0
383346,0
329080,0
181528,0
130639,0
100027,0
241206,0
177635,0
231442,0
6997,0
236581,0
80864,0
229623,0
185143,0
82861,0
228019,0
214879,0
36491,0
204518,0
226967,0
364741,0
231136,0
287445,0
276656,0
290213,0
150383,0
114874,0
252916,0
293613,0
380312,0
4917,0
301705,0
35881,0
358912,0
343739,0
8850,0
288039,0
175559,0
231823,0
208671,0
230145,0
87689,0
95204,0
296679,0
246654,0
285305,0
344316,0
187546,0
224736,0
258425,0
348466,0
191655,0
314440,0
145877,0
112220,1
328659,0
86475,0
299666,0
113897,0
337142,0
214625,0
357527,0
44540,0
12224,0
316072,0
323738,0
118970,0
131066,0
252027,0
316253,0
35932,0
37572,0
249180,0
113070,0
168304,0
213920,0
40108,0
239618,0
283500,0
154440,0
249629,0
44448,0
190717,1
122042,0
143971,0
352890,0
296634,0
61709,0
330583,0
265177,0
215928,0
154750,0
356011,0
267014,0
96692,0
190449,0
26023,0
298717,0
104897,0
386405,0
381275,0
119186,0
34583,0
277430,0
17423,0
106699,0
365078,0
380208,0
207068,0
160145,0
359580,0
22177,0
235793,0
241366,0
241298,0
262137,0
72229,0
97167,0
20659,0
362095,0
201612,0
6755,0
110593,0
320899,0
175226,0
375457,0
256734,0
59786,0
248580,0
308610,0
43066,0
96158,0
214344,0
253209,0
62775,0
217409,1
222194,0
131249,0
53485,0
179547,0
149391,0
370761,0
181328,0
116294,0
63254,0
152965,0
227415,0
360370,0
140458,0
112265,0
350105,0
169790,0
146048,0
330890,0
123884,0
185826,0
165558,0
155057,0
124800,0
129263,0
392092,0
190660,0
52892,0
52374,0
240368,0
38268,0
241427,0
343836,0
338407,0
9615,0
352631,0
126620,0
14213,0
207137,0
9303,0
173853,0
82844,0
224667,0
78844,0
238177,0
256008,0
256120,0
61447,0
88704,0
217487,0
101253,0
295080,1
368492,0
82985,0
132836,0
127746,0
343301,0
323345,0
29471,0
231199,0
176824,0
108885,0
188199,0
237311,0
383104,0
292394,0
72861,0
158785,0
182798,0
116973,0
194078,0
172139,0
128029,0
147153,0
32840,0
158322,0
49290,0
142832,0
78697,0
349585,0
289417,0
261410,0
20701,0
169075,0
250544,0
48751,0
212010,0
246409,0
21960,0
326100,0
43441,0
366298,0
1205,0
100587,0
15798,0
248481,0
122274,0
372187,0
220288,0
249621,0
191916,0
282685,0
293993,0
365931,0
335271,0
49084,0
351262,0
89975,0
115514,0
98695,0
176124,0
360670,0
280638,0
55791,0
267261,0
318860,0
103810,0
20797,0
132211,0
153968,0
365509,0
9297,1
242337,0
174249,1
182709,0
114241,0
33645,0
226428,0
43925,0
127309,0
179924,0
340237,0
42509,0
236330,1
95278,0
289392,0
288617,0
130333,0
132664,1
90471,0
19679,0
115519,0
155917,0
387955,0
267035,0
58000,0
23524,0
160754,0
12730,0
267652,0
152860,0
220843,0
25623,0
184045,0
84987,1
302307,0
346432,0
210321,0
180190,0
394651,0
128363,0
256388,0
271758,0
390946,0
145591,0
79451,0
10064,0
323842,0
234749,0
44488,0
313571,0
366450,0
40490,0
345997,0
36208,0
164338,0
77196,0
265092,0
63998,1
284438,0
207248,0
206226,0
333806,0
105250,0
211663,0
261711,0
15220,0
202431,0
310491,0
140696,0
88778,0
242001,0
274101,0
202440,0
20392,0
46298,0
250559,0
28673,0
255345,0
220090,0
45855,0
68518,0
370899,0
117181,0
57663,0
147160,0
156852,0
314915,0
33189,0
293897,0
142206,0
137213,0
21258,1
1097,0
354861,0
198117,0
338961,0
253041,0
147340,0
146541,0
272116,0
164411,0
225635,0
113702,0
191645,0
96066,0
237140,0
238764,0
326416,0
233296,1
129094,0
2008,0
128265,0
331678,0
182332,0
18152,0
300411,0
32733,0
212786,0
350056,0
319036,0
344439,0
186587,0
289407,0
185561,1
185316,0
36236,0
155799,0
240350,0
162381,0
317865,0
335129,0
337660,0
339116,0
325541,0
63873,0
124437,0
277276,1
385187,0
52530,0
74722,0
92423,0
181878,0
284490,0
69009,0
172731,0
394788,0
112930,0
147689,0
347623,0
332528,0
267019,0
284261,0
83455,0
140994,0
312181,0
129654,0
278161,0
206543,0
168403,0
125530,0
212351,0
20567,0
179727,0
255388,0
259520,0
175779,0
95168,0
216490,0
322156,0
284359,0
26578,0
10838,0
380377,0
370409,0
294852,0
312547,0
174924,0
351932,0
67699,0
272521,0
281200,0
234901,0
54101,0
168669,0
317072,0
235285,0
305630,0
85490,0
5543,0
344561,0
142972,0
374864,0
254219,1
202297,0
251709,0
292731,0
315419,0
231690,0
276627,0
388746,0
198598,0
306678,0
200041,0
341884,0
206610,0
223651,0
248143,0
250953,0
317506,0
127527,0
27157,0
276923,0
71398,0
309244,0
116387,0
45086,0
311793,0
354657,0
90177,0
51420,0
108113,0
176662,0
358352,0
132161,0
254473,0
86608,0
262613,0
265730,0
383729,0
144170,0
228234,0
360380,0
14784,0
88518,0
90623,0
56632,0
194840,0
204477,0
127478,0
20125,0
193139,0
186248,0
87345,0
341450,0
226744,0
376372,0
323553,0
26328,1
380909,0
204231,0
8706,0
11547,0
236410,0
384020,0
227400,0
199877,0
379493,0
364842,0
303460,0
231308,1
41263,0
124416,0
93462,0
219806,0
241800,0
329670,0
10704,0
287392,0
93985,0
86401,0
350437,0
93062,0
286971,0
311834,0
101791,0
298310,0
254184,0
289929,0
38775,0
361856,0
292244,0
214400,0
144309,0
127090,0
313874,0
273864,0
154621,0
72865,0
43381,0
246248,0
237386,0
141500,0
378980,0
342603,0
110922,0
12979,0
183899,0
37733,0
219748,0
286400,0
258955,0
280535,0
103625,0
233926,0
191398,0
248075,0
190306,0
60587,0
145247,0
212226,0
71099,0
383995,0
258282,0
206989,0
182609,0
292996,0
282929,0
134103,0
128111,1
345829,0
231040,0
380112,0
370759,0
84415,0
71100,0
177494,0
89686,0
142812,0
252829,0
125150,0
194001,0
62788,0
378891,0
34554,0
336996,0
92601,0
256930,0
66703,0
208668,0
212089,0
268792,0
205886,0
91824,0
49783,0
44570,0
295177,0
291191,0
23375,0
334723,0
386383,0
244693,0
95104,0
74376,0
38806,0
297177,0
114513,0
86329,0
146648,0
162513,0
350801,0
239300,0
229280,0
332924,0
50864,0
36339,1
243489,0
116087,0
164130,0
22958,0
384665,0
24419,0
287855,0
393464,0
108948,0
348095,0
93074,0
270355,0
9842,0
265813,0
51245,0
323841,0
347206,0
16301,0
175595,0
124539,0
385481,0
56044,0
134968,0
100977,0
223206,0
276381,0
209749,1
379213,0
172555,0
74633,0
307214,0
359480,0
21276,0
214469,1
305367,1
278815,0
374256,0
26531,0
120200,0
173912,0
255095,0
149170,0
62364,0
299017,0
293275,0
301778,1
33624,0
171156,0
213469,0
384434,0
241663,0
373387,0
92946,0
168693,0
382697,0
152101,0
284362,0
107865,0
233419,0
86400,0
338913,0
197223,0
390765,0
33219,0
273733,0
107726,0
198293,0
268446,0
89199,0
357659,0
390883,0
258641,0
271962,0
282585,0
222637,0
110055,0
354849,0
381087,0
146221,0
227932,0
214495,0
183554,0
213675,0
381721,0
48580,0
138573,0
245305,0
160572,0
278242,0
337141,0
15613,0
367854,0
223973,0
180616,0
130308,0
59280,0
84161,0
22999,0
116772,0
358578,0
23300,0
197989,0
317581,0
9995,0
14065,0
40925,0
362514,0
49967,0
271647,0
102402,0
317933,0
136393,0
215479,0
8797,0
109310,0
274570,0
347607,0
16366,0
44332,0
148973,0
217034,0
364218,0
42113,0
230819,0
109664,0
187185,0
196119,0
147592,0
279812,0
98951,0
301852,0
240408,0
212504,0
226986,0
273921,0
390243,0
31310,0
393468,0
200319,0
290201,0
267516,0
243888,0
245446,0
281591,0
5343,0
146451,0
205104,0
106319,1
300453,0
369821,1
173038,0
345697,0
341031,0
287312,0
113034,0
353898,0
115822,0
201372,0
317430,0
257124,0
188336,0
118649,0
132959,0
86067,0
233397,0
217548,0
271563,0
359075,0
319349,0
262849,0
45850,0
228036,0
203045,0
263338,0
54668,0
395617,0
172978,0
256896,0
312778,0
164773,0
182079,0
391826,0
88159,0
55123,0
254704,0
81383,0
40272,0
308485,0
239202,0
40953,0
190097,0
325087,0
103272,0
139355,0
270400,0
37888,0
390483,0
17288,0
259239,0
27130,0
108815,1
361788,0
172143,0
45075,0
265277,0
59261,0
245357,0
128001,0
103320,0
253852,0
171435,0
383455,1
301178,0
19471,0
48524,0
258157,0
361734,0
143591,0
336713,0
265551,0
362500,0
382438,0
125759,0
61691,0
104063,0
177754,0
288403,0
291114,0
266868,0
180658,0
358620,0
224812,0
89007,0
142245,0
31157,0
347868,0
222781,0
196818,0
366927,0
282059,0
323500,0
47856,0
342393,0
144751,0
135207,0
52488,0
287446,0
204501,0
248914,0
356498,0
286051,0
231956,0
276546,0
118195,0
39745,0
303164,0
269722,0
226130,0
119074,0
92146,1
139899,0
175696,0
108308,0
235192,0
289119,0
389395,0
168243,0
114733,0
233189,0
307561,0
174283,0
180441,0
282886,0
233551,0
222154,0
166637,0
125087,0
81978,0
33492,0
92795,0
86080,0
346113,0
301091,0
264589,0
335933,0
172780,0
22064,0
230650,0
256412,0
101413,0
272220,0
54014,0
242832,0
250574,0
99693,0
249084,0
20239,0
320701,0
190582,0
319918,0
214181,0
369210,0
245351,0
249402,0
380292,0
318536,0
368372,0
207905,0
260971,0
220275,0
54180,0
18873,0
200141,0
352712,0
132246,0
109585,0
279388,0
52861,0
189669,0
213518,0
301082,0
377312,0
36093,0
392830,0
232895,0
35663,0
274048,0
312471,0
95454,0
204824,0
343977,0
208562,0
241969,0
312578,0
37275,0
306090,0
356261,0
264644,0
303459,0
311242,0
345322,0
198360,0
280580,0
249097,0
391061,0
42908,0
352194,0
377157,0
317084,0
11110,0
192728,0
160102,0
386420,0
361239,0
351220,0
228826,0
6268,0
126539,0
27277,0
261811,0
341139,0
196445,0
353484,0
346384,1
281499,0
195353,0
287681,0
337490,0
56561,0
76732,0
52849,0
193592,1
282510,0
333238,0
4442,0
63788,0
121638,0
217697,0
354520,0
172657,0
218932,0
53304,0
68165,0
374375,0
52789,0
188681,0
135206,0
384117,0
306499,0
79015,0
163002,0
107443,0
334710,0
201726,0
53581,0
386981,0
278453,0
54990,0
315309,0
304498,0
12882,0
197505,0
87582,0
188147,0
7754,0
91883,0
94466,0
259556,0
76956,0
246830,0
32986,0
1043,0
194838,0
71451,1
301558,0
341033,0
77608,0
162136,0
335292,0
342270,0
291518,0
110247,0
138641,0
357951,0
349066,0
99075,0
221094,0
284082,0
300448,0
66465,1
285593,0
373499,0
195694,0
311848,0
97884,0
18316,0
276036,0
220594,0
193222,0
104416,0
172543,0
307237,0
97608,0
33006,0
387935,0
318446,0
273607,0
234394,0
198288,0
304481,0
387954,0
186696,0
259899,0
311908,0
271676,0
154183,0
171371,0
24596,0
387411,0
365115,0
3822,0
316787,0
334552,0
387687,0
349768,0
52905,0
252640,0
85666,0
357569,0
210665,0
308996,0
95930,0
235750,0
230731,0
394915,0
348220,0
123709,0
345944,0
379155,0
159473,0
25772,0
228930,0
113193,0
297006,0
25331,0
169762,0
224351,0
307318,0
96814,0
242707,0
50344,0
103808,0
394313,0
394759,0
36131,0
23510,0
282627,0
346197,0
318004,0
371987,0
59236,0
219429,0
147960,0
150366,0
177259,0
341063,0
103575,0
307920,0
389094,0
183592,0
92951,0
43102,0
18586,0
308851,0
13871,1
329491,0
185601,0
213505,0
46220,0
80912,0
305442,0
101858,0
300374,0
43184,0
270096,0
281845,0
145520,0
313547,0
182372,0
30157,0
119351,0
329797,0
118862,0
9022,0
353053,0
48063,0
123917,0
377123,0
278533,0
387649,0
309815,0
350398,0
389089,0
329588,0
204221,0
320966,0
316977,0
298090,0
380050,0
365005,0
192505,0
296894,0
277439,0
59107,0
117352,0
370775,0
28137,0
313647,0
120224,0
217377,0
47543,0
127900,0
44341,0
312484,0
3107,0
347291,0
269999,0
156071,0
23075,0
101046,0
321662,0
356749,0
226732,0
262277,0
60959,0
353099,1
107187,0
92594,0
212820,0
269851,0
19655,0
358652,0
6574,0
56829,0
90484,0
29193,0
85077,0
175005,0
382302,0
121463,0
340870,0
153828,0
55916,0
238117,0
207492,0
175950,0
8081,0
290556,0
4376,0
1331,0
184403,0
251482,0
367647,0
128774,0
130417,0
241253,0
267177,0
194018,0
119722,0
183351,0
283877,0
199690,0
87170,0
108321,0
113386,0
285006,0
349012,0
356805,0
172806,0
249154,0
208720,0
161915,0
382498,0
267815,0
316421,0
297788,0
370195,0
4501,0
316778,0
289463,0
103148,0
389994,0
145273,0
266240,0
109200,0
310754,0
219372,0
384908,0
277710,0
281127,0
386191,0
142181,0
212263,0
48464,0
116200,0
223364,0
43516,0
301267,0
143176,0
166651,0
252443,0
248468,0
144842,0
91978,0
11761,0
359012,0
380731,0
233843,0
296030,0
345317,0
192702,0
323509,0
387102,0
252644,0
102794,0
323862,0
60923,0
7253,0
111658,0
271007,0
142034,0
227795,0
49744,0
332337,0
248122,0
61453,0
353951,0
149446,0
115515,1
360838,0
383567,0
347973,0
346831,0
127060,0
46271,0
50371,0
45195,0
377192,0
292093,0
75957,0
116241,0
346441,0
263525,0
360656,0
12231,0
107522,0
130282,0
264009,0
253536,0
201348,0
153291,0
370955,0
166604,0
237216,0
89358,0
7397,0
168540,0
209545,0
91676,0
305429,0
11753,0
71217,0
2149,0
221512,0
261539,0
124209,0
237920,0
114780,0
138305,0
313766,0
129548,0
215041,0
294457,0
47637,0
161548,0
291801,0
76743,0
163787,0
185996,0
286500,0
379159,0
82131,0
47670,0
90149,0
354384,0
281718,0
241924,0
385752,0
323369,0
188259,0
192485,0
91805,0
90517,0
171592,0
153681,0
309737,0
132205,0
362058,0
10182,0
254538,0
68080,0
377396,0
53201,1
4386,0
71251,0
192257,0
340562,0
69144,0
43207,0
192717,0
133029,0
77317,0
176223,1
347869,0
141553,0
372876,0
259889,0
129258,1
387981,0
202478,0
257514,0
207524,0
113499,0
318515,0
323807,0
122892,0
107068,1
371853,0
91630,0
335015,0
164430,0
120445,0
84242,0
271052,0
240020,0
229888,0
299107,0
370437,0
286327,0
40436,0
335290,0
9720,0
209762,0
80129,0
326187,0
260685,0
228909,0
156560,0
310667,0
112843,0
137649,0
176330,0
6758,0
243062,0
259115,0
95413,0
278954,0
375252,0
45851,0
100872,0
326990,0
222468,0
74761,0
178656,1
297870,0
275360,0
234231,0
321948,0
356996,0
186086,0
308323,0
292422,0
147322,0
179066,0
376672,0
292948,0
259933,0
35551,1
62824,0
271853,0
278790,0
176072,0
348067,0
359642,0
227954,0
124728,0
167252,0
35445,0
312842,1
129399,0
249111,0
50216,0
368602,0
194862,0
8513,0
387291,0
51021,0
2335,0
123302,0
820,0
102593,0
282276,0
338660,0
100968,0
157444,0
366245,0
283101,0
238974,0
321259,0
235656,0
71480,0
378013,0
219757,0
29878,0
352010,0
241022,0
1423,0
149868,0
111529,0
333683,0
64941,0
70120,0
303424,0
112221,0
284226,0
254183,0
109790,0
303263,0
43507,0
264651,0
249750,0
315987,0
279612,0
50361,0
41372,0
354964,0
104434,0
93790,0
380128,0
214265,0
328030,0
380400,0
10129,0
291515,0
242728,0
275591,0
114958,0
139959,1
170953,0
384563,0
295118,0
161876,0
257144,0
66289,0
192571,0
360822,0
193123,0
214929,0
145379,0
133767,0
241915,0
235439,0
185095,0
93023,0
359121,0
394630,0
17653,0
108863,0
299091,0
132652,0
23093,0
314197,0
14399,0
76453,0
131207,0
331433,0
306127,0
158030,0
207934,0
245540,0
158163,0
170037,0
130732,0
7481,0
275663,0
123649,0
90672,0
163160,0
241039,0
50417,0
299841,0
271791,0
295419,0
88341,0
116209,0
18498,0
107983,0
162159,0
64484,0
39593,0
111063,0
65762,0
45730,0
157562,0
194129,0
270987,0
139651,0
85138,0
139763,0
65896,0
343013,0
290747,0
345524,0
53243,0
41347,0
188422,0
104274,0
284295,0
355664,0
368104,0
290044,0
301729,0
64064,0
268284,0
323656,0
157375,0
101206,0
249775,0
30026,0
389857,0
158374,0
56220,0
71375,0
58057,0
80647,0
331673,0
207420,0
4797,0
62295,0
340578,0
118833,1
297443,0
224910,0
382978,0
128981,0
312964,0
140152,0
315890,0
365515,0
257003,1
60768,0
95634,0
106257,1
67088,0
234602,0
70970,0
258446,0
309974,0
139206,0
165620,0
350660,0
384495,0
104260,0
2051,0
124163,0
92696,0
2709,0
312013,0
382468,0
249076,0
358842,0
375232,0
84392,0
294756,0
32134,0
257291,0
233017,0
368795,0
66503,0
384478,0
320233,0
252589,0
221334,0
148455,0
136197,0
155147,0
80869,0
186205,0
9561,0
74183,1
132866,0
250222,0
33192,0
226201,0
340667,0
36416,0
390309,0
268904,0
66934,1
53807,0
132582,0
242138,0
189003,0
355268,0
128526,0
125219,0
138730,0
96505,0
353046,0
244407,0
52470,0
387931,0
367781,0
170412,0
274050,0
262134,0
80894,0
227774,0
347716,0
201120,0
119364,0
69910,0
174631,0
187948,0
71640,0
20144,0
240624,1
270868,0
140363,0
295571,0
344220,0
225647,0
280440,0
360311,0
4264,0
139045,0
220508,0
202632,0
10931,0
236184,0
361957,0
1535,0
392235,0
239240,0
206513,0
277350,0
159849,0
331780,0
209181,0
80422,0
148126,0
7055,0
322137,0
61857,0
200649,0
11896,0
386017,0
77170,0
230959,0
323602,0
202495,0
158734,0
290124,0
321857,0
51330,0
171178,0
244287,0
135956,0
155615,0
240420,0
271833,0
292768,0
286338,0
144544,0
261683,1
20277,0
325456,0
335465,0
93244,1
131086,0
185620,0
297520,0
333836,0
243734,0
369916,0
85197,0
327185,0
26137,0
143833,0
292131,0
128969,0
30711,0
69439,0
378192,0
7361,0
2218,0
12423,0
117375,0
55440,0
187418,0
95681,0
284898,0
311748,0
175383,0
107558,0
310733,0
328527,0
30143,0
60476,0
15414,0
238527,0
39088,0
354965,0
76600,0
267233,0
39683,0
331963,0
295618,0
184984,0
195516,0
260503,0
357686,0
98539,0
339950,0
229010,0
380105,0
378118,0
9625,0
168391,0
195686,0
76464,0
266559,0
132231,0
276632,1
377249,0
23508,0
236667,0
253964,0
27658,0
13397,0
190377,0
138145,0
140979,0
14534,0
133546,0
69573,1
60063,0
188966,0
283225,0
146197,0
180206,0
324815,0
76844,0
330936,0
336683,0
273966,0
389995,0
276073,0
102835,0
51236,0
316118,0
27697,0
236633,0
45725,0
189213,0
271249,0
179434,0
170555,0
333122,0
350252,0
102531,0
380832,0
335732,0
22782,0
275298,0
137457,0
154738,0
173458,0
295339,0
331801,0
51619,0
261616,0
343928,0
5204,0
303878,0
160445,0
308068,0
153124,0
382840,0
9210,0
272789,0
112259,0
162250,0
99366,0
296079,0
211786,0
297956,1
373391,0
128931,0
329902,0
242061,0
314244,0
84055,0
332365,0
305860,0
116075,0
299696,0
123523,0
39783,0
96350,0
388890,0
360902,0
317030,0
359746,0
290153,0
332358,0
143735,0
13230,0
367659,0
112046,0
32675,0
38647,0
369711,0
253315,0
58320,0
141315,0
201769,0
266300,0
330535,0
94423,0
396024,0
13383,0
238213,0
248387,0
272311,0
212283,0
322821,0
292278,0
51062,0
116996,0
237027,0
322911,0
188042,0
274540,0
184189,0
53845,0
159489,0
92075,0
90816,0
74137,0
17225,0
20254,0
333343,1
357347,0
238523,1
380366,0
375106,0
236847,0
201313,0
47817,0
199512,0
235478,0
196319,0
95077,0
20579,0
342968,0
273550,0
123732,0
237712,0
359123,0
192228,0
393412,0
374565,0
332413,0
31087,0
392194,0
332132,0
152468,0
190460,0
289768,0
312519,0
191009,0
145557,0
269259,0
329804,0
68384,0
392313,0
48921,0
178324,0
229673,0
81927,0
78348,0
102707,0
120146,0
375282,0
174615,0
53435,0
340149,0
173596,0
238026,0
9744,0
177683,0
205840,0
198540,0
368286,0
301228,0
330658,0
221651,0
206265,0
85836,0
259880,0
245207,0
104773,0
389878,0
23618,0
84599,0
394707,0
212152,0
42191,0
151,0
331274,0
267805,0
10985,0
18204,0
229064,0
141918,0
297525,0
243315,0
80765,0
79726,0
59397,0
42487,0
260001,0
253002,0
119477,0
176953,0
291100,0
383844,0
181714,0
190945,0
243328,0
388968,0
173758,0
322606,0
393403,0
35376,0
229365,0
338524,0
171509,0
180305,0
273289,0
371362,0
188509,0
344967,0
119890,0
27359,0
249133,0
235693,0
144729,0
163254,0
244141,0
293184,0
331612,0
174562,0
78379,0
327835,0
360266,0
214711,0
192113,0
27445,0
173654,0
12000,0
231877,0
123905,0
179854,0
85458,0
243973,0
117127,0
149345,0
287663,1
386574,0
104654,0
139761,0
96245,0
295726,0
26176,0
394757,0
39241,0
237737,0
89691,0
226980,0
103291,0
236401,0
294715,0
20495,0
208789,0
188439,0
10580,0
23071,0
105073,0
252447,0
362960,0
294325,0
207198,0
186720,0
175093,0
290952,0
212513,0
307173,0
217971,0
226715,0
388839,0
126420,0
71995,0
135375,0
311127,0
291675,0
393422,0
216915,0
260467,0
203375,0
218205,0
116638,0
208916,0
140874,1
278017,0
336784,0
362789,0
262945,0
316249,0
145645,0
87618,0
141280,0
45699,0
241833,0
256677,0
350176,0
292514,0
103253,0
43450,0
307954,0
10824,0
239438,0
391979,0
292193,0
177088,0
353270,0
348875,0
192117,0
191207,0
149940,1
249282,0
107240,0
358646,0
11062,1
173774,0
63211,0
389394,0
108801,0
9338,0
64095,0
352759,0
55683,0
175922,0
244054,0
286622,0
167925,0
273438,0
214641,0
177550,0
300924,0
270465,0
240127,0
42559,0
394828,0
255595,0
394262,0
102350,0
324467,0
134834,0
368158,0
355208,0
113561,0
156132,0
170684,0
118400,0
122059,1
77188,0
101099,0
374134,0
238577,0
149645,0
159578,0
225973,0
128593,1
142023,0
277380,0
163536,0
360238,0
336890,0
51815,0
206034,0
306880,0
232504,0
281981,0
153286,0
45972,0
119141,0
236203,0
95464,0
289356,0
41049,0
330996,0
265344,0
176205,0
330680,0
352377,0
92242,0
264290,0
319853,0
199924,0
108145,0
11007,0
69283,0
252763,0
381714,0
279898,0
349633,0
37508,0
222788,0
103398,0
233122,0
273812,0
395373,0
50619,0
41476,0
98217,0
286426,0
7332,0
236572,0
204177,0
220952,0
55723,0
277523,0
47357,0
122197,0
59298,0
258456,0
35026,0
160587,0
213087,0
189846,0
37861,0
185674,0
90373,0
133620,0
359658,0
31987,0
293214,0
278912,0
153113,0
253682,0
141457,0
84862,0
100298,0
70212,0
255092,0
47067,0
387842,0
3699,0
62996,0
263084,0
228121,0
393762,0
109989,0
141292,0
292324,0
12071,0
42716,0
24821,0
36556,0
301074,0
240755,0
356878,0
297098,0
390691,0
198623,0
309249,0
344031,0
347682,0
85993,0
260661,0
123086,1
99126,0
215047,0
262909,0
64519,0
19251,0
160435,0
114834,0
14419,0
379901,0
370459,0
115298,0
145257,0
78565,1
258391,0
89550,0
201824,0
367387,0
328918,1
198092,0
13800,0
54351,0
143300,0
330972,0
263837,0
217542,0
322508,0
215924,0
333496,0
323177,0
46855,0
140014,0
329583,0
380211,0
141775,0
314552,0
176448,0
392646,0
179392,0
198455,0
89572,0
178341,0
309772,0
393354,0
299670,0
159952,0
146882,0
91510,0
153872,0
89925,0
140310,0
18503,0
231756,0
108915,0
166399,0
390085,0
123221,0
137529,0
160135,0
317601,0
280364,0
20691,0
60581,0
198509,0
178394,0
139596,0
231392,0
57820,0
272295,0
236001,0
86951,0
377345,0
185762,0
154613,0
68783,0
263543,0
94106,0
291226,0
341309,0
382776,0
311633,0
327852,1
135518,0
188680,0
212434,0
388646,0
343417,0
134246,0
155425,0
54792,0
331676,0
282754,0
285467,0
287413,0
139056,0
184036,0
333317,0
17165,0
112117,0
384203,0
305384,0
81340,0
270459,0
147373,0
341595,0
195511,0
30226,0
376396,0
266572,0
218101,0
123823,0
32991,0
18158,0
17986,0
42720,0
237350,0
105394,0
395989,0
87439,0
78252,0
390160,0
48281,0
32325,0
340983,0
280465,0
364568,0
168416,0
148094,0
289956,0
98658,0
161625,0
57239,0
101348,0
68670,0
106356,0
7436,0
300451,0
102049,1
20889,0
251959,0
294200,0
54777,0
314287,0
64172,0
318494,0
217931,0
193776,0
325618,0
32071,0
22283,0
277156,0
151243,0
296392,0
82443,0
321234,0
4019,0
202902,0
379865,0
231960,0
344051,0
43122,0
26524,0
160188,0
340762,0
261585,0
346934,0
150595,0
106221,1
352392,0
221669,0
207337,0
38163,0
278221,0
181400,0
171254,0
206211,0
274955,0
345064,1
83270,0
349937,0
170823,0
201162,0
279230,0
347754,0
384453,0
323315,0
391600,0
18044,0
324540,0
90504,1
167401,0
269695,0
157020,0
278782,0
361778,0
344232,0
82311,0
298132,0
340908,1
163190,0
188897,0
133481,0
388643,0
125302,0
291736,0
204084,0
232352,0
129130,0
122119,0
148692,0
235407,0
135953,0
329459,0
325905,0
232283,0
309390,0
89566,0
177007,0
312102,0
264484,0
44393,0
293023,0
296447,0
390401,0
49510,0
150263,0
123231,0
131260,0
244616,0
14740,0
332427,0
70149,0
297264,0
273101,0
302839,0
237973,0
199731,0
183938,0
309873,1
250198,0
257606,0
212826,0
338558,0
224249,0
74655,0
37428,0
98075,0
234284,0
90649,0
20694,0
224464,0
273670,0
230992,0
132021,0
315884,0
183131,0
134251,0
11424,0
155978,0
306109,0
380991,0
227539,0
309333,0
269206,0
391135,0
86629,0
25565,0
152748,0
103152,0
302325,0
317875,0
201521,0
96558,0
213879,0
224438,0
210734,0
282424,0
195659,0
41464,0
290783,0
23786,0
319197,0
237988,0
90660,0
176958,0
230106,0
269736,0
188877,0
75614,0
87908,0
40624,0
41233,0
126111,0
322092,0
169187,1
117860,0
233302,0
371033,0
38516,0
149164,1
63417,0
146496,0
145774,0
342935,0
143656,0
383462,0
372355,1
159794,0
109035,0
310549,0
310642,0
232029,0
294347,0
328660,0
60664,0
83567,0
84996,0
14670,0
137058,0
54338,0
288818,0
107791,0
368619,0
200919,0
12247,0
318034,0
317958,0
180677,0
372462,0
182361,0
52913,0
384038,0
270579,0
230754,0
337513,0
51028,0
224569,0
149828,0
163418,0
150046,0
100886,0
106521,0
1179,0
298108,0
302104,0
92362,0
207266,0
219184,0
29138,0
352479,0
14238,0
279384,0
384410,0
196453,0
53202,0
72971,0
291835,0
370882,0
342216,0
363800,0
29594,0
128984,0
310861,0
83811,0
395394,0
280689,0
289933,0
134315,0
243393,0
79486,0
24216,0
135712,0
73480,0
194554,0
361878,0
167195,0
170042,0
268395,0
89836,0
12671,0
200927,0
382856,0
195943,0
279541,0
284617,0
170452,0
273722,0
260663,0
238312,0
62983,0
34242,0
308762,0
183475,0
377452,0
27018,0
6289,0
253388,0
57414,0
2884,0
227760,0
47294,0
190585,1
300283,0
211857,0
324181,1
225108,0
135119,0
221688,0
250396,0
215590,0
180126,0
44690,0
16835,0
386626,0
343116,0
243008,0
280653,0
197651,0
35769,0
262565,0
154406,0
301240,0
74810,0
6511,0
92700,0
153342,0
364772,0
210751,0
206769,0
184259,0
322825,0
35828,0
225362,0
253199,0
116705,0
313857,0
65641,0
280386,0
380182,0
78337,0
212603,0
125085,0
365345,0
243243,0
264773,0
315225,0
74125,0
27873,0
247842,0
158918,0
294874,0
295583,0
222037,0
295397,0
298340,0
335998,0
341020,0
4871,0
217823,0
267909,0
129771,0
176312,0
34487,0
185345,0
53150,0
366199,0
234489,0
184459,0
380591,0
127621,0
161707,0
140909,0
383529,0
212824,0
356467,0
344979,0
29200,0
140334,0
289544,0
385344,0
276059,0
99512,0
34635,0
62491,0
164707,0
103400,0
119087,0
336394,0
307452,0
82472,0
300747,0
371210,0
263171,0
254869,1
238585,0
206562,0
103710,0
221084,0
263652,0
270631,0
56179,0
292575,0
160354,0
19756,0
362257,0
110144,0
184827,0
353928,0
133700,0
395901,0
81984,0
283294,0
242366,0
9813,0
370614,0
231416,0
84704,0
194358,0
395676,0
115435,1
226087,0
113784,0
23580,0
51678,0
144331,0
274116,0
74760,0
196934,0
370325,0
133038,0
196749,0
347166,0
69027,0
360648,0
340867,0
12855,0
185582,0
312776,0
69523,0
358039,0
385876,0
376395,0
96963,0
37415,0
361683,0
25020,0
334284,0
107828,0
38741,1
76191,1
117376,0
830,0
357898,0
116905,0
44229,0
203249,0
326616,0
168319,1
308828,0
268739,0
161978,0
33092,0
26097,0
387399,0
222944,0
149544,0
191683,0
116730,0
142363,0
189921,0
326617,0
312270,0
123767,0
310398,0
350673,0
297796,0
360224,0
334103,0
207895,0
282976,0
261910,0
130880,0
342013,0
235432,0
65041,0
281517,0
263737,0
34999,0
222465,0
341213,0
23737,0
220797,0
83625,0
61918,0
343716,0
201360,0
365852,1
245691,0
390736,0
335696,0
121662,0
64444,0
31017,0
209547,0
173494,0
301012,0
216950,0
95352,0
380506,0
201306,0
349536,0
21884,0
327510,0
209001,0
387643,0
373950,0
79110,0
21587,1
167474,0
264862,0
193791,0
309345,0
18655,0
227417,0
113912,0
386483,0
98386,0
332949,0
159982,0
360009,0
382896,0
283463,0
210725,0
147790,0
223278,0
151409,0
387675,0
50409,0
34979,0
240705,0
293501,0
24276,0
339895,0
138168,0
44966,0
370436,0
260794,0
32451,0
233027,0
9894,0
385205,0
17268,0
286085,0
104655,0
255658,0
277421,0
234111,0
236635,1
368651,0
34814,0
145072,0
126490,0
5004,0
322486,0
347818,0
89752,0
383612,0
139979,0
162205,0
155079,0
272180,0
83147,0
292391,0
266361,0
162709,0
211450,0
297508,0
75927,0
108192,0
48983,0
271864,0
318025,0
289315,0
347357,0
7957,1
341816,0
281104,0
127745,0
82439,0
38098,0
239816,0
129118,0
13501,0
121347,0
189124,0
301600,0
189821,0
123849,0
291773,0
333681,0
199204,0
103922,0
9811,0
316501,0
366197,0
219159,0
38782,0
260793,0
312809,0
163107,0
199567,0
239818,0
77414,0
202536,0
337252,0
371208,0
291878,0
171654,0
15843,0
281492,0
372026,0
138016,0
147929,0
60731,0
96393,0
151995,0
196518,0
6397,0
181353,0
117920,0
288877,0
207721,0
216194,0
359953,0
181455,0
5755,0
142293,0
261696,0
179234,0
306314,0
220693,1
240875,0
297526,0
332322,0
141119,0
63046,0
157118,0
58352,0
186332,0
172960,0
79920,0
345333,0
179384,0
345277,0
310143,0
16959,0
235801,0
28499,0
127995,0
66271,0
327027,0
47349,0
194764,0
98115,0
97002,0
202337,0
122949,0
354125,0
56376,0
16270,0
44645,0
36551,0
264252,0
89043,0
360996,0
201761,0
259019,0
199628,0
126764,0
343820,0
391114,1
84563,0
164893,0
256463,0
164300,0
87243,0
103599,0
334416,0
94313,0
79844,0
276365,0
185875,0
52337,0
81267,0
122489,0
88706,0
2846,0
172759,0
260424,0
248402,0
50962,0
48070,0
302366,0
70920,0
141501,0
111146,0
382701,0
297461,0
52680,0
237771,0
35627,0
233337,0
29343,0
10519,0
380723,0
157825,0
115813,0
66202,0
299122,0
374802,0
49315,0
115348,1
323650,0
367422,0
92525,0
53515,0
52011,0
298943,0
58899,0
296628,0
191352,0
75273,0
35246,0
293491,0
100723,0
13660,0
231224,0
201528,0
218669,0
288929,0
82692,0
223134,0
348060,0
122603,0
212755,0
180699,0
151392,0
117627,0
139857,0
38921,0
373431,0
143523,0
353349,0
301325,0
76582,0
67591,0
307336,0
339256,0
355190,0
144483,0
338544,0
10318,0
371578,0
270373,0
152497,0
297507,0
229581,0
359493,0
141303,0
209295,0
173279,1
380985,0
49183,0
141703,0
247910,0
125972,0
297732,0
219251,0
379176,1
60636,0
292953,0
220964,0
301887,0
204097,0
387906,0
184560,0
284355,0
266824,0
345709,0
210802,0
347759,0
182243,0
7648,0
190801,0
368334,0
216618,0
338504,0
323517,0
373542,0
20410,1
342695,1
164404,0
39386,0
207270,0
44236,0
127988,0
348049,0
128287,0
106343,0
235890,0
370541,0
156617,0
382509,0
235744,0
380894,0
249166,0
173934,0
176279,0
253866,0
196675,0
108355,1
257857,0
240162,0
395363,0
167898,0
124967,0
80931,0
236293,0
371654,0
365471,0
341596,0
97875,0
208983,0
209316,0
335963,0
23523,0
166423,0
128412,0
264972,0
157158,0
24751,0
82330,0
339373,0
198074,0
326388,0
332300,0
104717,0
193459,0
389953,0
210736,0
212141,0
381747,0
355989,1
15688,0
128293,0
346457,0
114015,0
84752,0
368237,0
250864,0
235857,0
73834,0
200468,0
132057,0
99541,0
352047,0
25315,0
5190,0
71297,0
355170,0
28446,0
100406,0
325055,0
361826,0
236769,0
325878,0
36854,0
101464,0
126177,0
119569,0
54258,0
235344,0
104870,1
269752,0
185805,0
331392,0
48517,0
378297,0
302287,0
249505,0
150993,0
28202,1
20492,0
167034,0
25575,1
370184,0
249375,0
126664,0
110396,0
184468,0
292717,0
248640,0
326644,0
316405,0
8482,0
3462,0
211498,0
40150,0
182669,0
349896,0
199945,0
2687,0
334935,1
338899,0
73263,0
370285,0
205493,0
234196,0
22719,0
361578,0
78170,0
191261,0
366572,0
296478,0
154007,0
119080,0
112251,0
30892,0
274095,0
5585,0
152928,0
158613,0
262130,0
375635,0
91548,0
365356,0
394287,0
41069,0
43113,0
306551,0
154895,0
159117,0
316618,0
114341,0
171920,0
2536,0
226396,0
154582,0
155308,0
79459,0
53011,0
279000,0
69977,0
260377,0
338882,0
35182,0
389207,0
321870,0
120315,0
136615,0
31978,0
382543,0
248146,0
175326,0
48219,0
80854,0
332081,0
281183,0
218576,0
13720,0
343769,0
207811,0
149663,0
86973,0
5132,0
248526,0
279165,0
290506,0
200814,0
93282,0
348471,0
302455,0
369477,0
169406,0
237168,0
135590,0
139170,0
180096,0
122259,0
239373,0
67833,0
48794,0
60874,0
24261,0
180862,0
291477,0
92179,0
180620,0
318175,0
340181,0
116239,0
174201,0
111889,0
29162,0
308311,0
55658,0
372525,0
194448,0
167248,0
275586,0
137495,0
242126,0
4794,0
7076,0
271605,0
393216,0
15567,0
7320,0
296099,0
3616,0
334924,0
92643,0
158877,0
174079,0
61828,0
264031,0
253011,0
254,0
133152,1
47493,0
332029,0
392967,0
194349,0
62562,0
263976,0
195151,0
370795,0
322081,0
338272,0
313439,0
257967,1
203265,1
235364,0
274587,0
366033,0
35328,0
25359,0
187356,0
28520,0
193248,0
107479,0
273301,0
152612,0
205659,0
381473,0
25140,0
325043,0
329799,0
186341,0
197166,0
136580,0
69724,0
94818,0
45348,0
328125,0
82048,0
292267,0
107359,0
72235,0
390840,0
299548,0
199643,0
372607,0
40831,0
313396,0
275063,0
34955,0
145807,0
327972,0
148471,0
44465,0
101956,0
110834,0
183158,0
346007,0
277636,0
107590,0
164580,0
104701,0
139799,0
202419,0
86991,0
261486,0
144443,0
290651,0
115591,0
45189,0
38729,0
209647,0
168605,0
340549,0
66891,0
176388,0
361663,0
373929,0
183875,0
86747,0
339628,0
112460,0
80085,0
244756,1
177057,0
378277,0
76648,0
54548,0
310332,0
332594,0
354599,0
205745,0
60961,0
331116,1
149417,0
357629,0
151640,0
80625,0
55660,0
161732,0
122635,0
155380,0
374506,0
224243,0
229422,0
245720,0
132860,0
342262,0
364200,0
207871,0
185125,0
345875,0
178150,0
331960,0
27426,0
281149,1
287875,0
165776,0
233892,0
248999,0
25291,0
29292,0
261093,0
226526,0
237241,0
300122,0
348524,0
64178,0
88192,0
36457,0
371263,0
242671,0
246809,0
118076,0
39393,0
373732,0
191104,0
175301,0
194816,0
323697,0
96355,0
98035,0
165272,0
113943,0
349155,0
102355,0
104078,0
54614,0
122127,0
167923,0
210192,0
279002,1
182227,0
71071,0
158801,0
213733,0
173905,0
319268,0
286195,0
272547,0
127189,0
47369,0
191807,0
126296,0
136918,0
158362,0
349345,0
17931,0
85369,0
199639,0
142575,0
113748,0
223093,0
25970,0
314763,0
236122,0
148349,0
125464,0
230713,0
119714,0
63927,0
181333,0
97639,0
321695,0
390070,0
366177,0
128777,0
356569,0
114162,1
208517,0
23212,0
222792,0
157671,0
290513,0
90693,0
271926,0
125003,1
298007,0
283584,0
105399,0
46129,0
140355,0
269518,0
255404,0
332896,0
213631,0
333018,0
148404,0
17117,0
333218,0
103211,0
36804,0
260456,0
85745,0
167273,0
211811,0
74739,0
4831,0
192850,0
35705,0
320187,0
277001,0
225286,0
340228,0
258625,0
281273,0
370545,0
295902,0
9859,0
6724,0
332583,0
357959,0
94407,0
2322,0
223510,0
64486,0
200861,0
94307,0
141992,0
371253,0
306690,0
17312,0
29422,0
236356,0
302086,0
31050,0
177076,0
205657,0
179673,0
137679,0
324126,1
334900,0
317685,0
216945,0
383478,0
320492,0
186479,0
83665,0
268365,0
268329,0
346840,0
138678,0
251800,0
366156,0
366356,0
146068,0
77910,0
348087,0
169642,0
59641,0
156070,0
234535,0
328007,0
341231,0
85518,0
83477,0
237497,0
373630,0
29772,0
203160,0
248983,0
85659,0
155122,0
247797,0
335195,0
5200,0
382715,0
243040,0
301890,0
27509,0
389842,0
38907,0
75705,0
321858,0
249046,0
321872,0
176586,0
32878,0
67682,0
141586,0
61433,0
42123,0
101114,0
41040,0
254009,0
175267,1
70172,0
48353,0
212323,0
181593,0
46797,0
143558,0
301232,0
248810,0
378798,0
123514,0
319752,0
112761,0
221916,0
170726,0
124432,0
344609,0
283915,0
159753,0
62994,0
211983,0
308864,0
229257,0
50858,0
259449,0
259097,0
324103,0
172699,0
276051,0
350335,0
9876,0
250028,0
49822,0
218511,0
39872,0
345489,0
356459,0
241146,1
189121,0
209918,0
256819,0
135378,0
253404,0
7571,0
3063,0
184461,0
236660,0
263066,0
3650,0
268830,0
58449,0
332736,0
310946,0
394390,0
287573,0
95965,0
293859,0
180613,0
234682,0
39629,0
104601,0
122513,0
124718,0
68962,0
138381,0
10347,0
383425,0
61685,0
191327,0
251834,0
298679,0
357187,0
278805,0
97541,0
65213,0
12175,0
328359,0
13514,0
297649,0
32604,0
93570,0
84349,0
370491,0
347573,0
4254,0
362065,1
214860,0
4728,0
175063,0
36707,0
73035,0
272842,0
70429,0
17554,0
100773,0
263379,0
271376,0
100115,0
322438,0
357702,0
74538,1
220316,0
234902,0
126118,0
191255,1
171139,0
292945,0
338933,0
117243,0
372109,0
303669,1
18569,0
387250,0
163257,0
184857,0
29872,0
263241,0
165039,0
383591,0
217054,1
224051,0
41917,0
35541,0
156009,0
250324,0
32086,0
78500,0
291728,0
358989,0
267502,0
238384,0
119164,0
94921,0
44929,0
101447,0
353262,0
280284,0
241275,0
93686,0
236097,0
177282,0
32660,0
34894,0
329400,0
67569,0
27306,0
274146,0
333855,0
109943,0
247231,0
197344,0
366205,0
102609,0
152230,0
237003,0
148211,0
390714,0
378613,0
81165,0
321258,0
132710,0
395691,0
170103,0
353772,0
161853,0
301951,0
103462,0
173820,1
184495,0
215753,0
218013,0
375981,0
68895,0
292185,0
254728,0
65396,0
165759,0
331252,0
267492,0
39605,0
337704,0
131455,0
87723,0
307488,0
263818,0
395197,0
114515,0
124254,0
387352,0
291412,0
245143,0
63891,0
371801,0
193487,0
107930,0
332638,0
238256,0
148102,0
325715,0
345572,0
137227,0
177794,0
290459,0
273908,0
8841,0
356560,0
103264,0
61969,0
273230,0
168678,0
147555,0
17970,0
279667,0
247172,0
375060,0
79109,0
141387,0
153334,0
281181,0
88084,0
218518,0
249966,0
30549,0
255616,0
81110,0
269368,0
379140,0
175618,0
294102,0
172864,0
101714,0
30709,0
62777,0
133879,0
386487,0
126057,0
311285,0
332023,0
189900,0
10398,0
51022,0
295343,0
100934,0
289949,0
247292,0
334348,0
268351,0
393959,0
162644,0
267134,0
341038,0
385397,0
282090,0
81946,1
102946,0
184291,0
162721,0
89649,0
63513,0
282473,0
92204,0
356221,0
303292,0
286489,0
235640,0
394367,0
141311,0
150823,0
330428,0
296053,0
96340,0
369624,0
345576,0
211793,0
117172,0
123488,0
48616,0
250531,0
366843,0
199161,0
163200,0
362410,0
305576,0
322688,0
373103,0
103435,0
31324,0
343552,0
24663,0
232855,0
356405,0
130717,0
50737,0
144241,0
158151,0
21222,0
140438,0
314550,0
230974,0
389761,0
111480,0
304128,0
207994,0
386843,0
39220,0
122409,0
213618,0
49553,0
104542,0
357005,0
232767,0
57628,0
382931,0
197194,0
27665,0
315086,0
146655,0
9908,0
306607,0
159673,0
42518,0
171707,0
62776,0
274368,0
243134,1
366960,0
190891,0
348885,0
168176,0
394559,0
84574,0
93295,0
395007,0
198240,0
228804,0
90735,0
391212,0
391052,1
235084,0
142370,0
186445,0
322761,0
93083,0
237210,0
360524,0
21827,0
141640,0
249219,1
63847,0
136363,0
73721,0
136599,0
259310,0
192393,0
322378,0
127221,0
124042,0
70377,0
332028,0
263216,0
359724,1
155268,0
197934,0
90535,0
56128,0
73244,0
299421,0
93188,0
47219,0
212744,0
146506,0
247573,1
122136,0
233791,0
154996,0
89662,0
151885,0
231581,1
9137,0
171448,0
144750,0
30387,0
339388,0
105627,0
379545,0
354413,0
278641,0
369712,0
213060,0
137086,0
203270,0
255751,0
33345,0
252135,0
337302,0
372318,0
6101,0
387132,0
341305,1
269870,0
84135,0
250695,0
333481,0
112277,0
331064,0
290151,0
88953,0
27850,0
172837,0
330014,0
211371,1
122942,0
251927,0
41703,0
140210,1
324988,0
128784,0
71069,0
255761,0
139604,0
375469,1
80598,0
379264,0
34512,0
302259,0
310818,0
205475,0
315951,0
369700,0
250738,0
74223,0
92211,0
243906,0
388071,0
130248,0
302620,0
392604,0
98298,0
234078,0
312026,0
18323,1
319950,0
185659,0
314799,0
233954,0
38543,0
228157,0
195120,0
31701,0
228429,0
172479,0
280634,0
247150,0
296829,0
359812,0
195162,0
309148,0
203634,0
202409,0
129667,0
107826,0
225949,0
219328,0
199257,0
367169,0
151127,0
288749,0
263497,0
365269,0
37632,0
282620,0
32923,0
319963,0
362390,0
387868,0
221279,0
384961,0
40768,0
355355,0
29310,0
26247,0
234652,0
123743,0
28545,0
207953,0
395477,0
185992,0
372393,0
262007,0
328290,0
395360,0
286643,0
21907,0
58750,0
54698,0
276143,0
15685,0
13952,0
360451,0
293457,0
10028,0
286110,0
61614,0
290183,0
207542,0
143810,0
62657,0
168453,0
352973,0
30550,0
149418,0
187914,0
159884,0
37192,0
13683,0
121982,0
379360,0
195148,0
201407,0
214522,0
362744,0
171436,0
46184,0
195203,0
21359,0
108426,0
358813,0
255354,1
144861,0
119910,0
135293,0
337422,0
132061,0
255976,0
380586,1
260634,0
374087,0
234137,1
362943,0
219109,0
331750,0
201519,0
325784,1
363562,0
87448,0
328641,0
99551,0
301860,0
64905,0
384264,0
188623,0
54411,0
100229,0
149918,0
250668,0
379110,0
357270,0
14441,0
12304,0
154058,0
94344,0
138094,0
325379,0
237886,0
381870,0
322637,0
43865,0
116745,0
333479,0
92535,0
322904,0
15165,0
306203,0
334741,0
366272,0
109280,0
149906,0
12993,0
394417,0
261641,0
201060,0
244199,0
347017,0
88396,0
310528,0
331897,0
330067,1
370535,0
300976,0
296226,0
282091,0
241910,0
27992,0
33995,0
111501,0
54916,0
284603,0
176558,0
60397,0
340193,1
269532,0
324625,1
238355,0
364333,0
234625,0
103464,0
124842,0
240627,1
227864,0
184095,0
319642,0
40567,0
370165,0
75287,0
358337,0
213225,0
206382,0
264724,0
379143,0
251457,0
301830,0
342740,0
372428,0
350028,0
325847,0
284542,0
269089,0
19657,0
308089,0
287649,0
89587,0
150507,0
230367,0
352565,0
74981,0
354283,0
152736,0
257089,0
251766,0
153946,0
145351,0
261838,0
182678,0
256786,0
132688,0
340040,0
186831,0
113,0
62270,0
57368,0
149457,0
380630,0
321877,0
358182,0
339450,0
39354,0
354662,0
230204,0
274564,0
23087,0
258059,0
328397,0
394699,0
392687,0
150291,0
96562,0
259970,0
33787,0
93401,0
176399,0
156755,0
4982,0
298415,0
6434,0
345201,0
238561,0
204618,0
23541,0
353083,0
78540,0
195988,0
180129,0
380052,0
213220,0
115674,0
74634,0
391022,0
279749,0
56066,0
306973,0
101628,0
143814,0
389871,0
209234,0
343076,0
335917,0
316173,0
229879,0
112401,0
389895,0
118244,0
386488,0
103433,0
17439,0
316641,0
13282,0
178827,0
124558,0
389452,0
38319,0
141114,0
363119,0
319459,0
337833,0
124275,0
171940,0
68042,0
46435,0
80708,0
127892,0
342770,0
258843,0
153187,0
322126,0
218623,0
299392,0
261509,0
56479,0
363827,0
246533,0
340791,0
197738,0
37997,0
76870,0
288867,0
105949,0
112979,0
324358,0
394654,0
256036,1
255967,0
266557,0
384265,0
106449,0
365780,0
48313,0
293434,0
102287,0
71257,0
151740,0
337729,0
310489,0
346343,0
43938,0
5468,0
110203,0
145647,0
355217,0
48674,0
32433,0
233161,1
340963,0
65420,0
30693,0
290394,0
171547,0
259365,1
106698,0
241880,0
48514,0
283402,0
265146,0
65864,0
183195,0
360156,0
304938,0
178640,0
186655,0
361754,0
211232,0
336856,0
92994,0
160079,0
138293,0
276499,0
40976,0
374163,0
199957,0
211670,0
187277,0
365062,0
246484,0
318901,0
98970,0
191905,0
369438,0
326487,0
137755,0
264081,0
14616,0
277707,0
388555,0
393467,0
62435,0
354630,0
212118,0
304338,0
162773,0
155207,0
57031,0
165565,0
337279,0
374178,0
157210,0
269188,0
369009,0
238106,0
94371,0
329103,0
38428,0
315007,0
221278,0
282019,0
389466,0
165545,0
370822,0
351824,0
304008,0
200439,0
350803,0
140125,0
66994,0
301733,0
55013,0
392438,0
15452,0
299092,0
99934,0
278523,0
81903,1
356505,0
378417,0
230860,0
205228,0
330481,0
317807,1
385512,0
182271,0
359563,0
357008,0
86410,0
367599,0
234265,0
258450,0
110787,0
199799,0
250810,0
326476,0
297310,0
44922,0
163819,0
49634,0
282423,0
359037,0
383668,0
4236,0
30940,0
122941,0
120867,0
338586,0
175298,0
353876,0
210571,0
255951,0
244547,0
16207,0
58948,0
79188,0
244870,0
9556,0
348473,0
130842,0
254831,0
233678,0
88139,0
354054,0
76518,0
292462,0
169433,0
344491,0
247144,0
10924,0
279875,0
286965,0
92310,0
296735,0
204760,0
116415,0
221350,0
13954,0
28322,0
389551,0
181891,0
196813,0
200378,0
236065,0
254481,0
97945,0
299734,1
15262,0
263656,0
179961,1
220206,0
150402,0
90637,0
305635,0
354555,0
10158,0
110945,0
347634,0
335693,0
185712,0
326816,0
327180,0
237706,0
204878,0
193396,0
64128,0
114978,0
46235,0
335637,0
289488,0
124344,0
238202,0
179799,0
387470,0
23379,0
136702,0
251468,0
20521,0
64888,0
193819,0
354452,0
155818,0
340972,0
113580,0
298014,0
269069,0
341029,0
307619,0
153797,0
61022,0
354371,0
99518,0
65953,0
60806,0
258837,0
11872,0
287696,0
106727,0
347579,0
310359,0
73840,0
216377,0
241845,0
387824,0
78076,0
39023,0
4192,0
84714,0
125018,0
164575,0
240561,0
153175,0
387017,0
152366,0
1837,0
225463,0
135117,0
319864,0
328086,0
250849,0
148731,0
296293,0
356613,0
382631,0
205306,1
16670,0
146682,0
11343,0
44904,0
242164,0
32297,0
34804,0
135398,0
119665,0
394306,0
213634,0
205226,0
333740,0
54346,0
74800,0
263009,0
110973,0
304353,0
287986,0
144782,0
147874,0
43744,0
193765,0
113219,0
336286,1
75146,0
215437,0
243153,0
142160,0
311571,0
346190,0
160959,0
309646,0
333821,0
26858,0
9429,0
344348,0
305878,0
255279,0
316969,0
144153,0
166330,0
224940,0
359966,0
7459,0
213875,0
321308,0
130309,0
199430,0
253259,0
137019,0
302228,0
248813,0
267130,0
162976,0
126971,0
67332,0
119855,0
328611,0
95486,0
257788,0
374603,0
338669,0
95042,0
31124,0
61922,0
372775,1
279214,0
175265,0
277187,0
152721,0
296811,0
367009,0
342346,0
305253,0
110557,0
36629,0
140357,0
23686,0
200517,0
118560,0
186506,0
111098,0
25101,0
312503,0
245030,0
247187,0
377035,0
245069,0
63294,0
5587,0
88251,1
354550,0
116029,0
392170,0
114301,0
232786,0
64615,0
58477,0
206548,0
325952,0
239782,0
143727,0
114354,0
282670,0
259885,0
218477,0
249796,0
124990,0
385555,0
372449,0
124288,0
121835,0
202319,1
104055,0
312330,0
102954,0
275374,0
93256,0
184153,0
306512,0
225634,0
129414,0
228900,0
63074,0
72862,0
155589,0
79654,1
308437,0
345943,0
237136,0
209092,0
361478,0
311626,0
60558,0
185517,0
14092,0
168627,0
200747,0
122649,0
100985,0
204034,0
260356,0
313730,0
381450,0
309115,0
217678,0
298439,0
348190,0
11392,0
292123,0
178784,0
154674,0
317566,0
95233,0
276805,0
85875,0
290498,0
330824,0
83467,0
290688,0
261148,0
120382,0
25520,0
23445,0
31857,0
91040,0
177705,0
86515,0
184229,0
301867,0
123834,0
118155,0
69737,0
276971,0
344843,0
302942,0
42904,1
178731,0
9251,0
238897,0
172768,0
10252,0
206425,0
346013,0
382649,0
222443,0
330985,0
218854,0
144095,0
139711,0
4312,1
290376,0
282679,0
214983,1
110941,0
80921,0
310938,0
194387,0
250195,0
58458,0
353322,0
291407,0
71103,0
277101,0
374040,0
144073,0
311191,1
370242,0
159549,0
36201,0
214032,0
269841,1
46516,0
313536,0
13942,1
188927,0
178885,0
44817,0
250545,0
225069,0
215544,0
152031,0
330314,0
315470,0
204365,0
44082,0
20964,0
140017,0
277202,0
203281,0
54768,0
116374,1
193429,0
108656,0
258573,0
305861,0
234297,0
101237,0
285564,0
391804,0
390817,0
221197,0
261629,0
144353,0
135442,0
293056,0
76270,0
87801,0
124408,0
92185,0
106740,0
12116,0
230984,0
119969,0
37489,0
173260,0
331152,0
214106,0
226537,0
80111,0
25342,0
196157,0
157095,0
111155,0
176712,0
49307,0
209938,0
130567,0
230930,0
322671,0
191804,0
247343,0
81333,0
355744,0
235975,0
379883,0
353835,0
322757,0
140296,0
74599,0
132355,0
18203,1
380313,0
206639,0
183052,0
21086,0
191156,0
314589,0
107617,0
315724,0
228721,0
45129,0
311308,0
195523,0
305217,0
153345,0
203218,0
123308,0
301863,0
335824,0
203262,0
288084,0
367576,0
105337,0
116753,0
214550,0
240854,0
71699,0
196372,0
118644,0
224270,0
100024,0
118286,0
251286,0
21814,0
127944,0
345920,0
70201,0
70965,0
381488,0
30404,0
184612,0
318468,0
334064,1
1791,0
326969,0
166337,0
377592,0
215251,0
326742,0
155300,1
20375,0
73714,0
33354,0
100443,0
318051,0
245711,0
231382,0
217506,0
338777,0
259872,0
61470,0
250767,0
105678,0
11988,0
47279,0
342996,0
200711,0
329008,0
261296,0
371379,0
374771,0
51666,0
216288,0
103644,0
41673,0
50192,0
2858,0
390102,0
271134,0
388591,0
289927,1
81796,0
313883,0
124102,0
142269,0
265465,0
85262,1
195466,0
90602,0
70140,0
117714,0
71841,0
141674,0
273922,0
338268,0
40144,0
309453,0
16739,0
125750,0
208401,0
201796,0
228968,0
41773,0
220753,0
394273,0
170637,0
120776,0
237399,0
292064,0
117749,0
217494,0
49588,0
113068,0
265759,0
278040,0
323703,0
180633,0
13719,0
148833,0
286343,0
179556,0
106077,0
92920,0
119898,0
183810,1
132648,0
119267,0
383415,0
37535,0
97761,0
125024,0
51443,0
40853,0
284966,0
28040,0
329369,0
127902,0
365388,0
292419,0
320845,0
189049,0
284872,0
113669,0
260489,0
260791,0
56647,0
300207,0
78943,0
192010,0
136027,0
93648,0
357282,0
312301,0
267486,0
233912,0
310485,0
270094,0
84656,0
102723,0
304257,0
177340,0
212543,0
5949,0
40962,0
30543,0
6148,0
56701,0
376874,0
52870,0
35451,0
260631,0
84388,0
291317,0
102908,0
34886,0
172471,0
245570,0
112652,0
210078,0
29455,0
204591,0
276069,0
128217,0
207025,0
176064,0
246914,0
378711,0
128611,0
384419,0
132147,0
64724,0
337840,0
168820,0
203980,0
203584,0
185349,1
6657,0
218451,0
246529,0
18045,0
385081,0
185435,0
362510,0
170089,0
214020,0
254615,0
313739,0
206481,0
282234,0
39620,0
152191,0
280252,0
96547,0
280577,1
206581,0
102642,0
192704,0
220656,0
256064,0
285017,1
42867,0
178753,0
371867,0
54036,0
372369,0
336680,0
286113,0
224894,0
248597,0
77614,0
5828,0
65526,0
227104,0
201141,0
326696,1
110037,0
173851,0
10915,0
175659,0
182617,0
45767,0
121494,0
2064,0
148259,0
311096,0
389246,0
40661,0
120125,0
41613,0
246482,0
204956,0
207690,0
83397,0
240251,0
232790,0
256003,0
73887,0
102782,0
9493,0
321115,0
186580,0
376408,0
342333,0
162616,0
209660,0
93082,0
215341,0
251518,0
319524,0
372006,0
336647,0
346549,0
171985,0
165865,0
135185,0
280663,0
117834,0
225882,0
125737,0
387758,0
384767,0
61665,0
299905,0
351287,0
284483,0
5309,0
251185,0
53865,0
377305,0
29664,0
395821,0
370777,0
228232,0
286801,0
385497,0
94662,0
220729,0
277207,0
211114,0
1310,0
17478,0
342286,0
336218,0
358196,0
46249,0
212297,0
136121,0
111993,0
73908,0
40061,0
286388,0
302339,0
330575,0
95647,0
114624,0
80307,0
336759,0
645,0
41640,0
204765,0
341237,0
273231,0
30642,0
278307,0
180844,0
220124,0
293008,0
279385,0
323415,0
2588,0
94703,0
325382,0
104263,0
313013,0
74830,0
177856,0
161513,0
283625,0
373002,0
152149,0
33390,0
288969,0
52527,0
262272,0
189256,0
232773,0
199140,0
189280,0
236917,0
35780,0
382011,0
86983,0
68896,0
107578,0
26237,0
261538,0
316265,0
245567,1
295608,0
326822,0
395861,0
314016,0
10384,0
168563,0
349201,0
288035,0
137699,0
127250,0
90512,0
178233,0
358791,1
19755,0
304664,0
206588,0
258606,0
85627,1
35712,0
247382,0
124076,0
383723,0
176701,0
256687,0
132004,0
60721,0
159088,0
236049,0
230097,0
28281,0
54953,0
58783,0
50607,0
146203,0
374457,0
43424,0
125121,0
387141,0
159454,0
30054,0
320272,0
227150,0
206982,0
386140,0
218034,0
290730,0
109031,0
7100,0
92665,0
325363,0
128539,0
174661,0
14803,0
64398,0
67862,0
300460,0
102641,0
291509,0
115647,0
342324,0
270001,0
380582,0
288209,0
306977,0
294260,0
259795,0
87409,0
371572,0
372128,0
328195,0
45158,0
298829,0
243282,0
24594,0
51705,0
183072,0
30061,0
177600,0
112691,0
292877,0
79168,0
154145,0
173488,0
85175,0
14547,0
338605,0
77583,0
173496,0
112957,0
335034,0
124146,0
331795,0
274625,0
300468,0
135258,0
55375,0
236364,0
259650,0
135950,0
111602,1
55781,0
208717,0
368975,0
8521,0
174591,0
236964,0
184022,0
156540,0
201410,0
356917,0
338727,0
14304,0
56740,0
271743,0
98457,1
78083,0
218723,0
158986,0
276006,0
40224,0
324944,1
142582,0
241805,0
183780,0
77420,0
62119,0
187135,0
272586,0
389397,0
337206,0
67609,0
312010,0
223008,0
263708,0
129655,0
390361,0
4533,0
332714,0
42287,0
216195,0
21027,0
130881,0
358913,0
17036,0
102840,0
22806,0
56598,0
266946,0
3044,0
388063,0
200048,0
297823,0
347377,0
367395,0
24908,0
356618,0
152254,0
160268,0
322559,0
333028,0
113902,0
194158,0
1444,0
9795,0
191481,0
242152,0
297209,0
305278,0
226277,0
23487,0
354817,0
15786,0
327146,0
101881,0
200317,1
126114,0
7967,0
351063,1
150975,0
158085,0
177204,0
47359,0
348071,0
45,0
59569,0
383939,0
66598,0
368255,0
275785,0
130029,0
119943,0
71815,0
30012,0
2217,0
336661,0
146991,0
10416,0
289774,0
355692,0
46862,0
311842,0
12070,0
332734,0
84615,0
153078,0
317510,0
381078,0
384914,0
62107,0
119285,0
231108,0
231755,0
337062,0
83460,0
194312,0
95355,0
391896,0
145555,0
340490,0
235457,0
163167,0
153710,0
187360,0
26878,0
247863,0
97331,0
174222,0
331809,0
214738,0
154543,0
249726,0
277977,0
96745,0
378205,0
344773,1
372609,0
25092,0
353295,0
212102,0
22589,0
245885,1
232924,0
180283,0
188856,0
387771,0
341132,0
126147,0
48043,0
249592,1
105459,0
171644,0
97137,0
105339,0
300700,0
295659,0
392392,0
231777,0
111351,0
21874,0
241021,0
392311,0
313166,0
302541,0
237555,0
5352,0
306819,0
226708,0
15825,0
153783,0
151754,0
194671,0
225277,0
336544,0
296858,0
23050,0
87775,0
102420,0
62342,0
185696,0
126883,0
40239,0
208744,0
265084,0
324299,0
155114,0
335146,0
340915,0
120996,0
29838,0
358461,1
166744,0
384372,1
17412,0
68319,0
103865,0
331087,0
8498,0
206750,0
215168,0
190813,0
321850,0
387449,0
124578,0
64845,0
302582,0
360522,0
157060,0
116284,0
180949,0
37020,0
274104,0
238421,0
369019,0
30382,0
236621,0
248558,0
88680,0
361393,0
25336,0
91466,1
43995,0
370068,0
307425,0
44703,0
47146,0
40014,0
324017,0
275094,0
96984,0
72688,0
252819,0
328020,0
67469,0
26940,0
138304,0
357356,0
104437,0
192449,0
395436,0
321454,0
115453,0
283096,0
187266,0
25470,0
133341,0
215636,0
336150,0
20997,0
373278,0
330426,0
189053,0
185876,0
284746,0
207565,0
309023,0
114956,0
375904,0
101981,0
250159,0
223639,0
247458,0
124523,0
386652,0
53637,0
299840,0
94753,0
97301,0
250911,0
386413,0
292917,0
257406,0
316339,0
255467,0
234971,0
343560,0
61135,0
304140,0
2088,0
58494,0
348744,0
199768,0
262621,0
270673,0
327923,0
23307,0
363992,1
341981,0
89915,0
175240,0
100397,0
248237,0
91759,0
366326,0
380378,0
284454,0
99313,0
147910,0
320122,0
132889,0
153250,0
27424,0
382365,0
183980,0
300999,0
239574,0
288923,0
130283,0
284346,0
306443,0
8980,0
267694,0
121327,0
59406,0
344980,0
67276,0
198901,0
183565,0
290685,0
233102,0
244970,0
250682,0
364838,0
260491,0
287630,0
222696,0
188318,0
126425,0
239886,0
132403,0
22565,0
78322,0
381400,0
177419,0
33951,0
276608,0
200495,0
169477,0
274915,0
25969,0
285086,0
352468,0
121658,0
34415,0
218297,0
38116,0
312250,0
281318,0
361700,0
224885,0
63060,0
169716,0
356652,0
291511,0
308835,0
89775,0
19504,0
309816,0
276477,0
216382,0
177553,0
187671,0
247209,0
25862,0
1864,0
198437,0
262031,0
71634,0
143723,0
262054,0
300139,0
155500,0
209888,0
347158,0
306921,0
125565,0
356623,0
332140,0
298867,0
97020,0
227679,0
76210,0
43872,0
283364,0
373304,0
96681,0
36311,0
68335,0
287505,0
109561,1
65231,0
185338,0
76905,0
302084,0
390024,0
215846,0
62032,0
173171,0
62999,0
139770,0
282443,0
24588,0
83503,1
183239,0
211548,0
391345,0
124918,0
60475,0
5447,0
292774,0
383636,0
370875,0
180970,0
137470,0
81515,0
102494,0
67981,0
127364,0
188471,0
381528,0
316247,0
175634,0
330242,0
118526,0
6309,0
117747,0
138616,0
381549,0
378332,0
333068,0
159425,0
383004,0
391810,0
130254,0
46906,0
113760,1
382901,0
361583,0
151049,0
294106,0
112285,0
347505,0
53331,0
392744,0
160600,0
322243,0
27199,0
52538,0
123988,0
215186,0
78283,0
122581,0
121040,0
293452,0
26942,0
298766,0
213294,0
222545,0
224258,0
302248,0
304248,0
313663,0
348583,0
293294,0
249730,0
265217,1
84757,0
343798,0
37426,0
38901,0
18093,0
260265,0
295954,0
341412,0
29701,0
217223,0
336884,0
244343,0
161653,0
22912,0
208289,0
276782,0
301914,0
52204,0
152929,0
359409,0
272613,0
45085,0
65310,0
151373,0
248725,0
326878,0
379480,0
131785,0
283653,0
207564,0
213025,0
251734,0
117525,0
330768,0
321767,0
231009,0
282177,0
25543,0
273397,0
294983,0
68488,0
136323,0
390339,0
262551,0
201113,0
370279,0
131542,0
30497,0
329783,0
139406,0
126961,0
221242,0
197051,0
339438,0
339465,0
241796,0
215293,1
188960,0
151157,0
304018,0
177315,0
199651,0
89509,1
231867,0
167552,0
387019,0
260660,0
235497,0
247255,0
103304,0
365461,0
271964,1
217980,0
264204,1
175304,0
144064,0
66279,0
274947,0
187793,0
274409,0
375865,0
186830,0
227938,0
100133,0
90288,0
158219,0
53722,0
34347,0
324940,0
168794,0
357912,0
201056,0
271111,0
67513,0
279357,0
186408,0
8245,0
322735,0
140068,0
248939,0
53854,0
121823,0
220305,0
3370,0
221603,0
344367,0
268557,0
104605,0
338120,0
51730,0
137110,0
393227,0
139241,0
82350,0
165651,0
138419,0
207944,0
225164,0
245619,0
296212,0
42227,0
62588,0
390830,0
182738,1
352103,0
237750,0
215829,0
218462,0
214129,0
96178,0
245150,0
28884,0
4389,0
239690,0
363704,0
91264,0
21726,0
271167,0
248681,0
54054,0
149499,0
242981,0
48568,0
378181,0
62272,0
42766,0
163010,0
153238,0
16247,0
149711,0
290961,0
161721,0
369466,0
100126,0
59386,0
192598,1
56096,1
120905,0
266864,0
384622,0
297133,0
208102,0
302670,0
382569,0
377488,0
179283,0
144675,0
181111,0
25829,0
108118,0
285922,0
320825,0
224995,0
207914,0
200903,0
373594,1
364309,0
84418,0
83546,1
154452,0
17071,0
195027,0
379992,0
280164,0
47608,0
142216,0
33138,0
346330,0
68710,0
242812,0
271565,0
241928,0
102180,0
339788,0
208081,0
281180,0
368536,0
126673,0
152803,0
95506,1
366171,0
59254,0
255225,0
67639,0
350096,0
24344,0
230077,0
6406,0
132902,0
273857,0
225720,0
314512,0
261348,0
264138,0
195621,0
74925,0
339421,0
274415,0
223003,0
155931,0
196154,0
194408,0
325849,0
215554,0
71197,0
25234,0
7415,0
267404,0
71343,0
145651,0
314767,0
267964,0
22044,0
130820,0
283458,0
39639,0
140856,0
213145,0
300796,0
344003,0
155933,0
340879,0
85750,0
3458,0
379520,0
352388,0
192460,0
147583,0
10093,0
230874,0
74280,0
135406,0
120500,0
359635,0
325566,0
79087,0
228734,0
66691,0
77721,0
249462,0
194069,0
21532,0
159868,0
265828,0
238552,0
170787,0
161069,0
1609,0
39722,0
236007,0
86484,0
4372,0
343937,0
385451,0
237993,0
213542,0
148493,0
70044,0
165079,0
350527,0
144036,0
45714,0
143220,0
215545,0
162059,0
185585,0
40235,0
47076,0
103933,0
257034,0
366951,0
220574,0
372664,0
252129,0
23105,0
290167,0
245399,0
356512,0
362250,0
169302,0
180966,0
197163,0
50064,0
10529,0
373951,0
102547,0
250255,0
94379,0
328657,0
223785,0
111523,0
344345,0
90229,0
53940,0
31425,0
380742,0
229825,0
142262,0
62120,0
118985,0
143247,0
239726,0
211744,0
88507,0
376915,0
255255,0
328792,0
113301,0
180417,0
154400,0
33834,0
371598,0
198378,0
87938,0
313837,0
55397,0
232457,0
83086,0
167224,0
345731,0
373212,0
339668,0
377795,0
49462,0
86308,0
86351,0
61299,0
375750,0
231261,0
132150,0
168996,0
94217,0
148650,0
206652,0
298357,0
386263,0
261108,0
243445,0
16002,0
153907,0
60734,0
163542,0
124015,0
7048,0
265672,0
86817,0
44595,0
139970,0
131021,0
120359,0
128919,0
183877,0
135841,0
321768,0
185251,0
159956,0
390540,0
121519,0
365059,0
197253,0
359465,0
64201,0
64938,0
240868,0
184412,0
329551,1
49952,0
353536,0
245385,0
39166,0
247041,0
305016,0
352018,0
363481,0
155886,0
65197,0
392110,1
147326,0
202905,0
230479,0
252463,0
359011,0
273065,0
160069,0
346595,0
64401,0
234151,0
198809,0
287266,0
32573,1
248357,0
68386,0
9344,0
223645,0
275232,0
238969,0
284837,0
187980,0
168731,0
98165,0
204294,0
176845,0
344814,0
42089,0
190207,0
58019,0
72179,0
268754,0
353903,0
193472,0
186058,0
71430,0
1672,0
171012,1
291473,0
184079,0
58806,0
40709,0
257420,0
218037,0
308706,0
222264,0
333062,0
362518,0
344459,0
293644,0
153725,0
366739,0
193595,0
49343,0
357004,0
265862,0
129025,0
218712,0
9814,0
318540,0
374875,0
199455,0
225572,0
352373,0
73316,0
177621,0
331882,0
184900,0
5195,0
199870,0
350164,0
54270,0
333637,0
107318,0
187529,0
278748,0
268842,0
211980,0
202439,0
230026,1
125412,0
238167,0
360306,0
114235,0
83434,0
346958,0
205723,0
134703,0
279764,0
308288,0
183520,0
263195,0
202987,0
326870,0
351306,0
1246,0
15149,0
308892,0
151341,0
353140,0
143321,0
172564,0
120601,0
156542,0
240343,0
124941,0
308205,0
276550,0
194199,0
118111,0
32600,0
356555,0
193390,0
342218,0
737,0
204560,0
143744,0
66750,0
70754,0
113031,0
206229,0
376197,0
115433,0
85229,0
27549,0
137745,1
323166,0
351986,0
387791,0
355064,0
192864,0
246987,0
15513,0
151470,0
274246,0
301857,0
376239,0
53753,0
200773,0
309512,0
61417,0
121134,0
309708,0
257833,0
282145,0
270515,0
39793,0
63156,0
298151,0
149422,0
339111,0
338226,0
343817,0
146316,0
300487,0
336589,0
18308,0
63778,0
94464,0
285527,0
150951,0
21707,0
9670,0
236117,0
339562,0
72692,0
217649,0
337029,0
325073,0
82884,0
370428,0
296726,0
81222,0
40286,0
172210,0
197874,0
46014,0
98370,0
348179,0
375924,0
268268,0
88074,0
354985,0
52446,0
83847,0
284397,0
131571,0
107047,0
137860,0
245295,0
107171,0
220585,0
352780,0
146358,0
99025,0
378235,0
295100,0
319819,0
286121,0
19412,0
180273,0
219852,0
20924,0
87377,0
390865,0
72302,0
382857,0
123593,0
380998,0
381804,0
86931,1
84051,0
94174,0
79997,0
267273,0
16290,0
284514,0
385314,0
57026,0
27811,0
271082,0
377587,0
254050,0
176612,0
85692,0
334799,0
71142,0
143692,0
365031,0
73094,0
295473,0
104464,0
11738,0
40255,0
330524,0
97063,0
40211,0
131242,0
266548,0
353826,0
325809,0
156780,0
66730,1
388504,0
116893,0
322260,0
352557,0
40064,0
59646,0
246388,0
150133,0
85048,0
382134,0
98991,0
243716,0
361732,0
252222,0
206052,0
330853,0
79217,0
17413,0
345319,0
49334,0
73797,0
140991,0
100134,0
184740,0
139603,0
203133,1
327749,0
391391,0
155887,0
120612,0
16583,0
148103,0
286716,0
146861,0
353790,0
372478,0
323494,0
226180,0
23881,0
58508,0
174916,0
392112,0
357324,0
9130,0
350873,0
100508,0
68318,0
48823,0
125905,0
25893,0
61654,0
94064,0
148403,0
8050,0
380577,0
65888,0
202388,0
357673,0
134548,0
245065,0
354097,0
96352,0
132005,0
284036,0
57563,0
221111,0
81424,0
102600,0
154194,0
96369,0
372007,0
231548,0
211135,0
3835,0
222324,0
114588,1
239148,0
15448,0
281624,0
358535,0
302164,0
330957,0
328613,0
123191,0
9918,0
334607,0
307417,0
230809,0
135542,0
105753,0
197172,0
76576,0
178834,0
265456,0
219854,0
2228,0
345814,0
192315,0
91981,0
268929,0
46485,0
333319,0
189343,0
59525,0
251842,0
64987,0
85374,0
199641,0
276604,0
283602,0
378164,1
89319,0
267026,0
67935,0
339759,0
200132,0
313632,0
289420,0
300969,0
61079,0
228780,0
6003,0
124328,1
3427,0
297885,0
44974,0
254198,0
80092,0
216871,0
359587,0
161944,0
16342,0
88941,0
144181,0
336730,0
327457,0
30150,1
147345,0
89694,0
88089,0
263311,0
266540,0
158467,0
346102,0
266162,0
25264,0
277993,0
40961,0
29360,0
224297,0
282713,0
168824,0
303927,0
99478,0
122668,0
136565,0
34906,0
74446,0
99816,0
261373,0
323309,0
379547,0
392048,0
305282,0
297187,0
88867,0
301961,0
318839,0
334769,0
154353,0
261480,0
64629,0
199623,0
92301,0
112741,0
113486,0
89053,0
118466,0
9154,0
211856,0
304097,0
17170,0
122974,0
316598,0
132517,0
385679,0
111174,0
151295,0
45651,0
86395,0
272127,0
57282,0
42396,0
77470,0
168172,0
61964,0
380898,0
104018,0
390625,0
133469,0
374914,0
47501,0
84577,0
72784,0
188694,0
5127,0
75893,0
342037,0
130635,0
157881,0
219810,0
341422,0
389705,0
356780,1
383183,0
207576,0
61720,0
264520,0
379418,0
302983,0
284341,0
384167,0
197044,0
336120,0
88114,0
236310,0
134488,0
244355,0
394440,0
269561,0
388728,0
272935,0
350454,0
139444,0
79176,0
364128,0
308421,0
358036,0
329734,0
379925,0
319646,0
122514,0
391357,0
383524,0
218671,0
336221,0
207884,0
129833,0
257118,0
126088,0
166053,0
43174,0
119000,0
132752,0
390471,0
299663,0
236229,0
265126,0
301904,0
364177,0
118304,0
154347,0
4550,0
131480,0
225392,0
202352,0
317337,0
32182,0
244038,0
366264,0
56627,0
97310,0
216725,0
395400,0
37166,0
373884,0
234152,0
180805,0
342337,0
187291,0
132404,0
359754,0
88568,0
106708,0
27132,0
224504,0
43373,1
242502,0
290088,0
193327,0
205023,0
335655,0
31714,0
133457,0
205396,0
53285,0
346534,0
38036,0
43033,0
328371,0
378347,0
61196,0
268534,1
97820,0
160284,0
380919,0
377956,0
395741,0
225867,0
359659,0
341252,0
229445,0
313704,0
273081,0
125277,0
104958,0
365984,1
365995,0
92212,0
199947,0
237424,0
175777,0
210203,0
845,0
323845,0
333415,0
259540,0
22972,0
335536,0
48594,0
257203,0
312630,0
198826,0
292849,0
357012,0
254620,0
203864,0
293938,0
75137,0
173417,0
124062,0
62720,0
206157,0
171716,0
51641,0
369440,0
274738,0
334143,0
298182,0
378685,0
382193,0
243308,0
209811,0
221374,0
342179,0
152790,0
201173,0
240268,0
110649,0
255070,0
177712,0
61677,0
184561,0
381573,0
90965,0
100641,0
229154,0
300291,0
176372,0
117010,0
258344,0
289497,0
329988,0
170433,0
96576,0
271686,0
12627,0
276176,0
116941,0
311050,0
33002,0
388365,0
46881,1
350847,0
8395,0
393348,0
131560,0
53906,0
168433,0
392915,0
200067,0
44902,0
349257,0
167478,0
241133,1
45265,0
113729,0
88616,0
247468,0
79006,0
215105,0
180387,0
192610,0
183595,0
156025,0
175132,0
213605,0
373162,0
308070,0
179889,0
192577,0
184634,0
174758,1
165737,0
244913,0
380786,0
95175,0
96254,0
365867,0
272354,0
177989,0
375280,0
69778,0
155233,0
151984,0
329368,1
186911,0
249975,0
257192,0
334938,0
20740,0
121757,0
257025,1
141265,0
57420,0
382888,0
131246,0
126203,0
336079,0
169028,1
294816,0
254983,0
55579,0
73363,0
76977,0
393771,0
38209,0
327049,0
270132,0
279746,0
263701,1
376069,0
205182,0
77111,0
52144,0
215086,0
319911,0
137622,0
260354,0
322312,0
333853,0
152839,0
224658,0
73351,0
26921,0
362371,0
186340,0
249548,0
78588,0
328817,0
141975,0
18547,0
286451,0
7387,0
325843,0
287590,0
252575,0
60716,0
306097,0
374917,0
326523,0
269217,0
330464,0
300333,0
195885,0
60117,0
313094,0
334914,0
110789,0
214326,0
352812,0
180198,1
270787,0
61751,0
76712,0
270444,0
246902,0
248906,0
54345,0
122537,0
229406,0
219741,0
111935,0
141959,0
100719,0
262692,0
75346,0
237096,0
178237,0
210205,0
264560,0
279387,0
155276,0
308347,0
283125,0
128721,0
283425,0
207657,0
36498,0
216616,0
132610,0
145086,0
211224,0
247131,0
37722,0
159226,0
380135,0
16066,0
280957,0
357256,0
250211,0
114705,0
7316,0
195664,0
83953,0
78685,0
305466,0
342724,0
231792,1
131713,0
86216,0
207631,0
242619,0
13685,0
386245,0
369698,0
140078,0
184823,0
131855,0
292094,0
45459,0
188977,0
136405,0
220181,0
317076,1
83305,0
310706,0
188441,0
357734,0
3306,0
221437,0
211289,0
393030,0
61867,0
32898,0
385569,0
378493,0
67172,0
351332,0
178661,0
86888,1
212145,0
252637,0
337871,0
195448,1
102399,0
187015,0
80427,0
216877,1
143098,0
13127,0
260607,0
330318,0
27714,0
329517,0
101053,0
139809,0
287352,0
280437,0
180931,0
93830,0
172639,0
252104,0
212394,0
348537,0
246162,0
72484,0
97965,0
372182,0
371765,0
99915,0
145712,0
71477,0
62267,0
84748,0
59067,0
131757,0
187729,0
78204,0
369211,0
382133,0
245103,0
294616,0
109223,0
186734,0
16003,1
184848,0
241113,0
37850,0
212632,0
181599,0
234405,0
285489,0
304579,0
52426,0
291934,0
281505,0
326392,0
260154,0
382506,0
281881,0
293143,0
23155,0
91773,0
363959,0
334182,0
272125,0
240209,0
339407,0
77826,0
151974,0
101990,0
4331,0
218655,0
277082,0
151250,0
155393,0
125124,0
376456,0
106980,0
269068,0
163036,0
46861,1
314099,0
9733,0
201565,0
106443,0
390970,0
216122,0
121573,0
244354,0
11193,0
79581,0
52672,0
293558,1
129870,0
230640,0
386119,0
71478,0
64426,0
349151,0
19514,0
75236,0
200209,0
246060,0
6611,0
224284,0
348606,0
283109,0
246671,0
154664,0
130741,0
307555,0
211890,0
206347,0
336621,0
122431,0
336192,0
111528,0
332684,0
12899,0
57760,0
301248,0
81076,1
70539,0
344602,0
7544,0
235270,0
211252,0
86212,0
288700,0
91635,0
211849,0
180447,0
58194,0
219681,0
105508,0
279518,0
282920,0
140447,0
294426,0
85132,0
288249,0
254196,0
100362,0
375708,0
45192,0
66758,0
169839,0
225294,0
317532,0
12575,0
388732,0
139036,0
363516,0
116986,0
186572,0
34285,0
8867,0
288597,0
44352,0
234401,0
167491,0
2381,0
96785,1
195554,0
225623,0
135067,0
310438,0
233234,0
309642,0
75871,0
107737,0
156424,0
83497,0
366738,0
79382,0
69542,0
325571,0
298976,0
6184,0
389297,0
262318,0
4984,0
391136,0
240142,0
55469,0
320277,0
233277,0
103168,1
317419,0
106783,0
220932,0
298059,0
190254,0
83026,0
140927,1
355706,0
333851,0
45599,0
222726,0
238719,0
29988,0
48779,0
384498,0
345006,0
364803,0
334132,0
6717,0
69176,0
110719,1
354351,0
389855,0
393411,0
138809,0
320130,0
2892,0
286204,0
284641,0
123134,1
376295,0
129052,0
345817,0
19499,0
246223,0
1544,0
237221,0
239883,0
40713,0
338043,0
281872,0
242613,0
36309,0
270792,0
256836,0
235433,0
9027,0
168398,0
335694,0
341103,0
117118,0
286773,1
118098,0
274435,0
177736,0
206182,0
65777,0
49106,0
30913,0
233431,0
141384,0
221732,0
64549,0
147552,0
18014,0
39492,0
234557,0
127423,0
366968,0
49759,0
131879,0
173100,0
130765,0
276188,0
72575,0
224350,0
122022,0
383761,0
270070,0
101418,0
234592,1
43903,0
342942,0
142721,0
39766,0
186036,0
232553,0
298018,0
336298,0
327332,0
327442,0
352481,1
37155,0
3722,0
288946,1
351611,0
150000,0
159768,0
250463,0
342599,0
52379,0
105485,0
203358,0
84483,0
106173,0
168341,0
269113,0
221812,0
387359,0
370894,0
336009,0
27735,0
96913,0
190319,0
26307,0
317669,0
278244,0
230292,0
36401,0
247079,0
171529,0
163909,1
205737,0
72178,0
128836,1
243933,0
230056,0
169931,0
376090,0
110943,0
196750,0
110956,0
44272,0
314293,0
277229,0
185332,0
270572,0
135651,0
347829,0
102090,1
64389,1
41676,0
258876,0
1238,0
294761,0
355473,0
178601,0
89004,0
215253,0
230985,0
128620,0
160845,0
175068,0
278662,0
235339,0
370820,0
16624,0
147121,0
279768,0
272927,0
238620,0
106493,0
178145,0
325040,0
37556,0
197998,1
280964,0
181104,0
373468,0
158823,0
3965,0
281081,0
289491,0
140951,0
75223,0
77048,0
100467,0
39542,0
106541,0
160196,0
41822,0
150912,0
349010,0
392252,0
318898,1
387253,0
157731,0
173631,0
213270,0
351019,0
369891,0
122641,0
378948,0
113570,0
238888,0
24562,0
31601,0
283422,0
185088,0
308731,0
42090,0
350877,0
56057,0
382726,0
96797,1
276363,0
41362,0
61943,0
16402,0
189299,0
170827,0
88781,0
375192,0
34460,0
65887,0
200635,0
191676,0
222887,0
62671,0
171835,0
45932,0
286303,0
50887,0
239443,0
292586,0
198954,0
137413,0
251037,0
149067,0
233083,0
309956,0
213969,0
340696,0
97837,0
229148,1
153693,0
304508,0
234839,0
200608,0
149159,0
66611,0
306761,0
139673,0
384230,0
13875,0
234323,0
291455,0
285253,0
111411,0
370403,0
232271,0
75496,0
288490,0
220869,0
122722,0
191338,0
7801,0
336090,0
139496,0
58237,1
160833,1
91666,0
364546,1
142141,0
312668,0
49931,0
61496,0
177974,0
153458,0
1692,0
119268,0
144341,0
71426,0
209813,0
238815,0
153217,0
226390,0
3061,0
299103,0
340565,0
171027,1
189844,1
312061,0
368151,0
390357,0
252387,0
67112,0
336488,0
189216,0
239327,0
324989,0
343260,0
332869,0
60531,0
326518,0
172750,0
278107,0
16926,0
198033,0
334996,0
276128,0
106696,0
305013,0
208911,0
298893,0
163340,0
381869,0
149206,0
121362,0
300627,0
192166,0
166661,0
90539,0
186980,0
45053,0
100613,0
323432,0
3922,0
385135,0
135793,0
295667,0
175448,0
388382,0
237317,0
122691,0
59117,0
123181,0
113776,0
377062,0
229858,0
145158,0
292829,0
137163,0
681,0
23625,0
314316,0
17951,0
227725,0
144595,0
23436,0
216878,0
52768,0
262082,0
382225,0
381862,0
7127,0
359740,1
237590,0
235239,0
203065,0
285142,0
54163,0
317923,0
117651,0
239734,0
375115,0
259789,0
225090,0
109789,0
252072,0
306327,0
395666,0
393603,0
274487,0
303594,0
276935,0
217201,0
277837,0
52103,0
36176,0
162936,0
92290,0
388222,1
69587,0
395492,0
213219,0
1814,0
149624,0
125127,0
21813,0
37383,0
314856,0
373753,0
266791,0
129938,0
291890,0
184224,0
44003,0
327270,0
250713,0
109565,0
341546,0
179312,0
213358,0
298012,0
167338,1
203677,0
23989,0
222915,0
181369,0
337105,0
65533,0
7430,0
42267,0
383469,0
121245,0
138880,0
148251,0
76126,0
349310,0
360584,0
270957,0
131883,0
42481,0
221164,0
291339,0
99794,0
23958,0
285278,0
357719,0
297266,0
62690,0
333550,0
141529,0
190719,0
241384,0
160185,0
22832,0
110152,0
354385,0
56362,0
91,0
141298,0
75428,0
40429,0
60885,0
100552,0
8005,0
380943,0
265607,0
336910,0
49004,0
170607,0
245380,0
334479,0
63346,0
44693,0
76750,0
128607,0
35739,0
182901,0
32226,0
275603,0
22570,0
139941,0
64836,0
265543,0
354087,0
363349,0
110635,0
115603,0
182534,0
190384,0
206492,0
316457,0
14744,0
6031,0
164056,0
368849,0
268098,0
39240,0
200525,0
115120,0
42184,0
260256,0
345354,0
353721,0
131429,0
346804,0
344129,0
293274,0
243755,0
349452,0
269125,0
36576,0
372041,0
133131,0
225702,0
376327,0
68135,0
354766,0
378498,0
43445,0
367509,0
73754,0
30710,0
211457,0
387790,0
315479,0
298236,0
173125,0
373291,0
105252,0
74453,0
176257,0
15546,0
44816,0
385865,0
351300,0
86340,0
326542,0
27280,0
83080,0
130992,1
22129,0
330044,0
287234,0
394791,0
190841,0
292579,1
232955,0
66975,0
293179,0
120521,0
385207,0
124016,0
136271,0
292306,0
316167,0
334553,0
129343,0
128613,0
80353,0
308476,1
321834,0
175069,0
204704,0
177500,0
249119,0
251304,0
89501,0
21089,0
67892,0
226784,0
353801,0
266810,0
39645,0
43944,0
274653,0
241700,0
381786,0
148604,0
42319,0
332174,0
76542,0
101987,0
94194,0
298347,0
126437,0
23943,0
179740,0
306676,0
325999,0
394658,0
190444,0
262794,0
97656,0
270877,0
286293,0
353267,0
188322,0
161651,0
116889,0
260032,0
114209,0
94038,0
162645,0
77683,0
258250,0
65794,0
16735,0
25423,0
168721,0
206546,0
366360,0
381909,0
33948,0
275553,0
186642,0
161552,0
268737,0
16089,0
285074,0
53109,1
119275,0
326186,0
147277,0
346084,0
31840,0
172668,0
276918,0
92250,0
141951,0
395891,0
210434,0
67477,0
105548,0
346051,0
260471,0
29475,0
174998,0
22128,0
21091,0
162460,0
96102,0
357046,0
32681,0
36981,0
169334,0
281175,0
272811,0
348914,0
130703,0
238568,0
171785,0
248119,0
12477,0
338410,0
351952,0
204086,0
250037,0
226187,0
277633,0
234777,0
281399,0
31960,0
324386,0
124973,0
305115,0
103636,0
12663,1
94824,0
156870,0
246288,0
88813,0
243617,0
51660,0
281588,0
50289,0
20348,0
334798,0
235539,0
169746,0
199896,0
173402,0
334680,0
277783,0
48383,0
185059,0
278464,0
18219,0
267671,0
392807,0
256102,0
306080,0
42067,0
320656,0
286864,1
30034,0
141080,0
151011,0
278838,0
9927,0
55007,0
82230,0
310715,0
215952,0
373105,0
240909,0
182736,0
204512,1
183879,1
135891,0
277792,0
234935,0
95090,0
61146,0
104138,0
160539,0
16190,1
217115,0
283105,0
238524,0
303520,0
60703,0
82554,0
238975,0
87335,0
323510,0
383752,0
290586,0
266956,0
246520,0
92585,0
40467,0
92983,0
109137,0
126920,0
20027,0
38814,0
217165,0
48631,0
143829,0
151527,0
198988,0
234613,0
332126,0
217083,0
35364,0
396027,0
170155,0
52898,0
305167,0
242563,0
359770,0
353668,0
126643,0
369981,0
212726,0
386290,0
28633,0
244921,0
108692,0
139131,0
285321,0
184945,0
50711,0
336743,1
369561,0
378395,0
78884,0
256210,0
329294,0
283943,0
168432,0
390690,0
26037,0
127040,0
297752,0
308791,0
307242,0
141995,0
175505,1
40141,0
154666,0
170238,0
187900,0
78156,0
176972,0
125230,0
269731,0
85626,0
185350,0
181358,1
338040,0
134628,0
376892,0
115347,0
19822,0
289978,0
339409,0
331216,0
6742,0
340128,0
96447,0
126560,0
65333,0
62128,0
327328,0
242521,0
276062,0
239162,0
296576,0
124347,0
71006,0
371280,0
83302,0
193242,0
229438,0
133818,0
247410,0
321101,0
97585,0
299219,0
348198,0
379126,0
204480,0
78269,0
106019,0
147346,0
72393,0
229051,0
267553,0
113900,0
110523,0
223769,0
236678,0
334314,0
234582,0
255817,0
318675,0
240290,0
30676,0
26232,0
273667,0
304101,0
241120,0
339390,0
256503,0
138634,0
314025,0
6535,0
68712,0
47082,0
68399,0
218384,0
153243,0
271907,0
346055,0
350281,0
187995,1
280070,0
274140,0
334913,0
381694,0
280328,0
34613,0
79648,0
29175,0
341189,0
321649,0
269369,0
234397,0
153007,0
8969,0
175481,0
353919,0
245855,0
142423,0
339233,0
149065,0
5702,0
354713,0
369846,0
288513,0
144380,1
144496,0
87925,0
269245,0
192863,0
98102,0
361932,0
58838,0
107946,0
298966,0
227436,0
396028,0
285185,0
108078,0
373157,0
132719,0
100580,0
326574,0
186944,0
322480,0
57233,0
316170,0
249311,0
140134,0
214416,0
91012,0
25555,0
300116,0
240115,0
280845,0
244245,0
257220,0
307885,0
288243,0
386642,0
31195,0
132440,0
226429,0
185050,0
98320,0
164938,0
103488,0
17597,0
166202,0
239145,0
190113,0
266799,0
308102,0
163737,0
160903,0
326050,0
249746,0
393841,0
31580,0
353001,0
27593,0
279547,0
193805,0
271754,0
34973,0
173784,0
110674,0
245406,0
145729,0
86150,0
38057,0
110345,0
159896,0
291273,0
276282,0
46987,0
317672,0
347692,0
355719,0
383419,0
172106,0
361463,0
212452,0
73782,0
260115,0
60374,0
141896,0
216267,0
276832,0
6078,0
160795,0
54400,1
16733,0
103656,0
330229,0
120375,0
165137,0
185205,0
92099,0
38293,0
185890,0
340797,0
312246,0
128266,0
315168,0
284445,0
49562,0
244439,0
173161,0
11232,0
304477,0
6318,0
206962,0
183745,0
361202,0
119109,0
321173,0
2501,0
244014,0
343253,0
130496,0
245472,0
38546,0
76624,0
113407,0
23475,0
298806,0
63373,0
331969,0
213088,0
356668,0
320471,0
369014,0
43742,0
239874,0
316140,0
94937,0
281535,0
52564,0
308014,0
132839,0
19323,0
131662,0
277567,0
229624,0
52416,0
368303,0
98014,0
130532,0
179138,0
354797,0
113318,0
201613,0
81060,0
33027,0
153863,0
56298,0
110092,0
304835,0
33864,0
310565,0
293925,0
149560,0
132859,0
303402,0
36110,0
268463,0
292293,0
207688,0
111327,0
326927,0
43909,0
291570,0
382995,0
362485,0
109490,0
106085,0
236893,0
225521,0
61855,0
187482,0
35369,0
282347,0
322693,0
323910,0
384848,0
33870,0
178906,0
168941,0
275279,0
100222,0
110159,0
314373,0
135583,0
354911,0
281817,0
155435,0
24308,0
75258,1
365329,0
299585,0
130984,0
89524,0
270245,0
291795,0
352604,0
353444,0
189020,0
212769,0
135252,0
106327,0
79982,0
78603,0
210544,0
221920,0
90066,0
224773,0
309411,1
322392,0
340095,1
124904,0
170952,0
190010,0
233964,0
26084,0
247074,0
203215,0
353254,0
257321,0
376541,0
175084,0
146129,0
153298,0
1123,0
271060,0
232755,1
287769,0
45681,1
387410,0
199423,1
58900,0
305410,0
337194,0
208228,0
301911,0
54469,0
360101,0
92399,0
93890,0
313101,0
254575,0
344732,0
149984,0
394997,0
164119,0
322139,0
124742,0
383788,0
87849,0
187197,0
226474,0
246827,0
192301,0
112382,0
222686,1
14824,0
382939,0
142021,0
40086,0
208309,0
48598,0
8207,0
240254,0
218227,0
87612,0
267843,0
90689,0
278712,0
105377,0
364096,0
207077,0
339268,0
329486,0
49238,0
394640,0
107250,0
317894,0
51584,0
349511,0
306742,0
163301,0
218691,0
273346,0
220434,1
194037,0
314292,0
235156,0
338628,0
212378,0
19349,0
44991,0
384110,0
383466,0
11805,0
284935,0
200302,0
146219,0
327662,0
128967,0
273883,0
307406,0
340295,0
379185,0
341750,0
284266,0
363294,0
385801,0
11613,0
264184,0
11385,0
377629,0
381320,0
38855,0
315855,0
90819,0
213331,0
343935,0
9919,0
251346,0
271591,0
156741,0
89958,0
255234,0
286487,0
12265,0
215570,0
230436,0
268054,0
66464,0
71131,0
354836,0
38120,0
349723,0
140316,0
47382,0
229952,0
266477,0
355424,0
237089,0
333569,0
203287,0
35547,0
227192,0
285695,0
392237,0
109333,0
152048,0
188211,0
258627,0
191386,0
259610,0
321706,0
266323,0
154002,0
158706,0
95727,0
315272,1
357882,0
78709,0
94630,0
185362,0
308722,0
376277,0
367128,0
53041,0
253681,0
117070,0
141544,0
177925,0
332876,0
163274,0
212054,0
387747,0
319142,0
154258,0
6061,0
73902,0
249151,0
137274,0
142612,0
370710,0
28778,1
34476,0
238343,0
38323,0
168495,0
186705,0
89171,0
108655,0
331490,0
108988,0
358933,0
393981,0
329975,0
120513,0
276645,0
96996,1
121565,0
69006,0
238757,0
59603,0
245845,0
50463,0
391260,0
174485,0
10419,0
2764,0
20592,0
345249,0
13976,0
236384,0
111024,0
127329,0
273802,0
120814,0
283065,0
156916,0
190715,0
368066,0
377444,0
22440,0
8211,0
286818,0
341165,0
46743,0
287025,0
161934,0
82124,0
334783,0
372418,0
92693,0
97716,0
275148,0
372988,0
7595,0
26849,0
41608,0
268975,0
30200,0
118320,0
281790,0
73528,0
365809,0
133512,0
55964,0
259683,0
144371,0
236129,0
355059,0
110110,0
373261,0
128821,1
147430,0
395488,0
56007,0
178250,0
370356,0
318689,0
266882,0
170588,0
39327,0
357171,1
324670,0
70003,0
289590,0
268643,0
372544,0
275988,0
338926,0
364996,0
341169,0
26675,0
210955,0
216917,0
143804,0
16309,0
233295,0
337593,0
395308,0
64866,0
255490,0
193662,0
19065,0
158263,0
6236,0
102713,0
389453,0
43580,0
80331,0
292707,0
31772,0
250578,0
225915,0
78551,0
234992,0
43922,0
315501,0
348480,1
323798,0
155532,0
305441,0
248056,0
45519,0
203222,0
18534,0
167861,0
248700,0
77226,0
258816,0
247801,0
15629,0
138083,0
91782,0
356267,0
216940,0
108888,0
103909,0
165395,0
249991,0
343802,0
179201,0
75128,0
145333,0
42403,0
29613,0
63252,0
13680,0
275626,0
212501,0
163830,0
57698,0
325385,0
138621,0
381344,0
88988,0
222431,0
36076,0
355624,0
53620,0
386811,0
127112,0
317558,0
19112,0
332769,0
251277,0
342864,0
93819,0
276049,0
13982,0
218279,0
184590,0
372587,0
239232,0
146540,0
163929,0
246371,0
339472,0
204266,0
365070,0
35345,0
274098,0
313728,0
137384,0
59598,0
37360,0
100180,0
308460,0
254994,0
254904,0
233651,0
249813,0
227490,0
141091,0
277828,0
135010,0
286056,0
123165,0
34849,0
281623,0
375704,0
98325,0
106470,0
338137,0
377850,0
352444,0
392525,0
23009,0
205732,0
134853,0
32625,0
58046,0
32532,0
316096,0
150828,0
333140,0
208502,0
318916,0
382974,0
81609,0
53346,0
170432,0
189510,0
34644,0
378972,0
364768,0
363646,0
352426,0
382295,0
323241,0
214010,0
392809,0
225138,0
285737,0
131985,0
76082,0
230768,0
79915,0
270643,0
172383,0
14847,0
356646,0
272341,0
311692,0
121131,0
11268,0
82560,0
290583,0
320200,0
383344,0
301470,0
322528,0
286471,0
49943,0
216061,0
129388,0
83505,0
41827,0
215625,0
55670,0
216534,0
333900,1
286664,0
151300,0
345754,0
102580,0
81020,0
319277,0
301253,0
289439,0
319128,0
107532,0
145288,0
167409,0
206784,0
122276,0
356177,0
82313,0
23895,0
107886,0
166485,0
118164,0
115044,0
260397,0
228172,0
84602,0
93492,0
254467,0
282730,0
396007,0
282022,0
29246,0
6007,0
24242,0
55215,0
159359,0
362578,0
116756,0
172857,0
66899,0
286100,0
211515,0
27237,0
319584,0
209372,0
351457,0
310145,0
153992,0
274546,0
245656,0
382043,0
233500,1
120472,0
15292,0
177951,0
63425,0
375580,0
271553,0
283181,0
26825,0
360534,1
308939,0
236948,0
241680,0
251289,0
21176,0
362614,0
136797,0
383615,0
246708,0
106131,0
86307,0
169396,0
94585,0
167145,0
383588,0
307994,0
66968,0
381905,0
349747,0
246132,0
128870,0
11958,0
380641,0
93482,0
179297,0
72976,0
261808,0
305646,1
142126,0
51368,0
312106,0
97024,0
270593,0
319431,0
239018,0
137533,0
51813,0
94184,0
261021,0
74451,0
336050,0
160090,0
82771,0
362241,0
132447,1
200588,0
210635,0
41868,0
118061,0
378023,0
353487,0
164198,0
275873,0
165012,0
92997,0
390424,0
323218,0
88005,0
182664,0
309531,0
43496,0
77771,0
35316,0
285499,0
154370,0
122632,0
325711,0
355685,0
340467,0
299120,0
234542,0
101984,0
67368,0
158537,0
151919,0
366902,0
383642,0
273795,0
254756,0
320114,0
272969,0
169656,0
253796,0
112061,0
388313,0
53600,0
356026,0
304744,0
297169,0
371013,0
127597,0
118871,0
265723,0
73420,0
218433,0
171185,0
240105,0
237659,0
175830,0
119370,0
33785,0
168431,0
348377,0
138655,0
150883,0
378190,0
264605,0
286332,0
119305,0
361625,0
313300,0
78716,0
204504,0
216260,0
270494,0
22459,0
221849,0
67493,0
68137,0
32371,0
60344,0
127397,0
327327,0
67705,1
238768,0
61389,0
329912,0
14057,0
388300,0
106167,0
63179,0
15831,0
11660,0
195313,0
170753,0
364682,0
236281,0
174837,0
121973,0
231080,0
176231,0
190469,0
295910,0
203130,0
141041,0
222095,0
142574,0
174254,0
166718,0
334414,0
124296,0
65895,0
69609,0
58345,0
291945,0
316114,0
379562,0
293001,0
156358,0
219436,0
390416,0
15269,0
139704,0
158610,0
191717,0
17150,0
78326,0
29339,0
319434,0
24210,0
292445,0
39507,0
303104,0
293159,0
395186,0
376909,0
378945,0
278904,0
93785,0
296769,0
97873,0
271274,0
213901,0
129895,0
28646,0
143290,0
315121,0
279527,0
139480,0
380115,0
154490,0
347684,0
378100,0
50166,0
141268,0
348932,0
333983,0
134120,0
14406,0
11521,0
367091,0
374963,0
295862,0
199177,0
107859,0
278051,0
375831,0
266626,0
394016,1
112330,0
14800,0
313449,0
394674,0
27539,0
184982,0
78299,0
281730,0
286968,0
131984,0
111243,0
310173,0
15790,0
387857,0
126958,0
372192,0
192198,0
81409,0
348513,0
241813,0
12329,0
390319,0
175606,0
353205,0
226419,0
105169,0
134639,0
185749,0
90787,0
321427,1
265444,0
219164,0
74415,0
131997,0
237460,0
105781,0
26249,0
227673,0
343826,0
30580,0
279564,0
345799,0
12225,0
366024,0
336526,0
107421,0
84601,0
197259,0
48956,0
8608,0
15223,0
80382,0
205699,0
102063,0
71102,0
227056,0
380138,0
69141,0
292110,0
165185,0
76413,0
284285,0
64816,0
55957,0
27853,0
25188,0
285541,0
338368,0
162436,0
193637,0
174272,1
287156,0
360109,0
158304,0
332352,0
199484,0
375918,0
371456,0
273424,0
172809,0
381042,0
219568,0
216937,0
301749,0
13458,0
20554,0
47059,0
204489,0
203424,0
230926,0
189827,0
241135,0
204348,0
230304,0
360039,0
373008,0
292322,0
308297,0
147736,0
312450,0
334458,0
244121,0
146402,0
129806,1
290624,0
33399,0
28709,0
186010,0
86369,0
1494,0
252536,0
212735,0
270481,0
174361,0
233667,1
57902,0
44650,1
307381,0
110141,0
21141,0
210260,0
108481,0
201763,0
105531,0
99546,0
70993,0
74510,0
193062,0
45279,0
6964,0
182672,0
355885,0
81316,0
257631,0
223399,0
96904,0
136241,0
24107,0
234713,0
330512,0
382280,0
329828,0
291837,0
329773,0
333123,0
124885,0
267910,0
79080,0
291277,0
136884,0
229513,0
382770,0
275299,0
104873,0
206339,0
63916,0
278012,0
118919,0
71770,0
352429,0
333864,0
42302,0
366045,0
241515,0
271163,0
11679,0
226219,0
285123,0
182571,0
215500,0
340730,0
366788,0
128020,0
183794,0
39002,0
308365,0
64307,0
179955,0
360081,0
225763,0
139230,0
283336,1
81717,0
266655,0
272876,0
207357,0
290524,0
276423,0
118633,0
75881,0
162453,1
43600,0
255325,0
198759,0
355552,0
312900,0
174750,0
326386,0
72113,0
70467,0
354411,0
394863,0
21429,0
355722,0
175876,0
352816,0
101319,0
201027,0
201975,0
181689,0
193253,0
129896,0
182075,0
139059,0
173717,1
112420,0
82968,0
245181,0
269646,0
85931,0
385839,0
350665,0
36718,0
35164,0
39966,0
314844,0
17452,0
23368,0
276479,0
325493,0
284582,0
71258,0
108951,0
137105,0
120806,0
306562,0
209038,0
116752,0
269501,0
267631,0
325483,0
14694,0
278716,0
214684,0
304867,0
110338,0
1341,0
199179,0
5359,0
322256,0
24025,0
277958,0
384895,1
360287,0
107903,0
1404,0
45453,0
175140,0
318338,0
233209,0
235276,1
86385,0
386428,0
191013,0
53187,0
92338,0
66845,0
264496,0
36998,0
196571,0
268622,0
345399,1
161296,0
181812,0
265385,0
239035,0
210379,0
299476,0
353628,0
301801,0
189829,0
183834,0
389195,0
13841,0
270101,0
255144,0
59180,0
147668,0
207687,0
280475,0
70562,0
68404,0
325390,0
202713,0
339056,0
140813,0
190694,0
365107,0
54001,0
150004,0
333708,0
143588,0
68181,0
7099,0
49803,0
50461,0
140783,0
366703,0
164891,0
374563,0
125989,0
57369,0
393887,0
127288,0
79441,0
141512,0
167946,0
267986,0
43190,0
309795,0
371329,0
374004,0
349026,0
336077,0
179315,0
377223,0
71715,0
37627,1
289587,0
319356,0
232538,0
145613,0
218654,0
231832,0
57872,0
389564,0
275636,0
370366,0
83423,0
291440,0
88141,0
150091,0
346456,0
252037,0
113899,0
327433,0
227264,0
122888,0
348442,0
175604,0
45807,0
257646,0
163402,0
35844,0
228605,0
90508,0
21217,0
55060,0
188371,0
91434,0
5935,0
335283,0
9439,0
124263,0
266744,0
303638,0
390751,0
80508,0
49770,0
148060,0
205546,0
225782,0
258105,0
171370,0
172150,0
167396,0
211104,0
232065,0
211068,0
358256,0
17594,0
364703,0
302699,0
193439,0
351581,0
313608,0
226449,0
4766,0
294965,0
54462,0
38465,0
36622,0
57274,0
181319,0
174292,0
295715,0
377206,0
248668,0
336632,0
16302,0
255941,0
45652,0
369018,0
173539,0
305204,0
142045,0
106897,1
151548,0
197701,0
118100,0
73607,0
266624,0
161483,0
374953,0
105505,0
366930,0
330844,0
135414,0
170880,0
110704,0
117350,0
108647,0
121656,0
214706,0
77849,0
102339,0
336985,0
87130,0
218209,0
388980,0
44351,0
241787,0
380634,0
74159,0
97872,0
340739,0
129768,0
155323,0
274944,0
370755,1
130887,0
147263,0
38239,0
269461,0
64074,1
311300,0
160857,0
186404,0
341433,0
98206,0
376410,0
259845,0
160934,0
147681,0
308727,0
205174,0
38469,0
119822,0
92334,0
250684,0
137712,0
273332,0
371084,0
390325,0
208296,0
2997,0
361566,0
12604,0
184123,0
385010,0
286225,0
80189,0
100292,0
228799,0
355728,0
367489,0
49989,0
99355,0
329048,0
66678,0
46615,0
166206,0
190425,0
393444,1
39495,0
14363,0
166414,0
189951,0
19936,0
197431,0
148199,0
175188,0
154709,0
303783,0
107729,0
47229,0
276785,0
25795,0
133290,0
299102,0
188003,0
126558,0
36303,0
130921,0
110873,0
337068,0
364621,0
34182,0
27264,0
335112,0
170518,0
228942,0
259412,0
102599,0
204644,0
106330,0
228152,0
67792,0
371351,0
171168,0
284235,0
156496,0
177324,0
186863,0
171777,0
97236,0
329910,0
66890,0
227275,0
269916,0
116140,0
75390,0
218052,0
179867,0
296170,0
204519,0
332291,0
56974,0
170409,0
179765,0
112341,0
174258,0
76335,0
76564,1
184753,0
292370,1
111634,0
391824,0
374841,0
166474,0
360708,0
181,0
391595,0
293092,0
303612,0
178866,0
290914,0
28488,0
392453,1
292685,1
87886,0
143891,0
205715,0
117648,0
197526,0
64882,0
150998,0
279954,0
312677,0
79752,1
78483,0
57496,0
107492,0
381154,0
41060,0
361270,0
144545,0
312817,0
344780,0
198928,0
93344,0
86567,0
314662,0
189716,0
254420,0
320103,0
164792,0
281230,0
382810,0
79837,0
280704,0
225837,0
374669,0
107082,0
210497,0
239924,0
33786,0
58700,0
186495,0
100851,0
54843,0
307662,0
120820,0
329270,0
224648,0
53956,0
228452,0
334984,0
19530,0
140114,0
204240,0
234614,0
177704,0
376034,0
264352,0
364191,0
70651,0
311657,0
64554,0
300741,0
68605,0
387008,0
257475,0
212233,0
109397,0
332795,0
62281,0
152358,0
310862,0
92722,0
388785,0
313234,0
272888,0
253840,0
34170,0
230308,0
185494,0
22421,0
271559,0
11956,0
80903,0
133379,0
141581,0
149305,0
101555,0
127686,0
22790,0
260993,0
125734,0
211309,0
191135,0
278862,0
212416,0
136950,0
190466,0
239666,0
30707,0
231898,0
338375,0
211871,0
33691,0
76851,0
269174,0
143760,0
264199,0
297031,0
71723,0
38024,1
314893,0
158677,0
189046,0
64166,0
109451,0
72249,0
88539,0
29526,0
350360,0
361572,0
328059,0
120853,0
65616,0
381266,0
9841,0
335556,0
265634,0
177094,0
66392,0
318752,0
43665,0
183795,0
52697,0
268426,0
163285,0
98027,0
67527,0
108000,0
278078,0
327289,0
181450,0
94200,0
138161,0
17835,0
4761,0
121386,0
174461,0
248796,0
327212,0
221668,0
245709,0
68956,0
9775,0
103408,0
128074,0
247443,0
317787,0
159087,0
393808,0
122542,0
289993,0
336242,1
37521,0
269115,1
372837,0
95736,0
13572,0
8583,0
355392,1
346289,0
115580,0
157859,0
310116,0
55139,0
35231,0
327156,0
348240,0
273171,0
15578,0
62974,0
49932,0
242122,0
304389,0
238149,0
381094,0
203890,0
61002,0
317186,0
9192,0
100721,0
290266,0
193268,0
21249,0
273463,0
366300,0
15178,1
268339,0
28526,0
74348,0
390974,0
76493,0
240323,0
346455,0
80351,0
390433,0
54389,0
355633,0
102041,0
350518,0
48266,0
343242,0
121902,0
250493,0
381611,0
29783,0
362548,0
242549,0
11276,1
188715,0
247882,0
264389,0
290378,0
383090,0
305156,0
64192,0
85356,0
281539,0
238501,1
201225,0
22793,0
225786,0
288499,1
130737,1
301061,0
246737,0
197982,0
7586,1
154906,0
219661,0
22035,0
354627,0
70352,0
169213,0
9061,0
89262,0
249484,1
246812,0
184439,0
34511,0
115321,0
67361,0
42887,0
282394,0
268646,0
188529,0
392287,0
145736,0
244668,0
16130,0
326979,0
107272,0
169712,0
223599,0
311710,0
361610,0
389626,0
11070,0
331574,0
236848,0
228379,0
374125,0
287556,0
379483,0
341194,0
390808,0
121694,0
27828,0
48773,0
257308,0
154008,0
1000,0
229459,0
31948,0
283630,0
328934,0
184616,0
58083,0
110375,0
106898,1
132063,0
351369,0
196717,0
716,0
347853,0
269908,0
62535,0
364019,0
296908,0
178675,0
302879,0
30185,0
279347,0
289389,0
209192,0
68596,0
349562,0
257126,0
243553,0
115290,0
86451,0
243989,0
213181,0
330508,0
350514,0
83739,0
31779,0
96333,0
167611,0
330381,0
386738,0
368803,0
142648,0
106678,0
284049,0
138178,0
88160,0
279693,0
338609,0
284154,0
179894,0
210735,0
375071,0
313963,0
240730,0
258640,0
284821,0
167322,0
973,0
71198,0
207993,0
205866,0
365946,0
298042,0
276581,0
119952,0
224820,0
133119,0
393969,0
352887,0
294170,0
191440,0
56414,0
306033,0
356737,0
126371,0
267882,0
241350,0
231146,0
97370,0
41678,0
371397,0
317145,0
53607,0
317290,0
274878,0
4104,0
93946,0
85234,0
9170,0
113436,0
84114,0
334613,0
42683,0
308782,0
39887,0
29752,0
265921,0
144963,0
163367,0
353114,0
58330,0
368310,0
150075,0
151689,0
371934,0
357242,0
178998,1
222516,0
360828,0
312658,1
140031,0
239541,0
17437,1
86530,0
159904,0
286523,0
335678,0
7620,0
362856,0
144347,0
216927,1
122751,0
4351,0
31202,0
49728,0
146799,0
93443,0
366366,0
107158,0
192696,0
282455,0
120285,0
376339,0
321434,0
325648,0
84102,0
165582,0
220333,0
42841,0
375283,0
13313,1
11252,0
283002,0
310328,0
221540,0
390394,0
230202,0
141589,0
298548,1
331217,0
40462,1
246799,0
111491,0
141872,1
229593,1
67702,0
226614,1
204830,0
277225,0
319682,0
222956,0
243001,1
251685,0
184618,0
16650,0
11594,0
309819,0
97779,0
296100,0
231604,0
371812,0
169728,0
391610,0
103384,0
290936,0
123686,0
26481,0
320720,0
266038,0
188645,0
245766,0
385130,0
215250,0
20717,0
105851,0
152055,0
106852,0
38059,0
340103,0
390784,0
71246,0
212568,0
201846,0
20954,0
84167,0
282067,0
364782,0
367039,0
367230,0
157624,0
307904,0
233811,0
159406,0
181494,0
210118,0
95674,0
22588,0
256430,0
333456,0
139882,0
54728,0
218788,0
175292,0
234148,0
206401,0
149368,0
118731,0
362188,0
274780,0
229753,0
286302,0
212792,0
39055,0
1096,0
273496,0
218985,0
84332,0
357895,0
136091,0
196993,0
392877,0
207140,0
375508,0
199875,0
8218,0
313897,0
184208,0
357557,0
30312,0
300680,0
255718,0
270909,0
327402,0
272648,0
355102,0
128842,0
291430,0
197459,1
268990,0
141170,0
215986,0
256180,0
30979,0
271041,0
249815,0
176405,0
343498,0
142892,0
194903,0
380214,0
276460,0
47184,0
855,0
226003,0
43640,0
187087,0
233297,0
268244,0
62259,0
122437,0
124857,0
94211,0
9393,0
283708,0
316511,0
359025,0
268178,0
288072,0
198054,0
330495,0
167419,0
182028,0
109325,0
65395,0
191837,0
33908,0
125051,0
164542,0
377320,0
28647,0
152989,0
385656,0
368257,0
292791,0
60512,0
334160,0
267214,0
342951,0
212383,0
313697,0
105332,0
21010,0
56274,0
21168,0
376718,0
381877,0
54553,0
79891,0
314069,0
221532,0
44509,0
248757,0
3649,0
45628,0
338348,0
55191,0
112279,0
33941,0
335505,0
189630,0
113179,0
17239,0
160106,0
17262,0
64037,0
344639,0
189582,1
320799,0
17025,0
192559,0
194703,0
112076,0
299345,0
116410,0
373632,0
335833,0
3702,0
212517,0
348004,0
60589,0
12725,0
60732,0
107325,0
73041,0
356906,0
13000,0
48246,0
8200,0
192445,0
227289,0
164581,0
86162,0
383370,0
369764,0
328100,0
377428,0
239825,0
392003,0
360745,0
47091,0
133508,0
180956,0
174598,0
204367,0
170098,0
382915,0
356803,0
157475,0
43168,0
269152,0
109783,0
143380,0
16550,0
38965,0
345468,0
278801,0
292181,0
348116,0
90396,0
185980,0
395765,0
84569,0
63356,0
212834,0
168263,0
249040,0
119365,0
160873,0
314060,0
214636,0
193037,0
223040,0
304723,0
30643,0
194189,0
35031,0
211636,0
349970,0
151597,0
219057,0
166405,0
169995,0
341582,0
360827,0
47759,0
130678,0
115897,0
250582,0
321912,0
89040,0
253390,0
126768,0
5451,0
155820,0
293801,0
270555,0
326583,0
113276,0
166286,0
253902,0
60781,0
128494,0
380840,0
76475,0
379180,0
264107,0
327650,0
297497,0
98319,0
191724,0
354629,0
8958,0
295606,0
307641,0
86627,0
228426,0
28891,0
290203,0
25009,0
291016,0
216524,0
380154,0
22773,0
159341,0
23668,0
231325,0
238189,0
373161,0
59764,0
386168,0
350628,0
197225,0
200533,0
311512,1
4237,0
341178,0
378776,0
212678,0
204292,0
34029,0
374666,0
341535,0
255786,0
297663,0
205352,0
146769,0
204993,0
261998,0
295522,0
133923,0
134629,0
45399,0
275091,0
294703,0
196198,0
279836,0
143206,0
31118,0
388136,0
17933,0
258052,0
367852,0
351319,0
339405,0
160678,0
84177,0
34230,0
60058,0
98323,0
316150,0
311881,0
179645,0
5594,0
103316,0
229246,0
328140,0
295605,0
353600,0
373823,0
61194,0
298714,0
376025,0
60952,0
216433,0
238646,0
235782,0
327316,0
341917,0
15710,0
38371,0
163056,0
38796,0
224208,0
221612,0
300237,0
266734,0
50890,0
118579,0
314249,0
280959,0
234767,0
77216,0
59570,0
327625,0
250046,0
125522,0
366421,0
122387,0
296663,0
84655,0
89458,0
178399,0
31737,0
176858,0
289657,0
262472,0
2544,0
161509,0
86014,0
287001,0
247808,0
299035,0
197630,0
366591,0
230442,0
6686,0
235094,0
147226,0
99631,0
264066,0
40863,0
269342,0
387833,0
61534,0
40492,0
36189,0
162797,0
214431,0
242744,0
23768,0
384448,0
346578,0
16217,0
2810,0
44950,0
337170,1
246546,0
337700,0
376574,0
347261,1
122376,0
297420,0
305008,0
320314,0
256172,0
231989,0
50434,0
132488,0
82730,0
62329,0
332380,0
365230,0
284731,0
81266,0
231686,0
147562,0
280811,0
75487,0
309331,0
15777,0
134735,0
89335,0
167734,0
19957,0
345142,0
115796,0
284991,0
286061,0
323427,0
384646,0
295365,0
356102,0
146670,0
320365,0
164136,0
16731,0
66767,0
285983,0
296453,0
371170,0
117534,0
301721,0
35601,0
32167,0
329144,0
124710,0
363375,0
315382,0
205361,0
87371,0
243357,0
269135,0
83535,0
325671,0
8251,0
11741,0
56164,0
1399,0
350375,0
155625,0
115652,0
213097,0
250902,0
122143,0
198499,0
68781,0
372454,0
345185,0
377290,0
116633,0
119506,1
199469,0
32612,0
311391,0
113175,0
56091,0
243130,0
365661,0
42646,0
91750,0
211314,0
378789,0
225670,0
111305,0
27481,0
325812,0
204479,0
162187,0
361895,0
27507,0
246436,0
31863,0
232367,0
79749,0
258629,0
208413,0
295730,0
157202,0
376095,0
269087,0
200464,0
165461,0
126348,0
72811,0
113602,0
9413,0
61521,0
264492,0
45454,0
36991,0
242291,0
172680,0
374860,0
93100,0
220709,0
344646,0
230433,0
20782,0
162443,0
157502,0
226235,0
132788,0
121999,0
99590,0
369348,0
203267,0
182786,0
315959,0
198034,0
27153,0
80523,0
181002,0
117821,0
51256,0
89950,0
311920,0
241717,0
184533,0
214120,0
242542,0
101937,0
6116,0
260369,0
248798,0
150389,0
229500,0
138235,0
329850,0
341319,0
259113,0
18263,0
192649,0
233787,1
251777,0
138325,0
58405,0
142678,0
39641,1
309451,0
132626,0
64409,0
306501,0
366494,0
389778,0
389066,0
166705,0
202886,0
279206,0
294053,0
344001,0
136731,0
385011,0
217622,0
134928,0
308876,0
339639,0
28549,0
255126,0
319250,0
380239,0
259653,0
214289,0
2689,0
204018,0
368262,0
363556,0
327790,0
337851,0
102787,0
386972,0
353217,1
149340,0
244434,0
210681,1
293860,0
277718,0
333948,0
92126,0
342777,0
3329,0
145074,0
190744,0
134907,0
66339,0
112651,1
1308,0
3023,0
88198,0
62461,0
279628,0
82528,0
260769,0
237286,0
135342,0
145262,0
154603,0
392594,0
340850,0
252472,1
286256,0
36812,0
164668,0
359008,0
50523,0
287124,0
71996,0
18054,0
119163,0
381457,0
210112,0
366752,0
180891,0
281297,0
286306,0
318173,0
24498,0
108031,0
290930,0
157989,0
169961,0
212075,0
308045,0
344848,0
393327,0
149950,0
92025,0
299165,0
293702,0
114429,0
364977,0
207442,0
155948,0
74188,0
315535,0
395967,0
93461,0
297514,0
211538,0
198683,0
290054,0
141015,0
106825,0
215214,0
13530,0
390427,0
82407,0
280647,0
199703,0
211590,0
257634,0
276476,0
135129,0
367110,0
285401,0
382328,0
42760,0
386983,0
46688,0
123625,0
389234,0
63415,0
173991,0
123229,0
232251,0
69550,0
324110,0
164726,0
23871,0
58076,0
172112,0
115010,0
331808,0
70390,0
345149,0
355966,0
307921,0
326631,0
242341,0
77060,0
258723,1
123681,0
62834,0
109627,0
568,0
231512,0
21811,0
334205,1
371287,0
391768,0
155172,0
234494,0
260410,0
232886,0
181211,0
47022,0
293724,0
317345,0
223710,1
160561,0
298394,0
218579,1
186724,0
374402,0
349249,0
63041,0
154449,0
179721,0
212012,0
310718,0
15547,0
181320,0
20593,0
216322,0
128106,0
222945,0
385403,1
329760,0
26960,0
319098,0
347953,0
86084,0
35108,0
264563,0
47418,0
7758,0
183878,0
106506,0
3550,0
266665,0
230337,0
130913,0
40134,0
363435,0
346001,0
252927,0
50056,0
174475,0
138483,0
8045,0
187732,0
287587,0
58776,0
9519,0
370815,0
219244,0
220198,0
258406,0
331578,0
198347,0
98775,0
268702,0
14153,0
69352,0
56901,0
3284,0
268632,0
76816,0
304619,0
359537,0
302299,0
303084,0
277315,0
352964,0
313972,0
196985,0
341941,0
145037,0
383069,0
21957,0
167199,0
146111,0
11545,0
53957,0
255351,0
78177,0
264708,0
11814,0
131761,0
308073,0
90117,0
170806,0
102792,0
221531,0
263109,0
364795,0
96258,0
359153,0
184426,0
329382,0
138927,0
296553,0
260797,0
167970,0
250669,0
11131,0
240099,0
56065,0
338853,0
3715,0
271472,0
116108,0
269144,1
274914,0
111971,0
4358,0
278579,0
209287,0
215179,0
3916,0
150132,0
358872,0
382531,0
80047,0
308862,0
70893,0
129519,0
12021,0
297515,0
194774,0
307833,0
237578,0
234683,0
276514,0
20450,0
133868,0
335255,0
285347,0
122159,0
225427,0
22325,0
346765,0
78230,0
344433,0
228629,0
387413,0
217236,0
310078,0
36253,0
169367,0
342866,0
22016,0
306060,0
395061,0
19943,0
63897,0
268294,0
154804,0
150395,0
240768,0
245410,0
73342,0
136016,0
255479,0
9197,0
380166,0
99687,0
183479,0
354074,0
137193,0
178140,0
294591,0
84980,0
293343,0
105824,0
269327,0
122155,0
147788,0
228502,0
361827,0
320747,0
62215,0
45383,0
182663,0
259469,0
260867,0
154120,0
216551,0
177441,0
380715,0
334549,0
273641,0
384113,0
313486,0
178969,0
268529,0
245221,0
249504,0
335441,0
292162,0
378827,0
67271,0
75020,0
258228,0
100806,0
183929,0
14020,0
143598,0
359566,0
130138,0
186965,0
183558,0
252087,1
146892,0
291139,0
225035,0
24273,0
115112,0
49360,0
375435,0
344148,0
145231,0
314532,0
210343,0
247775,0
12991,0
277209,0
126040,0
372558,0
146006,0
352541,0
332880,0
146634,0
341042,0
40351,0
179690,0
26584,0
84254,0
19226,0
158294,0
40762,0
211011,0
12975,0
6943,0
318125,0
228720,0
318187,0
111646,0
64892,0
257356,0
319499,0
141081,0
212781,0
76090,0
90131,0
107891,0
157589,0
45798,0
244673,0
382246,0
129344,1
118959,0
235068,0
201847,0
230864,0
119761,0
64963,0
282843,0
385348,0
334039,0
161461,0
317121,0
162004,0
100496,0
96230,0
130214,0
326500,0
226766,0
335724,0
219413,0
87341,0
277129,0
386603,0
267023,0
184458,0
221879,0
194884,0
43934,0
129108,0
360335,0
369360,0
155383,0
320169,0
18104,0
196254,0
324653,0
239845,0
143695,0
218265,0
269427,0
253777,0
62130,0
269364,0
46178,0
23290,0
82519,0
127183,0
216948,0
65904,0
346918,0
335984,0
150057,0
325528,0
203819,0
46715,0
145702,0
153622,0
282249,0
317368,0
365863,0
169029,0
20520,0
63642,0
205759,0
234447,0
218598,0
286504,0
13956,0
354348,0
358300,0
222588,0
328019,0
98454,0
22721,0
305648,0
313452,0
114154,0
115853,0
143020,0
277933,1
215723,0
118688,0
265563,0
61082,0
7101,0
209296,0
309138,0
18354,0
203044,0
336449,0
357876,0
287850,0
236543,0
243304,0
336496,0
178611,0
203485,0
218144,0
11607,0
305793,0
181492,0
251222,0
363976,0
210452,0
140099,0
382066,0
174548,0
16669,1
223260,0
333954,0
84382,0
299200,0
107751,0
135350,0
217208,0
327807,0
357391,0
97922,0
269463,0
178794,0
240759,0
367411,0
48554,0
207940,0
24171,0
171163,0
190807,0
181553,0
73786,0
184257,0
56338,0
139767,0
294999,0
77509,0
112112,0
219320,0
222971,0
311808,1
132578,0
123594,0
205351,0
134124,0
308142,0
255039,0
9128,0
204442,0
185973,0
196693,0
345996,0
328040,0
48422,0
329081,0
241209,0
256073,0
100453,0
242508,0
253612,0
147232,0
27332,0
90490,0
5320,0
282595,0
315092,0
304444,0
3893,0
393754,0
286527,0
124649,0
268573,0
143291,0
49891,0
197154,0
43568,0
178238,0
126942,0
240539,0
158540,0
259517,0
270170,0
56523,0
139320,0
153626,0
114239,0
276750,0
83128,1
183466,0
298861,0
169692,0
333270,0
183146,0
342034,0
346462,0
82372,0
88628,0
335989,1
192425,0
127631,0
245997,0
26740,0
374610,0
276982,0
360220,0
160116,0
357064,0
371180,0
28149,0
143848,0
302156,0
39364,0
43436,0
146184,0
143151,0
46345,0
263275,0
146494,0
298862,0
152858,0
129572,0
220519,0
307366,1
267452,0
389385,0
277606,0
198343,0
173585,0
107327,0
195950,0
170076,0
153921,0
137418,1
33621,0
378248,0
159973,0
377581,0
221947,0
357366,0
111843,0
266579,0
85682,1
228432,0
223084,0
34406,0
155389,0
56425,0
257458,0
264457,0
53081,0
83717,0
166752,0
236991,0
347650,1
260361,0
165133,0
222912,0
11894,0
204312,0
101134,0
237692,0
173871,0
68883,0
298233,0
293394,0
39391,0
379212,0
203170,1
182521,0
254679,0
376352,0
339702,0
41465,0
102143,0
305262,0
380615,0
269853,0
44812,0
116687,0
170992,0
118860,0
185481,0
271822,0
28391,0
70189,0
139267,0
360726,0
304485,0
246146,0
133564,0
376313,0
258160,0
240942,0
247995,0
309130,0
89595,0
232772,0
364903,0
61485,0
363478,0
133189,0
90513,0
285867,0
179023,0
199289,0
311176,0
103879,0
303694,0
28369,0
204964,0
177025,0
111917,0
278976,0
388551,0
375263,0
32019,0
111120,0
120215,0
101667,0
30515,0
60248,0
236916,0
68974,0
392465,0
49483,0
15656,0
43421,0
323772,0
107589,0
200963,0
360320,0
81284,0
169456,0
119925,0
92333,0
299742,0
146164,0
69526,0
19048,1
69170,0
69642,0
270257,0
322309,0
247140,0
176816,1
43753,0
86463,0
10826,0
136989,0
394319,0
383654,0
102711,0
394994,0
314917,0
249123,0
108930,1
115877,0
248496,0
174966,0
56355,0
175116,0
40764,0
242804,0
172156,0
272118,0
4883,0
222878,0
114574,0
190788,0
58512,0
319091,0
368504,0
74089,0
101037,0
312176,0
216733,0
191008,1
89177,0
233091,0
12864,0
330781,0
364017,0
59223,0
213210,0
287257,0
392551,0
366434,0
269525,0
345488,0
45201,0
345246,0
36169,0
141051,0
322519,1
143868,0
77807,0
254179,0
177531,0
270803,0
297780,0
204396,0
187341,0
192934,0
100370,0
205652,0
213894,0
33139,0
150793,0
37116,0
51325,0
323017,0
315102,0
194503,0
175624,0
375966,0
164594,0
110807,0
373447,0
32594,0
162847,0
72196,0
41094,0
109814,0
394475,0
379041,0
80079,0
57018,0
92184,0
202853,0
52700,0
306084,0
363313,0
306646,0
290609,0
309629,1
387693,0
371480,1
352539,0
257233,0
388701,0
29991,0
149720,0
220488,0
266018,0
331584,0
228524,0
39901,0
219663,0
316278,0
172764,0
150300,0
354114,0
139910,0
224158,0
219721,0
21737,0
18937,0
57060,0
290219,0
59370,0
376153,0
246774,0
161026,0
24459,0
178230,0
229840,0
168756,0
98213,0
393365,1
7283,0
370292,0
101600,0
7681,0
302,1
176852,0
180803,0
157395,0
362488,0
366042,0
171746,0
51940,0
282003,0
136371,0
223743,0
113966,0
296984,0
130589,0
238445,0
339746,0
182849,0
363817,0
45303,0
151255,0
271165,0
309161,0
327705,0
289427,0
36213,0
141642,0
25223,0
122142,0
342940,0
155003,0
71065,0
100048,0
312560,0
371346,1
188127,0
95775,0
287222,0
33269,0
385625,0
11973,0
137604,0
380458,0
173048,1
9901,0
211504,0
205987,0
315448,0
332090,0
389184,0
71155,0
317141,1
8701,0
303282,0
241616,0
356286,1
165281,0
196556,0
199117,0
210063,0
340651,0
342054,0
10807,0
122634,0
71573,1
242063,0
384736,0
284820,0
380490,0
307788,0
55530,0
144237,0
100419,0
389964,0
338297,0
57333,0
266941,0
333551,0
308580,0
63227,0
212733,0
305382,0
226771,0
80228,0
180343,0
350992,1
289067,0
160536,0
381500,0
115725,0
219988,0
75727,0
166036,0
362588,0
93695,0
90040,0
330101,0
229424,0
152235,0
371453,0
181708,0
111586,0
63885,0
56286,0
36098,0
167492,0
240199,0
34917,0
189558,0
217914,0
311524,0
321419,0
21589,0
311175,0
74997,0
2666,0
66358,0
336607,0
101067,0
140564,0
351441,0
174626,0
219425,0
374738,0
242725,0
91966,0
64689,0
284562,0
237473,0
321900,0
294501,0
362145,0
49064,0
290442,0
287317,0
305934,0
248806,0
260245,0
245658,0
54209,1
29046,0
260539,0
228468,0
233117,0
380470,1
81417,0
21333,0
353121,0
284810,0
188657,0
114273,0
131871,0
360262,0
312325,0
392389,0
21938,0
168394,0
47029,0
284953,0
235410,0
299595,0
350017,0
272882,0
287766,0
24721,0
335106,0
262931,0
313566,0
382644,0
71779,0
14380,0
306142,0
312079,0
195383,0
307128,0
319923,0
101732,0
253085,0
342436,0
253558,0
69721,0
337488,0
172416,0
384997,0
17463,0
24534,0
344364,0
381095,0
349669,0
4166,0
178769,0
351659,0
70556,0
139716,0
204404,0
121455,0
66583,0
262286,0
201064,0
300256,0
328183,0
111905,0
299320,1
64556,0
251909,0
123629,0
177792,0
268621,0
132460,0
294962,0
380327,0
246923,0
145245,0
78808,1
57190,0
375979,0
367952,0
373257,0
122095,0
268323,0
68301,0
253832,0
196831,0
231733,1
334776,0
165676,0
361158,0
345774,0
227389,0
92579,0
190368,0
30414,0
380724,0
181560,0
33746,0
297219,0
129733,0
219521,0
287481,1
107015,0
202747,0
69142,0
25401,0
246222,0
326259,0
170728,0
61394,0
306336,0
48433,0
36198,0
137904,0
166739,0
183208,0
392879,1
158829,1
335297,1
334384,0
94733,0
162811,0
325079,0
280716,0
132546,0
3568,0
27889,0
48874,0
221608,0
347351,0
137439,0
314601,0
12838,0
97155,0
235748,0
142596,0
385976,0
296617,0
200369,1
230258,0
262852,0
58006,0
29561,0
78672,0
82578,0
273695,0
145270,0
28773,0
330746,0
252979,0
208682,1
297194,1
57579,0
220259,0
145565,0
300389,0
60056,0
255414,0
289964,0
100001,0
123407,0
95784,0
41487,0
312211,0
65640,0
1085,0
243335,0
168161,0
66288,0
80365,0
226101,0
322999,0
266320,1
218722,0
227087,0
374795,0
302450,0
90216,0
77371,0
69925,0
322305,0
251718,0
25559,0
264798,0
193716,0
206681,0
134737,0
13066,0
101406,0
21357,0
43008,1
111413,0
73794,0
203296,0
297267,0
37387,0
37429,0
163231,0
371843,0
238367,0
84720,0
324074,0
174034,0
282822,0
392401,0
384026,0
209810,0
146405,0
219710,0
242943,0
90441,0
211945,0
90795,0
315708,0
140241,0
18665,0
140947,0
242280,0
349590,0
207208,0
147286,0
380538,1
134880,0
106918,0
112128,0
344647,0
11296,0
14650,0
130785,0
52160,0
86252,0
237727,0
20783,0
127821,0
367970,0
169618,0
23598,0
96330,0
109375,0
347355,0
233841,0
197210,0
294665,0
132146,0
272195,0
166381,0
237700,0
136788,0
203379,0
367149,0
162884,0
49772,0
286127,0
106398,0
173595,0
92825,0
109004,0
353475,0
175031,0
308340,0
361124,0
391321,0
167743,0
29220,1
90342,0
162336,0
294802,0
35169,0
212869,0
339452,0
87665,0
24506,0
74196,0
121987,0
1443,0
38846,0
390791,0
102029,0
276005,0
47717,0
225229,0
385176,0
141234,0
370970,0
371183,0
61252,0
169616,0
54145,0
236247,0
342015,0
1970,0
307354,0
201782,0
347909,0
302566,0
9650,0
161052,0
140651,1
159160,0
143721,0
176871,0
367899,0
252666,0
275893,0
107195,0
298593,0
45078,1
98598,0
79061,0
70506,0
364216,0
287354,0
322193,0
109915,0
244791,0
37434,0
142434,0
88561,0
72028,0
28164,0
43056,0
74101,0
185711,0
93310,0
255924,0
17575,0
66021,0
181923,0
101391,0
37736,0
329849,0
133312,0
65254,0
268388,0
248524,0
116549,0
307168,0
24559,0
340912,0
203607,0
334820,0
274280,0
327256,0
54632,0
124419,0
219551,0
5829,0
247896,0
55814,0
197890,0
131294,0
30347,0
204183,0
309108,0
23065,0
76323,0
111161,0
219480,0
367323,0
282373,0
12228,0
297090,0
295395,0
111228,0
242610,0
394798,0
243157,0
287053,0
89431,0
20253,0
200538,0
316013,0
245675,0
373786,0
62872,0
339414,0
381376,0
58298,0
357922,0
288990,0
205102,0
113497,0
156853,0
73417,0
66606,0
219141,0
262319,0
56691,0
25930,0
3241,0
42724,0
64290,0
143218,0
321545,0
193604,0
82112,0
383170,0
102206,0
193742,0
156920,0
142781,0
100055,0
390577,1
205172,1
37639,0
34796,0
155325,0
184378,0
345120,0
3743,0
276407,0
305378,0
296362,0
94592,0
235487,0
200391,0
97763,0
348361,0
161269,0
388644,0
220309,0
157083,0
260646,0
345425,0
234941,0
124184,0
304637,0
229303,0
329594,0
147537,0
329157,1
235552,0
392740,0
171284,0
272666,0
80745,0
264888,0
78315,0
50363,0
190362,0
382518,0
306622,0
117411,0
384477,0
272632,0
173366,0
224394,0
38648,0
46196,0
187701,0
94288,0
319017,0
124770,0
50499,0
169707,0
287521,0
184014,0
9928,0
290209,0
110514,0
3000,0
303359,0
311996,0
359316,0
11049,0
267900,0
208450,0
317850,0
236926,0
332829,0
258353,0
77659,0
173840,0
214741,0
116216,0
312947,0
199340,0
129745,0
18141,0
202076,0
340678,0
332838,0
373546,0
3691,0
338010,0
137519,0
5954,0
80654,0
312482,0
256922,0
184424,0
293455,0
158444,0
224764,0
373264,0
377354,0
362493,0
174080,0
330914,0
49358,1
101154,0
116978,0
110201,0
306937,0
145658,0
186444,0
303240,0
284768,0
106876,0
36616,0
70952,0
244127,0
390101,0
197578,0
386117,0
89253,0
210778,0
328094,0
295017,0
385343,0
167025,0
346726,0
325412,0
268805,0
275205,0
152,0
341281,0
377764,0
57145,0
172039,0
192087,0
321598,0
232045,0
303115,0
387972,0
126951,0
103918,0
296461,0
146211,0
375874,0
228476,1
76830,0
395464,1
117951,0
80399,0
40324,0
332148,0
13490,0
41416,0
86156,0
37455,1
10414,0
351471,0
152011,0
340638,0
104646,0
136977,0
181074,0
53413,0
69701,0
115315,0
126631,0
387570,0
75605,0
338597,0
80790,0
24119,0
207183,0
125617,0
40699,0
234299,0
387934,0
236478,0
6470,0
335256,0
277160,0
328557,0
130140,0
89971,0
274814,0
313007,0
373179,0
28340,0
218132,0
1530,0
139334,0
395458,0
55070,0
369327,0
96716,0
363156,0
156260,0
21517,0
13308,1
29765,0
355770,0
317650,0
118261,0
170754,0
238872,0
208113,0
105783,0
94834,0
200637,0
50069,0
333298,0
333889,0
348448,0
351670,0
52427,0
11850,0
67768,0
118160,0
359283,0
260813,0
180019,0
208333,0
303219,0
384544,1
280703,0
277907,0
236415,0
304053,0
138173,0
201813,0
295226,0
15864,0
25815,0
132914,0
86490,0
328959,0
85586,0
344255,0
48011,0
27971,0
197016,0
269456,0
238694,0
47482,0
255508,0
266325,0
221895,0
73720,0
319410,0
113822,0
358662,0
374530,0
348491,0
324547,0
213636,0
167297,0
235555,0
159632,0
233747,0
337560,0
62942,0
142704,0
93031,0
226304,0
369686,0
79034,0
107784,0
245142,0
305093,0
95598,0
329990,0
313214,0
141466,0
394829,0
141999,0
202257,1
37303,0
386604,0
286137,0
247198,0
373620,0
143173,0
246666,0
386075,0
304838,0
175153,0
131549,0
317315,0
359021,0
78428,0
297484,0
208582,0
212798,0
84183,1
215422,0
149421,0
78623,0
234342,0
378666,0
152559,1
36220,0
108510,0
86172,0
80956,0
356874,0
359552,0
164591,0
354376,0
80856,0
314369,0
344069,0
216175,0
172431,0
78849,0
57091,0
48477,0
267107,0
246606,0
116065,0
344810,0
23604,0
201122,0
239561,0
256462,0
112854,0
263069,0
209929,0
156871,0
245643,0
608,0
366108,0
135985,0
333066,0
378861,0
92112,0
6909,0
230934,0
54500,0
59716,0
376549,0
269444,0
60360,0
289475,0
81697,0
86510,0
80889,0
80935,0
59321,0
301433,0
256608,0
363602,0
153104,0
249388,0
3611,0
390806,0
158595,0
213873,0
149079,0
57832,0
9471,0
233287,0
20951,0
195500,0
188401,0
302393,0
205560,0
247366,0
146135,0
232659,0
271495,0
393891,0
268451,0
216599,0
21187,0
136034,0
49407,0
199537,0
186394,0
67413,0
350973,0
160379,0
241034,0
179909,0
286089,0
143573,0
378844,0
160393,0
117448,0
382724,0
344285,0
389553,0
208458,1
10591,0
322051,0
91191,0
111596,0
163463,0
118336,0
229615,0
37491,0
269344,0
122523,0
51858,0
95214,0
374313,0
367367,0
122697,0
163435,0
194415,0
392300,0
123554,0
163426,0
259243,0
145540,0
370476,0
336664,0
269084,0
320227,0
277789,0
209906,0
61116,0
174321,0
15236,0
35793,0
49558,0
30101,0
68046,0
126007,0
189205,0
213447,1
109851,0
322632,0
215267,0
131521,0
31355,0
35921,0
211640,0
277292,0
123293,0
123350,0
5076,0
84027,1
48403,0
309177,0
395250,0
155092,0
142155,0
318100,0
104366,0
177241,0
281722,0
104747,0
117784,0
252722,0
179416,0
139397,0
81163,0
121800,0
306975,0
56453,0
354832,0
297174,0
69839,0
314441,0
161457,0
147093,0
132639,0
180759,0
229387,0
318120,0
188290,0
24127,0
173286,0
3365,0
314947,0
9449,1
315192,0
328165,0
296729,0
29506,0
342272,0
302100,0
265864,0
196542,0
256994,0
257365,0
335128,0
80486,0
360252,0
151638,0
280784,0
235943,0
59507,0
87844,0
43627,0
323944,0
307978,0
156815,0
108414,0
264789,0
104547,0
57402,0
27005,0
69088,0
40675,0
246764,0
284634,0
111775,0
156216,0
215813,0
1917,0
13378,0
382158,0
303362,0
62782,0
241326,0
209774,0
293481,0
166923,1
221314,0
20047,0
61974,0
102081,0
178695,0
273084,0
278116,0
362868,0
93451,0
289506,0
168070,0
185571,0
23781,0
27598,0
28344,0
219108,0
375758,0
43318,0
74917,0
124917,0
296257,0
142679,0
55302,0
202332,0
211214,0
41756,0
283920,0
301578,0
35768,0
49785,0
178166,0
77341,0
44623,1
43794,0
66285,0
130064,0
297836,0
31056,0
252992,0
89194,0
65957,0
101517,0
137309,0
319065,0
108313,0
113626,1
63507,0
57105,0
48777,0
233768,0
233599,0
332457,0
362798,0
291877,0
336847,0
53788,0
111025,0
108908,0
319967,0
63848,0
312813,0
332435,0
288357,0
56264,0
45522,0
221642,0
69844,0
192558,0
120971,0
122700,0
210630,0
5744,0
202766,0
246478,0
243750,0
67698,0
55889,0
312387,0
814,0
292041,0
293224,0
43413,0
265098,0
381522,0
292317,0
139752,0
128562,0
99489,0
262919,0
37660,0
50351,0
136440,0
357768,0
28817,0
272369,0
132784,0
188871,0
150652,0
7073,0
147785,0
332669,0
292223,0
201688,0
369266,0
330504,0
291405,0
381708,0
47089,0
273377,0
214789,0
206565,1
116360,0
269757,0
307600,0
110996,0
371142,0
5683,0
226656,0
151264,0
172773,0
298890,0
236163,0
86700,0
193927,0
330669,0
388805,0
272404,0
86206,0
41203,0
312261,0
231647,0
51675,0
387454,0
395998,0
376269,0
2405,0
47442,0
97631,0
219354,0
201101,0
252249,0
374564,0
309299,0
198197,0
223812,0
164664,0
78900,0
9031,0
219924,0
105445,0
369721,0
103978,0
327953,0
331125,0
35857,0
159685,0
22711,0
273642,0
131068,0
111254,0
37487,0
216233,0
253127,0
120791,0
328424,0
348801,0
260531,0
254335,1
18619,0
247423,0
371095,0
37432,0
211132,0
326757,0
247277,0
36070,0
301886,0
360016,0
146531,0
359705,0
48766,0
259231,0
83849,0
33141,0
124899,0
364932,0
320936,0
341737,0
302957,0
358443,0
104693,0
24281,0
273120,0
209940,0
131572,0
131825,0
18461,1
279991,0
240173,0
251175,0
163182,0
278169,0
166155,0
121750,0
106207,0
201183,1
133188,0
377610,0
176502,0
65857,0
378345,0
237877,0
387186,0
334096,0
316894,0
370226,0
265103,0
320398,0
97052,0
347987,0
103515,0
147607,0
38959,0
80520,0
167860,0
390947,0
30102,0
171419,0
290042,0
377617,1
1086,0
344990,1
54455,0
188797,0
90491,0
291908,0
394343,0
380860,0
2448,0
163243,0
69390,0
63181,0
226573,0
133992,0
344418,0
310477,0
211416,0
333504,0
333176,0
31829,0
329999,0
48872,0
338050,0
389888,0
185827,0
359781,0
22614,0
284176,0
114900,0
376406,0
250636,0
332054,0
292207,0
354675,0
18074,0
122872,0
222623,0
286149,0
238563,0
48676,0
123306,0
33305,0
365184,0
237777,0
62628,0
41304,0
7689,1
374048,0
116784,0
48957,0
264276,0
303027,0
259264,0
231451,0
392335,0
256605,0
44502,0
40411,0
51788,0
327497,0
297348,0
268148,0
327471,0
14896,0
342497,0
106451,0
292840,0
307015,0
342051,0
65063,0
144432,0
367563,0
17180,0
7134,0
351743,0
203370,0
175161,0
334868,0
181422,0
271639,0
254999,0
204184,0
270989,0
321769,0
275176,0
347229,0
201373,0
258618,0
324294,0
87639,0
13713,0
81593,0
185381,0
189860,0
311586,0
219807,0
181938,0
137513,0
294110,0
204903,0
210157,0
227600,0
187819,0
136750,0
290607,0
254623,1
231447,0
120467,0
248196,0
161211,0
138079,0
229525,0
278238,0
190108,0
235988,0
99319,0
73944,0
53971,0
128050,0
70121,0
105348,0
111360,0
182716,1
109977,0
378036,0
316968,0
15032,0
387989,0
310086,0
273402,0
200653,0
163756,0
330623,0
182308,0
33907,0
215335,0
33699,0
296584,0
132122,0
175167,0
134344,0
276262,0
81513,0
303702,0
279269,0
75442,0
267343,0
205432,0
364259,0
19444,0
312922,0
65139,0
282255,0
187877,0
215757,0
148907,0
340855,0
278653,0
171425,0
14949,0
256976,0
83955,0
237763,0
293972,0
119139,0
389698,0
367762,0
188640,0
73512,0
285140,0
119135,0
328600,0
165688,0
209462,0
390257,0
66875,0
231588,0
82930,0
149199,0
269096,0
32041,0
360394,0
332354,0
192881,0
184717,0
310077,0
321508,0
242211,0
327143,0
312929,0
201539,0
127466,0
351114,0
203748,0
262935,0
139682,0
163777,0
121141,0
124504,0
189285,0
25711,0
317556,0
284772,0
179139,0
178482,0
72796,0
285516,0
120702,0
19014,0
40594,0
185606,0
382290,0
241731,0
39137,0
168367,0
311211,0
88020,0
220589,0
273958,0
102962,0
34829,0
249477,0
87701,0
323338,0
127517,0
394546,0
293339,0
325989,0
392878,0
109604,0
327369,0
692,0
29650,0
135778,0
301949,1
330779,0
45754,0
160029,1
363488,0
217937,0
343582,0
290265,0
77994,0
205765,0
338711,0
4538,0
79798,0
21866,0
342744,0
236442,0
320715,0
74399,0
189325,0
165753,0
123151,0
297251,0
314184,0
22486,0
344429,0
249824,0
105323,0
372060,0
64562,0
334148,0
365573,0
63853,0
217724,0
76085,0
390546,0
380984,0
50812,0
54386,0
353765,0
80260,0
291510,0
363311,0
371574,0
172441,0
182517,0
234385,0
272041,0
381845,0
223431,0
153047,0
110920,0
335342,0
176426,0
386964,0
75821,0
352918,0
239548,0
142581,0
168406,0
323362,0
297458,0
161585,0
85722,0
337069,0
46397,0
91369,0
199033,0
357909,0
206446,0
46032,0
325951,0
1101,0
127616,0
189506,0
351886,0
276198,0
129600,0
159704,0
122328,0
338856,0
260887,1
242189,0
22403,0
7537,0
340819,0
128143,1
219315,0
202246,0
263671,0
58418,0
121353,0
180473,0
122109,0
335045,0
273379,0
49311,0
175478,0
318424,0
197256,0
348332,0
134288,0
18703,0
330391,0
339960,0
166371,0
17553,0
200405,0
58597,0
174860,0
64153,0
118277,0
40274,0
355096,0
200225,0
282600,0
362976,0
142322,0
85663,0
363993,0
125589,1
120966,0
255757,0
181340,0
128005,0
343178,0
65744,0
384731,0
273277,0
336462,0
306568,0
30067,0
218802,0
327847,0
163561,0
148428,0
356711,0
334099,1
284685,0
355742,0
190280,0
316480,0
375391,0
247083,0
228616,0
240411,0
44789,0
247028,0
59296,0
120508,0
60969,0
272641,0
148125,0
266847,0
349969,0
148832,0
84057,0
393253,0
383507,0
70034,0
239433,0
329865,0
189618,0
297697,0
386711,0
394256,0
15705,0
367915,0
381478,0
352827,0
19768,0
214700,0
330272,0
349884,1
369674,0
84019,0
110861,0
133822,0
290469,0
99984,0
283416,0
359906,0
21009,0
347908,0
139578,0
187481,0
154222,0
154703,0
245478,0
262164,0
374574,0
292442,0
196866,0
234343,0
198982,0
222999,0
185921,0
341310,0
328450,0
152199,0
305645,0
169100,0
264453,0
120071,0
132164,0
184752,0
307135,0
125760,1
100492,0
246696,0
49348,0
319271,0
205792,0
62311,0
212103,0
125007,0
271436,0
352875,0
274457,0
47481,0
63855,0
222047,0
160794,0
216766,1
204039,0
297272,1
114135,0
289670,0
53745,0
360082,0
42998,0
171352,0
386847,0
222712,0
348349,0
300956,0
306328,0
300573,0
97095,0
48627,0
364752,0
328989,0
253217,0
25627,0
201277,0
48934,0
107012,0
366488,0
212371,0
221252,0
543,0
379277,0
253071,0
202811,0
130241,0
339260,0
374604,0
239829,0
314148,0
274377,0
139482,0
312965,0
147986,0
243063,0
13401,0
187467,0
67517,0
165872,0
119358,0
342719,0
333971,0
282711,0
310213,0
78487,0
189704,0
358803,0
23780,0
27797,0
4779,0
336254,0
136722,0
61377,0
343759,0
115582,1
198737,0
315328,0
49591,0
216226,0
21336,0
286041,0
53683,0
192841,0
381284,0
375749,0
25195,0
103861,0
291164,0
158410,0
219104,0
187394,1
133032,0
324403,0
312648,0
193553,0
257178,0
246888,0
19977,0
353486,0
333963,0
208775,0
20819,0
333348,0
309423,0
331340,0
47459,0
206831,0
124807,0
383443,0
205555,0
151374,0
261248,0
230177,0
93453,0
59746,0
158124,0
5008,0
390192,0
392938,0
251577,0
316271,0
227426,0
338317,0
169660,0
139736,0
277490,0
361304,0
82478,0
191792,0
329869,0
42878,0
194284,0
217131,0
32081,0
131369,0
289166,0
219019,0
34959,0
302212,0
248230,0
27743,0
90695,0
231117,0
393643,0
228204,0
290705,0
140320,1
147240,0
20779,0
153892,0
188308,0
348037,0
237547,0
173394,0
250836,0
332903,0
249246,0
178158,0
196249,0
52380,0
351612,0
134137,0
233373,0
131969,0
189473,0
191883,0
72667,0
281270,0
119244,0
339752,0
111475,0
104681,0
319549,0
175127,0
38288,0
58690,0
317909,0
259902,0
145129,0
365842,0
82181,1
368384,0
183539,0
267852,0
339325,0
39970,0
213797,0
201914,0
84231,0
101750,0
168324,0
91416,0
83077,0
33451,0
371508,0
335646,0
31951,0
46562,0
170665,0
30600,0
83508,0
249721,0
229420,0
111543,0
134964,0
210696,0
240144,0
370989,0
339718,0
374660,0
7639,0
199409,0
210011,0
4040,0
146509,0
238913,0
259746,0
289303,1
264751,0
232107,0
217396,0
86579,0
371093,0
247586,0
118376,0
80800,0
189938,0
212925,0
342913,0
341796,0
338796,0
379870,0
376156,0
285862,0
132330,1
179123,0
337687,0
361774,1
352297,0
285511,0
288864,0
86305,0
194686,0
141973,0
310693,0
202351,0
258536,0
244655,0
229897,0
213131,0
195583,0
361019,0
224846,0
96271,0
67891,0
351532,0
279807,0
168562,0
206018,0
179021,0
145974,0
38021,0
180050,0
106258,1
351135,0
137352,0
272534,0
109324,0
138966,1
132631,0
176531,0
185426,0
69131,0
323840,0
227167,0
194412,0
365399,0
91213,0
354393,0
310021,0
316129,0
131359,0
336741,0
164641,0
171514,0
333804,0
101382,0
119522,0
185572,0
202668,0
225658,0
140620,0
230302,0
56507,0
379153,0
203283,0
41121,0
38483,0
217361,0
148896,0
42842,0
335314,0
26711,0
104061,0
386706,0
53217,0
106793,0
247658,0
143650,0
103998,0
175585,0
205411,0
139109,0
292022,0
204869,0
223357,0
282478,0
194174,0
102208,0
178844,0
80233,0
65245,0
336590,0
22408,0
305245,0
161361,0
187225,0
281932,1
27015,0
147004,0
295002,0
351296,0
375548,0
273956,0
200171,0
78132,0
22012,0
95871,0
262802,0
308388,0
373115,0
299698,0
388909,0
336360,1
21563,0
197329,0
357218,0
316880,0
135017,0
351767,0
334571,0
88368,0
109029,0
124134,0
344632,0
317973,0
289589,0
96804,0
37382,0
353281,0
186356,0
218681,0
272691,0
35556,0
127813,0
60577,0
291953,0
162138,1
375346,0
268675,0
393301,0
377892,0
23344,1
232204,0
271846,0
339047,0
355507,0
128524,0
193452,0
230178,0
70451,0
311322,0
171689,0
322530,0
149620,0
392794,0
99338,0
259544,0
302344,0
273257,0
256582,0
175551,0
254248,0
8899,0
77606,0
171409,0
244012,0
341432,0
58153,0
126987,0
118064,0
237594,0
206821,0
311395,0
247644,0
356188,0
183317,0
93932,0
159149,0
17190,0
287055,0
370135,0
301037,0
218703,0
68242,0
13664,0
44717,0
332683,0
17683,0
270055,0
331542,0
204851,0
168382,0
176916,0
57287,0
203818,0
206905,0
64406,0
213419,1
33171,0
213477,0
27231,0
1206,0
154596,0
309988,0
244512,0
306231,0
281673,0
211263,0
303909,0
102698,0
124136,0
351577,0
168705,0
305101,0
302749,0
43058,0
295603,0
116560,0
253181,0
191715,0
31952,0
276475,0
32495,0
16555,0
202030,0
64572,0
95625,0
344195,0
361391,0
163678,0
41350,0
284236,0
152257,0
210975,0
210176,0
123286,0
129539,0
204370,0
188528,0
67446,0
106123,0
316790,0
366196,0
247193,0
235331,0
160717,0
15390,1
159457,0
206901,0
355586,0
211022,0
332517,0
328926,0
50278,0
274960,0
173822,0
185253,0
169299,0
200280,0
327441,0
210596,0
15669,0
61912,0
336083,0
229139,0
273139,0
34136,0
245894,0
132141,0
9567,0
4934,0
183573,0
220095,0
268298,0
369976,0
171931,0
100912,0
214319,0
230544,0
99726,0
159135,0
315372,0
269954,0
162302,1
274974,0
50247,0
273718,0
240245,0
321456,0
100118,0
148409,0
53848,0
380746,0
24831,0
56573,0
266073,0
103734,0
326457,0
15461,0
247720,0
51080,0
110872,0
244325,0
68391,0
69365,0
109176,0
42654,0
274763,0
273886,0
190140,0
189184,0
324100,0
265293,0
298428,0
66998,0
28212,0
227185,0
31697,0
218605,0
150575,0
209942,0
213080,0
105050,0
117202,0
168719,0
385832,0
74436,0
289076,0
85857,0
266757,0
315271,0
262466,0
68348,0
392695,0
291130,0
1334,0
201358,0
202834,0
288321,0
336165,0
314134,0
192472,0
118078,1
136454,0
61982,0
333733,0
375976,0
148364,0
332658,0
263058,0
323631,0
395785,0
3664,0
11910,0
369101,1
115417,0
240077,0
171127,0
189607,0
143920,0
369874,0
24988,0
14288,0
187104,0
349419,0
180057,0
323249,0
26926,0
213946,0
7611,0
64029,0
231986,0
256337,0
87711,0
130688,0
378783,0
251560,0
115071,0
319145,0
176345,0
302312,0
228318,0
22165,0
107030,0
294017,0
275308,0
180229,0
73185,0
357042,0
86455,0
136997,0
96241,0
371147,0
209465,0
77558,0
143213,0
361971,0
261324,0
179465,0
171471,0
72540,0
317624,0
8631,0
109770,0
149162,0
337717,0
80348,0
114823,0
57230,0
117890,0
151991,0
95828,0
53401,1
52888,0
369897,0
227110,0
325123,0
126389,0
80599,0
30025,0
253054,0
145027,0
171235,0
92779,1
261,0
247054,0
148173,0
72711,0
340541,0
110087,0
313768,0
1949,0
284751,0
384450,1
79375,0
12765,0
351226,0
158053,0
70566,1
217312,0
344224,0
197338,0
22873,0
76433,0
324609,0
294649,1
318433,0
256408,0
51685,0
58218,0
226310,0
117149,0
258771,0
228986,0
282740,0
23680,0
270281,0
6482,0
382481,0
49491,0
172357,0
203111,0
247246,0
342260,0
360382,0
388205,0
388170,0
23345,0
158838,0
193345,0
22980,0
382332,0
226342,0
210931,0
19217,1
202962,0
144295,0
13878,0
6911,0
311662,0
287441,0
137671,0
373173,0
325645,0
238765,0
68239,0
255936,0
168357,0
76873,0
262591,0
62141,0
257951,0
89289,0
126110,0
90503,0
360357,0
190212,0
97245,0
312734,0
341325,0
389661,0
239792,0
121207,0
299565,0
46238,0
390241,0
79223,0
251192,0
212215,0
301667,0
213900,0
359628,0
203679,0
5981,0
244314,0
306222,0
166973,0
103227,0
273028,0
362851,0
237996,0
150473,0
28980,0
165717,0
303272,0
44893,0
303224,0
341655,0
357691,0
6210,0
80416,0
228162,0
150617,0
291906,0
343572,0
74278,1
183163,0
4627,0
10854,0
77311,0
351156,0
103465,0
306006,0
354230,0
8598,0
175832,0
140431,0
379488,0
249946,0
363898,0
382120,0
366372,0
147675,0
178686,0
72935,0
205254,0
82840,0
342927,0
16243,0
142449,0
337294,0
221120,0
231045,1
33348,0
287523,0
81919,0
136129,0
6509,0
330142,0
288480,0
177356,0
266530,0
356550,0
218514,0
132913,0
95683,0
263984,0
289557,0
115639,1
305741,0
164589,0
288806,0
3981,0
346273,0
88164,0
293169,0
27376,0
36225,1
133950,0
72988,0
157055,0
152889,0
67129,0
186896,0
144762,0
174597,0
197045,0
196617,0
57468,0
128113,0
161245,0
188775,0
385844,0
13607,0
350003,0
286979,0
175354,0
13965,0
261920,0
221647,0
343405,0
110369,0
319264,0
181605,0
394148,0
230171,0
138984,0
350071,0
40437,0
97636,0
269424,0
301277,0
26623,0
364116,0
136853,0
324446,0
299143,1
345034,0
216181,0
148696,0
232990,0
346844,0
47220,0
360674,0
305947,0
388512,0
45818,0
332790,0
214112,0
128718,0
78146,0
327830,0
305060,0
307322,0
123009,0
210579,0
179711,0
58954,0
68418,0
155266,0
117966,0
311828,0
175766,0
173878,0
221230,0
69103,0
197508,0
145308,0
107539,0
266608,0
157541,0
2214,0
266478,0
198747,0
110621,0
232056,0
9881,0
394601,0
269481,0
28480,0
75070,0
104827,0
121099,0
301204,0
87301,1
297392,0
329112,0
270543,0
149597,0
61602,0
295158,0
276930,0
190520,0
175503,0
347375,0
190096,0
190029,0
249418,0
3888,0
382714,0
176618,0
211325,0
362423,0
299201,0
290289,0
80638,0
356574,0
272838,0
18748,0
58566,0
377493,0
260345,0
394585,0
74930,0
144044,0
140346,0
368868,0
279141,0
21644,0
124436,0
367418,0
11028,0
300079,0
254415,0
176309,0
268697,0
90494,0
81430,0
136735,0
31533,0
284586,0
385452,0
190178,0
6757,0
146217,0
84605,0
361565,0
222654,0
370680,0
140673,0
274767,0
392075,0
254587,0
359458,0
198349,0
320246,0
27101,0
235705,0
317614,0
148625,0
178832,0
14075,0
203128,0
189765,0
330736,0
24200,0
51582,0
6855,0
114448,0
148258,0
1413,0
180648,0
22629,0
79351,0
337468,0
142295,0
164629,0
360879,0
143802,0
45516,0
135369,0
186643,0
40640,0
354960,0
72124,0
313001,0
250156,0
338232,0
59739,0
29806,0
318711,0
139533,0
145135,0
183612,0
256361,0
323062,0
192266,0
59735,0
315982,0
338228,0
86105,0
333565,0
101329,0
287109,1
348971,0
312849,0
139153,0
50291,0
395281,0
215821,0
337231,0
269349,1
172923,0
233801,0
155484,0
368163,0
35112,0
131809,0
207610,0
101718,0
268662,0
57929,0
276003,1
222160,0
336351,0
343146,0
320860,0
251353,0
37528,0
81934,0
200659,0
53594,0
237266,0
156667,0
8961,0
233411,0
60103,0
306982,0
378184,0
200609,0
138484,0
357515,0
25070,0
199050,0
147278,0
321543,0
76753,0
194748,0
297832,0
191307,0
106567,0
346866,0
221065,0
201626,0
394732,0
180899,0
89918,0
174276,0
268386,0
21782,0
98403,0
388856,0
255278,0
70310,0
155951,0
44038,0
50628,0
96574,0
289487,0
367281,0
361331,0
351007,0
320375,0
333459,0
6568,0
57094,0
229689,0
166778,0
74087,0
67280,0
56841,0
150670,0
184626,0
392304,0
12966,0
43799,0
203468,0
355593,0
320709,0
386894,0
365562,0
269362,0
176515,0
211554,0
282027,0
256291,0
42943,0
29569,0
120216,0
337361,0
321026,0
183690,0
120420,0
156676,0
135412,0
251107,0
273487,0
323230,0
198075,0
329274,0
294060,0
160112,0
391137,0
286852,0
162748,0
378929,0
31102,0
261532,0
143854,0
292746,0
54967,0
28032,0
366729,0
314622,0
235222,0
39384,0
159827,0
86012,0
167090,0
344850,0
194579,0
313561,0
269099,0
328750,0
314930,0
280760,0
317659,0
256537,0
301072,0
66038,0
300399,0
261560,0
72162,0
37001,0
42541,0
19516,0
8771,0
297621,0
127776,0
243870,0
273562,0
161523,0
212241,0
1398,0
388500,0
359971,0
163085,0
151277,0
111246,0
133401,0
188141,0
179188,0
111406,0
156838,0
184006,0
143312,0
57954,0
287607,0
243262,0
10512,0
291622,0
231861,0
189770,0
195382,0
75762,0
36160,0
194369,0
183364,0
69002,0
326328,0
354279,0
348191,0
70081,0
294470,0
337536,0
137206,0
77511,0
293330,0
335370,0
299089,0
286382,0
156210,0
217726,0
22134,0
210046,0
278964,0
239639,0
183813,0
380111,0
362272,0
277392,0
391666,0
283861,0
335956,0
272342,0
316503,0
210908,0
326671,0
47596,0
325025,0
301615,0
145674,0
125269,0
4440,0
52022,0
364443,0
125171,0
164509,0
350719,0
334394,0
66902,0
4456,0
116805,0
204174,0
103920,0
294052,0
231955,0
22418,0
354382,0
343249,0
57554,0
343479,0
233353,0
348653,0
279337,0
365354,0
14718,0
170645,0
10987,0
78051,0
277583,0
13094,0
84971,0
179748,0
176103,0
302621,0
30485,0
228438,0
201532,0
299498,0
203041,0
18767,0
354092,0
234254,0
82867,0
40732,0
350761,0
143245,0
156809,0
58067,0
194233,0
204112,0
324252,0
227677,0
91906,0
120930,0
273504,0
25147,0
121707,0
270816,0
386562,0
343288,0
335464,0
290198,0
377246,0
282278,0
368481,0
47346,0
279579,0
131273,0
87947,0
132212,0
54643,0
274263,0
253611,0
299943,0
62765,0
187426,1
192304,0
38066,0
289521,0
169166,0
128016,0
12467,0
361576,0
362590,0
19136,0
368709,0
168969,0
364634,0
10779,0
223980,0
144080,0
41120,0
354479,0
34881,0
91055,0
288215,0
58712,0
304617,0
290175,0
29307,0
271826,0
51102,0
387218,0
233628,0
376033,0
283843,0
90854,0
101376,0
218944,0
194245,0
104882,0
23509,0
272375,1
98232,0
77699,0
236391,0
204021,0
120066,0
216980,0
295638,0
362947,0
100106,0
12565,0
296283,0
376712,0
394831,1
287695,0
55455,0
190761,0
105700,0
249014,0
105349,0
12877,0
208688,0
13852,0
218999,0
73206,0
165046,0
174095,0
86712,0
334286,0
126698,0
381872,0
200036,0
304622,0
77579,0
102900,0
347935,0
191653,0
190055,0
331738,0
281652,0
53339,0
20920,0
358960,1
113719,0
47569,0
286936,0
49161,0
318511,0
212529,0
260306,0
220279,0
208737,0
44134,0
288158,0
118089,0
355038,0
36326,0
284512,0
137668,0
283102,0
223223,0
3806,0
45770,0
270733,0
373686,0
24967,0
106362,0
2758,0
160920,0
82834,0
174957,0
94456,0
284835,0
36578,0
233421,0
375249,0
69373,0
221598,0
353232,0
66245,0
368276,0
57746,0
313875,0
229530,0
168043,0
32403,0
302970,0
391437,0
375323,0
147826,0
89331,0
345345,0
181054,0
167939,0
175601,1
268438,0
84075,0
26615,0
87609,0
363767,0
214255,0
106109,0
325674,0
238211,0
21983,0
360342,0
237325,0
150789,0
338672,0
309094,0
109169,0
300087,0
246324,0
362334,0
285776,0
138411,0
347446,0
294532,0
220724,0
43489,0
247438,0
49210,0
176482,0
248624,0
242179,0
130738,0
297757,0
334253,0
243126,0
43563,1
140950,0
204322,0
132908,0
214086,1
85799,0
150750,0
169619,0
65001,0
96074,0
107570,0
55115,0
34324,0
196323,0
196098,0
326420,0
141480,0
151505,0
224289,0
274267,0
274125,0
169141,0
59848,0
374946,0
33486,0
211010,0
222607,0
158341,0
352305,0
332864,0
142522,0
374633,0
315832,0
100400,0
145244,0
65688,0
238698,0
243252,0
234721,0
310638,0
96570,0
304176,0
133741,0
376174,0
384437,0
390494,0
88846,0
266077,0
223468,0
49833,0
33572,1
331164,0
185066,0
237060,0
294065,0
219685,0
171696,0
83278,0
242110,0
353296,0
339808,0
157700,0
45366,0
279519,0
362871,0
264058,0
175751,0
353754,0
167937,0
252512,0
333421,0
381647,0
381076,0
56326,0
380049,1
170111,0
24829,0
240335,0
310010,0
31485,0
315967,0
58960,0
265309,0
59588,0
187679,0
191658,0
21485,0
270906,0
321449,0
130268,0
115377,0
186367,0
172739,0
70505,0
356598,0
28034,0
21763,0
192190,0
119536,0
116143,0
374737,0
28885,0
287683,0
373760,0
313240,0
303665,0
118105,0
114095,0
174813,0
304453,0
352106,0
37510,0
130544,0
313944,0
325389,0
316859,0
343538,0
150844,0
185782,0
157757,0
287924,0
367889,0
139725,0
335206,0
166112,0
122866,0
300293,0
308031,0
190137,0
234565,0
392079,0
260018,0
25400,0
218298,0
33462,0
269000,0
349697,0
233357,0
152708,0
355318,0
391281,0
220431,0
39110,0
323558,0
96807,0
231168,0
105554,0
328614,0
290829,0
77631,0
88619,0
283041,0
105994,0
369739,0
98043,0
296241,0
262274,0
73751,0
19641,0
20881,0
60387,0
168737,0
345522,0
361506,0
182524,0
191057,0
295866,1
196733,0
200106,0
30745,0
100347,0
83994,0
226256,0
327387,0
14648,0
62166,0
208858,0
123478,0
136152,0
190150,0
180259,0
145440,0
31623,0
114121,0
129689,0
189797,0
376473,0
322961,0
74214,0
166129,0
86836,0
67222,0
351945,1
341473,0
352306,0
315020,0
124496,0
365635,0
385866,0
252191,0
213234,0
272665,0
35492,0
98211,0
97869,0
62434,0
242091,0
324643,0
284905,0
340865,0
211434,0
49807,0
363512,0
283957,0
22166,0
362622,0
248442,0
309040,0
351078,0
302917,0
351451,0
220459,0
63812,0
321777,0
261825,0
77636,0
237225,0
236920,0
252961,0
384705,0
225431,0
291168,0
2359,0
171759,0
87547,0
373899,0
208955,0
244293,1
391584,0
300037,0
150431,0
147183,0
128585,0
236109,0
273584,0
155739,0
7172,0
274000,0
332306,0
302774,0
384799,0
1596,0
310360,0
160692,0
21243,0
167421,0
344864,0
251394,0
264180,0
167304,0
155416,0
219865,0
97979,0
120489,0
50851,0
325707,0
57556,0
85289,0
10886,0
223896,0
210335,0
167635,0
52681,0
101950,0
34283,0
31257,0
212030,0
47792,0
204768,0
137477,0
10470,0
349360,0
70176,0
337719,0
255367,0
98531,0
272023,0
145733,0
45490,0
21548,0
149089,0
36555,0
127532,0
300891,0
165632,0
376592,0
227149,0
159976,0
44167,0
383765,0
179317,0
266853,0
119912,0
29308,0
69353,1
200365,0
209011,0
195761,1
80421,0
119785,0
138750,0
181801,0
103727,0
188701,0
344739,0
188154,0
185259,0
323288,0
390125,0
308097,0
309511,0
172996,0
270404,0
61490,0
256952,1
30980,0
380915,0
198771,0
135269,0
228999,0
112525,0
72026,0
339858,0
361812,0
65758,0
228879,1
118684,1
354256,0
297966,0
77852,0
296614,0
125926,0
81154,0
341719,0
190643,0
97416,0
51637,0
273466,0
292247,0
342047,0
148889,0
96746,0
299594,0
142112,0
228312,0
121125,0
389023,0
188105,0
42535,0
139474,0
351805,1
236237,0
298295,0
260683,0
106968,0
16539,0
310905,1
156339,0
393794,0
51150,0
91977,0
225264,0
33663,0
339883,0
251011,0
174695,1
82183,0
135679,0
164566,0
168675,0
111894,0
336700,0
359802,0
143759,0
199060,0
351621,0
129566,0
14049,0
230915,0
77713,0
95063,0
137977,0
336479,0
234423,0
151307,0
323476,0
358262,0
169091,0
53222,0
239087,0
152314,0
185077,0
179744,0
13369,0
197728,0
16274,0
115713,0
331097,0
297532,0
333620,0
188958,0
362227,0
157396,0
348598,0
153355,0
249459,0
70840,0
269610,0
155462,0
22690,0
128088,0
216651,1
21175,0
123466,0
206604,0
280336,0
242545,0
120510,0
18340,1
108182,0
269761,0
147026,0
102601,0
65994,0
128092,0
96383,0
319331,0
347855,1
343725,0
188398,0
84462,0
248832,0
53246,0
102741,0
92457,0
357710,0
308322,0
151579,0
170179,0
255620,0
292086,0
129563,0
139901,0
357478,0
143567,0
211407,0
110503,0
128077,0
5868,0
9738,0
127149,0
387363,0
227482,0
223814,0
53776,0
313746,0
259612,0
55833,0
360817,0
63157,0
394608,0
155023,0
256923,0
34557,0
200281,0
304432,0
366370,0
321268,0
136832,0
217586,0
182088,0
322707,0
387380,0
230003,0
89825,0
273413,0
178196,0
382609,0
46798,0
310677,0
197072,0
294089,0
62499,0
321366,0
357115,0
255991,0
222274,0
288587,0
57549,0
392945,0
259489,0
192525,0
327095,0
17340,0
158222,0
207264,0
180091,0
67449,0
301765,0
374654,0
314167,0
306820,0
107541,0
110222,0
164104,0
21058,0
71689,0
10363,0
266342,0
131941,0
65496,0
131397,0
348043,0
384063,0
18353,1
331154,0
27086,0
256891,0
24292,0
221491,0
238281,0
270097,0
204315,0
322776,0
355945,0
177159,0
234892,0
214724,0
167007,0
29419,0
381792,0
257456,0
43182,0
119190,0
193698,0
316189,0
381067,0
58360,0
226165,0
155094,0
323014,0
351750,0
69734,0
35636,0
190922,0
340445,0
268718,0
379776,1
192591,0
176182,0
85932,0
130694,0
125630,0
135074,0
39107,0
82657,0
246047,0
258066,0
266196,0
203606,0
337310,0
322307,1
298504,0
44162,0
370230,0
394684,1
251399,0
209972,0
258610,0
393737,0
180989,0
179642,0
276661,0
303160,0
282915,0
120333,0
194061,0
105284,0
226606,0
338021,0
265923,0
48561,0
279639,0
70884,0
238691,0
299530,0
221461,0
66735,0
297171,0
244577,0
39550,0
88747,0
32630,0
339804,0
339226,0
346815,0
209796,0
202058,1
381882,0
95327,0
232392,0
281293,0
181508,0
340776,0
174858,0
306534,0
111595,0
37217,0
63861,0
203198,0
326333,1
203912,0
323585,0
334320,0
258907,0
222334,0
5817,0
178315,0
85683,0
52479,0
385892,0
34077,0
286360,0
329192,0
309270,0
143999,0
300479,0
61810,0
367735,0
206302,0
336877,0
78898,0
234595,0
50170,0
4427,0
352854,0
224668,0
235443,0
162785,0
252588,0
100843,0
144676,0
312340,0
29413,0
278404,0
370079,0
238922,0
254201,0
204103,0
180586,0
226605,0
87118,0
270224,0
264281,0
71199,0
122657,0
101698,0
68376,0
59290,0
356260,0
298950,0
168846,0
578,0
265231,0
287773,0
83417,0
145641,0
145916,0
37713,0
360772,0
141232,0
171407,0
362536,0
98252,0
45435,0
215383,0
143663,0
71231,0
144499,0
348355,0
346003,0
191697,0
184185,0
323422,1
1883,0
171119,0
29592,0
213922,0
227790,0
23718,0
348476,0
288343,0
205319,0
3875,0
394255,0
288118,0
10022,0
231819,0
294845,0
342003,0
171935,0
14135,0
95843,0
164612,0
309527,0
318043,0
101877,0
258459,0
127989,0
67257,0
27503,0
191921,0
112442,0
138404,0
383046,0
157784,0
218840,0
316282,0
150236,0
185321,0
350819,0
20100,0
213866,0
205227,0
123545,0
333047,0
202690,0
370862,0
119979,0
159701,0
323805,0
155482,0
182759,0
253622,0
233130,0
132954,0
226857,0
387553,0
266195,0
332254,0
162032,0
157398,0
211544,0
292274,0
144254,0
143622,0
131808,0
236427,0
105786,0
191214,0
336790,0
183597,0
90681,0
273135,0
4407,0
175933,0
253795,0
43722,0
109453,0
49387,0
87281,0
47602,0
307792,0
278504,0
338310,1
104177,0
13807,0
149947,0
316957,1
51967,0
12368,0
321120,0
31792,0
228512,0
11359,0
29105,0
124194,0
296701,0
158287,0
326108,0
77364,0
310809,0
163246,0
56131,0
329147,0
89729,0
12500,0
356180,0
59680,0
217936,0
120588,0
235046,0
141217,0
331523,0
121903,0
160863,0
374327,0
98337,0
353584,0
391398,1
122860,0
188868,0
156839,0
64529,0
3508,0
253889,0
263125,0
130569,0
177517,0
231679,0
59604,0
108420,0
284849,0
45827,0
209198,0
197371,0
221923,0
363742,0
312192,0
6089,0
300165,0
393098,0
189634,0
260077,0
333630,0
61230,0
31158,0
392686,0
159413,0
15401,0
336796,0
242424,0
270128,0
369589,0
229566,0
390790,0
310474,0
247814,0
208454,0
349811,0
101497,0
93614,0
346731,0
167125,0
244843,0
170383,0
503,0
161522,0
74534,0
327077,0
89288,0
272863,0
225831,0
216949,0
68874,0
363343,0
88775,0
47999,0
241185,0
268681,0
91234,0
27477,0
45592,0
75912,0
316444,0
121337,0
168388,0
18539,0
384247,0
50825,0
298736,0
52050,0
36725,0
238657,0
186099,0
196316,0
363609,0
124654,0
2205,0
309096,0
235348,0
109548,0
162763,0
133190,0
263074,0
45070,0
115337,0
66411,0
84514,0
253556,0
163601,0
287548,0
78741,0
306083,0
358122,0
319621,0
158807,0
364440,0
75505,0
289130,0
117253,0
24513,0
362751,0
78045,0
150147,0
112848,0
75219,0
20803,0
306748,0
384184,0
238995,0
19934,0
214927,0
4368,0
284816,0
273866,1
45791,0
123972,0
261317,0
93805,0
230562,0
355166,0
44471,0
370214,0
301124,1
29242,0
276845,0
252937,0
304991,0
98070,0
100606,0
230519,0
285942,0
394722,0
339443,0
83667,0
382184,0
109213,0
144413,0
161360,0
376514,0
29087,0
345204,0
139633,0
191946,0
310646,0
299936,0
274839,0
358143,0
359854,0
157537,0
367626,0
269724,0
136533,0
237925,0
170317,0
201683,0
213388,0
99658,0
52369,0
83099,0
216799,0
247474,0
265109,0
182675,0
263086,0
345227,0
169473,0
133635,0
74910,0
210898,0
265128,0
17782,0
13933,0
265075,0
62982,0
346592,0
289034,0
214603,0
393267,0
354505,0
377767,0
300205,0
180039,0
56211,0
166934,0
203806,0
203702,0
110714,0
15349,0
10786,0
193361,0
388663,0
394115,0
45080,0
217405,0
190537,0
369251,0
307153,0
134797,0
329920,0
52394,0
73011,0
174955,0
221885,0
281051,0
263724,0
365645,0
150850,0
286517,0
350158,0
391458,0
71510,0
146877,0
73343,0
294799,0
201119,0
181925,0
327994,0
144481,0
310503,0
151687,0
39755,0
197834,0
337936,0
262204,0
106456,0
2731,0
367192,0
348494,0
299502,0
296655,0
360139,0
148551,0
57132,0
207857,0
373326,0
63245,0
347146,0
151145,0
83369,0
121655,0
385787,0
48721,0
297593,0
30983,0
10984,0
116679,0
353664,0
219034,1
279292,0
172035,0
282507,0
317445,0
51445,0
75643,0
184507,0
381302,0
394943,0
152808,1
273449,0
222294,0
125719,0
329235,0
287717,0
128781,0
18368,0
316218,0
318156,0
281910,0
139642,0
52878,0
129883,0
92936,0
13702,0
160721,0
166025,0
202675,0
55697,0
71275,0
167746,0
270263,0
261896,0
108116,0
242616,0
40168,0
57471,0
376366,0
231263,0
161870,0
375519,0
85053,0
306355,0
389162,0
236551,0
108570,0
298590,0
21541,0
224890,0
335426,0
320637,0
90987,0
56499,0
87902,0
136848,0
21715,0
137737,0
155203,0
150904,0
119731,0
258936,0
88024,0
240386,0
78935,0
262397,0
93464,0
106176,0
178659,0
296317,1
81918,0
386607,0
153997,0
323888,0
16395,0
140160,0
162931,0
186681,0
390505,0
119777,0
155485,0
171798,0
247476,0
297939,0
92138,0
77449,0
233447,0
352969,0
27019,0
322898,0
216256,0
120859,0
65261,0
114535,0
68713,0
303583,0
110718,0
142219,0
102530,0
16144,0
129174,0
271117,0
294529,0
356020,0
7125,0
102451,0
222092,0
112809,0
53669,0
315322,0
357495,0
381462,0
76887,0
271847,0
99840,1
387138,0
93643,0
259807,0
77289,0
41066,0
279011,0
331887,0
251390,0
154953,1
124746,0
271447,0
243136,0
209188,0
388587,0
148795,0
69504,0
391995,0
141660,0
192884,0
24339,0
248334,0
1175,0
68850,0
188852,0
183630,0
255634,0
186592,0
368392,0
15053,0
903,0
104587,0
374119,0
159901,0
301320,0
72045,0
78958,0
389056,0
209276,0
299227,0
213653,0
8783,0
320768,0
269392,0
3486,0
198439,1
102816,0
274109,0
234267,0
132401,0
276252,0
39520,0
9988,0
228181,0
39312,0
263825,0
123415,0
3538,0
352744,0
310582,0
248371,0
166403,0
329987,0
393309,0
292053,0
318934,0
151737,0
164377,0
357258,0
388443,0
269705,0
242207,0
280491,0
298832,0
33067,0
195222,0
3754,0
3509,0
153984,0
368383,0
164741,0
364359,0
242781,0
155794,0
392306,0
50621,0
223795,0
79149,0
158068,0
366973,0
114571,0
190654,0
93839,0
43026,0
61734,0
198290,0
97667,0
6867,0
60466,0
117853,0
278527,0
115372,0
292404,0
236615,0
78247,1
203795,0
241339,0
154166,0
367191,0
357957,0
308376,0
79734,0
391340,0
146365,0
156632,0
54810,0
352913,0
376560,0
101218,0
65470,0
10540,0
151156,0
108020,0
337260,0
5202,0
392574,0
338056,0
344959,0
275411,0
103436,0
116254,0
190964,0
28375,0
49733,0
123999,0
370307,0
284711,1
305489,0
114323,0
337535,0
249763,0
20969,0
388256,0
216075,0
349286,0
170108,0
380929,0
304075,0
359549,0
181595,0
174073,0
337691,0
170266,0
176023,0
318351,0
293886,0
81925,0
394279,0
55277,0
215665,0
120129,0
332957,1
33587,0
83000,0
239880,1
349900,0
219940,0
133348,0
278890,0
82401,0
272787,0
30768,0
24033,0
36204,0
60953,0
293901,0
150184,0
158774,1
58182,0
212247,0
389616,0
94172,0
256935,0
326198,0
314248,0
32294,0
147316,0
116161,0
249982,0
142541,0
157817,0
291230,0
127488,0
132284,0
250363,0
339355,0
116443,0
174299,0
268556,0
367842,0
357638,0
274311,0
106219,0
141851,0
247169,0
46219,0
101272,0
211880,0
119119,0
358589,0
321,0
285160,0
49474,0
167656,0
288468,0
179602,0
340256,0
393829,0
235454,0
153491,0
237414,0
389914,0
7621,0
234223,0
366850,0
105161,0
339382,0
203102,0
45732,0
365068,0
17459,0
87922,0
47043,0
232598,0
147657,0
245495,0
283647,0
141131,0
264331,0
170882,0
3936,0
146927,0
139919,0
322098,0
112298,0
244991,0
292597,0
113865,0
210564,0
170419,0
322851,0
156011,0
82177,0
100367,1
177093,0
39855,0
2832,0
219066,0
66254,0
180812,0
394826,0
136205,0
3076,0
286554,0
348418,0
268290,0
133396,1
53965,1
108248,0
326481,0
314887,0
124521,0
173151,0
251259,0
304328,0
265196,0
6942,0
37876,0
203643,0
292232,0
48658,0
118622,0
221912,0
214574,0
367493,0
279244,0
229951,0
379984,1
148544,0
139336,0
165712,0
191236,0
334908,0
328994,0
186258,0
140933,0
46670,0
310448,0
301653,0
207232,0
187768,0
105122,0
1037,0
375529,0
113830,0
5648,0
367689,0
42145,0
89173,0
176779,0
221200,0
22665,0
228275,0
298587,0
109134,0
356864,0
114268,0
353291,0
263569,0
317332,0
213722,0
329803,0
191108,0
7372,0
14707,0
125365,0
208446,0
49874,0
358906,0
72513,0
280709,0
223680,0
220712,0
263138,0
321340,0
334575,1
209319,0
272024,0
176369,0
367491,0
40936,0
147169,0
232534,0
141104,0
185035,0
263470,0
144240,0
87414,0
381056,0
143956,0
139634,0
259522,0
177358,0
29254,0
17555,0
266084,0
85439,0
145776,1
359656,0
308985,0
91954,0
366881,0
310978,0
15519,0
198390,0
266765,0
207822,0
276843,0
133064,0
80943,0
217710,0
240029,0
283401,0
377113,1
373154,0
23782,0
157364,0
34180,0
90966,0
126423,0
247163,0
126096,0
279791,0
139721,0
67344,0
174870,0
72451,0
136048,0
60744,0
280633,0
134674,0
122527,0
218015,0
327472,1
30556,0
94570,0
100075,0
370502,0
143266,0
374971,0
48276,0
127228,0
118982,0
42821,0
80391,0
25669,0
216153,0
170467,0
390517,0
200698,0
147533,0
48915,1
88878,0
33103,0
296895,0
233899,0
13197,0
69133,0
385487,0
263411,0
102612,0
153751,0
215030,0
113969,0
123651,0
177777,0
158455,0
84628,0
368696,0
259967,0
161983,0
186985,0
31234,0
46366,0
266210,0
290802,0
295277,0
221640,0
293437,0
16221,0
76766,0
51831,0
178294,0
93231,0
90729,1
149955,1
353006,0
134969,0
156859,0
84688,0
158267,0
151134,0
178577,0
380205,0
55310,0
155801,0
327395,0
318255,0
242982,0
237310,0
256688,0
62299,0
37174,0
88256,0
324257,0
45541,0
185790,0
16267,0
104146,0
386323,0
180506,0
169569,0
86614,0
221762,0
320734,0
382131,0
85451,0
76183,0
131589,0
168291,0
202188,0
261965,0
139902,0
12857,0
213640,0
237283,0
316965,0
267536,0
377574,0
388376,0
180188,0
122474,0
200897,0
18705,0
284311,0
122773,0
76775,0
150781,0
13750,0
353550,0
317104,0
288076,0
135921,0
351726,0
216879,0
166079,0
360154,0
327174,0
119537,0
249572,0
117462,0
331667,0
99018,0
249823,0
115669,0
17153,0
338164,0
119706,0
142130,0
55855,0
124999,0
85872,0
140831,0
281187,0
276209,0
104269,0
340880,0
63445,0
209016,0
140779,0
292778,0
175129,0
67708,0
40080,0
50473,0
304853,0
193902,0
55818,0
6040,0
378614,0
20139,0
183227,0
303407,0
81274,0
209956,0
49879,0
154971,0
163556,0
220019,0
234239,0
159633,0
4222,0
1525,0
370420,0
37791,0
307884,0
206890,0
334142,0
78714,0
148679,0
339258,0
142627,0
332130,0
179162,0
107343,0
62451,0
142495,0
288296,0
134501,0
265013,0
240834,0
178764,0
268430,0
216717,0
141089,0
185056,0
129576,0
137773,0
296788,0
67408,0
21709,0
37364,1
216615,0
18301,0
31231,0
49680,0
87309,0
253064,0
251236,0
387525,0
323346,0
37652,0
121263,0
40985,0
102194,0
367019,1
231911,0
27886,0
89473,0
379707,0
332677,0
37637,0
137060,0
21647,0
186839,0
76009,0
150337,0
268943,0
316449,0
386853,0
206625,0
277838,0
152550,0
321536,0
216557,0
226402,0
113657,0
265259,0
303368,0
287125,0
12027,0
395708,0
7500,0
373397,0
211991,0
315069,0
26537,0
192241,0
219220,0
168740,0
3391,0
171301,0
124011,0
122051,0
285958,0
317203,0
96613,0
126704,0
87672,0
283165,0
61729,0
56135,0
212384,0
359052,0
94999,0
118325,0
267205,0
378161,0
55546,0
112802,0
349233,1
85555,0
51472,0
319677,0
216736,0
393473,0
198740,0
86671,0
31404,0
16185,0
138187,0
371497,0
225948,0
136781,0
374026,0
93412,0
189999,0
7819,0
282159,0
140055,0
52554,0
393664,0
321195,0
128019,0
336337,0
59788,0
34910,0
232736,0
279880,0
385454,0
180113,0
392431,0
326197,0
110138,0
373342,0
116854,0
265742,0
5342,0
249597,0
346019,0
375414,0
121944,0
340165,0
203518,0
366282,0
86219,0
239960,0
174031,1
138012,0
207348,0
239419,0
215815,0
173710,0
43877,0
187637,0
205241,0
377972,0
51438,0
45241,0
392738,0
337223,0
206151,0
326548,0
43757,0
150441,0
57835,0
292150,0
171758,0
166450,0
344274,0
103588,0
310387,0
213895,0
322880,0
233240,0
266133,0
313513,0
222216,0
109795,0
31366,0
51452,0
28103,0
235804,0
142975,0
53899,0
322981,0
343267,0
189490,0
50927,0
163032,0
282216,0
198894,0
72682,0
43004,0
216923,0
102911,0
215320,1
154022,0
256597,0
18799,0
35010,0
98404,0
1120,0
34523,0
253100,0
305164,0
325979,0
311217,0
389137,0
356704,0
133766,0
238903,0
337154,1
82010,0
142909,0
34716,0
176976,0
175323,0
239260,0
334211,0
394311,0
94628,0
179346,0
220767,0
115695,0
88369,0
333665,0
180782,0
80226,0
204797,0
229033,0
188217,0
121230,0
76797,0
16958,0
133226,0
89285,0
344311,0
13304,0
170939,0
382554,0
389346,0
267401,0
345260,0
381093,0
233126,0
362534,0
269434,0
184904,0
115373,0
181765,0
375597,1
384254,0
111958,0
139067,0
138323,0
285518,0
325665,0
169513,0
378126,0
347715,0
348187,0
224931,0
325228,1
292942,0
351650,0
257443,0
176991,0
326042,0
354726,0
350726,0
230351,0
148676,0
15836,0
141743,0
77536,0
323507,0
105499,0
112350,0
154023,0
389321,0
253764,0
327733,0
4025,0
220806,0
19837,0
321750,0
29704,0
131328,0
86578,0
321364,0
373320,0
139095,0
364656,0
219155,0
43348,0
213379,0
198362,0
222359,0
249303,0
7220,0
104257,0
77298,0
99290,0
390711,0
217505,0
281844,0
119793,0
146387,0
298144,0
110544,0
72876,0
110566,0
306684,0
91342,0
219080,0
204511,0
172518,0
94249,0
121389,0
106163,0
231336,0
262321,0
267328,0
167499,0
206077,0
277548,0
15583,0
286006,0
227424,0
356266,0
70605,0
214863,0
124165,0
96838,0
95686,0
284102,0
14826,0
225534,0
76419,0
345571,0
197425,0
365400,0
89558,0
321775,0
218661,0
135391,0
39450,0
266947,0
212127,0
286930,0
131649,0
51149,0
57763,0
328458,0
173980,0
256398,0
57169,0
86422,0
234439,0
280300,0
155588,0
147534,0
184901,0
237380,0
274905,0
366876,0
3866,0
22011,0
140030,0
294342,0
30886,0
259819,0
326752,0
344584,0
87135,0
173246,0
20629,0
27401,0
218910,0
391813,0
314973,0
57409,0
83604,0
212623,0
335447,0
255784,0
231038,0
353036,0
386899,0
113308,0
25846,0
103987,0
172727,0
16377,0
45520,0
240665,0
118200,0
82864,0
390469,0
237787,0
171120,0
57435,0
320367,0
365555,0
187255,0
270464,0
110177,1
299646,0
48119,0
362797,0
61977,0
319125,0
172463,0
390728,0
250748,0
344191,1
102167,0
37741,0
282385,0
289421,0
372424,0
77561,0
56161,0
61562,0
141945,0
200535,0
370377,0
107656,0
287475,0
356799,0
255272,0
302195,0
320019,0
303837,0
60174,0
350573,0
236440,0
247095,0
301674,0
255553,0
64983,0
335906,0
53357,0
76494,0
178105,0
3278,0
111206,0
227588,0
58519,0
347256,0
107761,0
392533,0
153787,0
124731,0
103232,0
27482,0
221821,0
178045,0
268513,0
293109,0
78784,0
99572,0
231360,0
68265,0
175710,0
227120,0
53699,0
121319,0
283748,0
197945,0
321982,0
119202,0
263373,0
97711,0
381794,0
371877,0
110275,0
164829,0
151226,0
20241,0
126470,0
103629,0
242414,0
294184,0
275754,0
101131,0
306950,0
105667,0
282717,1
363102,0
18667,0
315808,0
330258,0
182479,0
127475,0
395310,0
188891,0
256234,0
361516,0
162253,0
341122,0
366343,0
166046,0
74855,0
19175,0
21529,0
78006,0
79068,0
29956,0
385771,0
111839,0
287713,0
246303,0
147252,0
301480,0
71463,0
386774,0
167095,0
30969,0
191688,0
374700,0
84669,0
72617,0
196442,0
365772,0
79501,0
178729,0
340795,0
58325,0
295015,0
232679,0
298945,0
242297,0
87904,0
250530,0
369675,0
330668,0
255627,0
384300,0
254758,0
283214,0
156974,0
360628,0
145820,0
369302,0
165407,0
295689,0
2653,0
187437,0
169647,0
61109,0
37955,0
391286,0
151023,0
275240,0
224316,1
355236,0
265518,0
78049,0
217759,0
9940,0
127757,0
181690,0
31044,0
46280,0
290841,0
268591,0
185258,0
32864,0
236274,0
248511,0
74516,0
294772,0
111463,0
35846,0
101756,0
326765,0
309181,0
79772,0
368406,0
249674,0
229798,0
117359,0
328967,0
35662,0
57707,0
372511,0
278494,0
115788,0
34313,0
8357,0
212479,0
272286,0
248602,0
86326,0
377299,0
70839,0
264273,0
240233,0
331056,0
107244,0
314956,0
257128,0
226203,0
193817,0
109386,0
309178,0
36158,0
395001,0
259420,0
6983,0
367786,0
55408,0
200959,0
353021,0
346631,0
21408,0
289859,0
198723,0
73695,0
101905,0
75315,0
164484,0
303974,0
152582,1
148432,0
368482,0
382008,0
223995,0
127165,0
22098,0
200109,0
26937,0
386889,0
131122,0
10253,0
380216,0
74442,0
147218,0
124380,1
42987,0
299723,0
212895,0
277485,0
255552,0
299456,0
169416,0
79323,0
393586,0
349914,0
314526,0
208489,0
261429,0
284402,0
87992,1
367494,0
288399,0
87328,0
168707,0
284829,0
311818,0
110272,0
85527,0
82498,0
206745,0
180044,0
382677,0
113091,0
274786,0
144574,0
98239,0
117443,0
389865,0
200305,0
283787,0
4630,0
303472,0
122674,0
86205,0
252394,0
102695,0
141739,0
347425,0
172453,0
1803,0
109615,0
62422,0
367772,0
68079,0
180272,0
378220,0
171276,0
388506,0
42799,0
309761,0
210650,0
355532,0
57818,0
253120,0
180171,0
259781,0
86022,0
244780,0
383858,0
25368,0
52575,0
195316,0
358438,0
82215,0
245532,0
116071,0
220094,0
256640,0
83463,0
28553,0
67582,0
35590,0
199669,0
76140,0
46970,0
385783,0
375334,0
383822,0
186540,0
343345,0
4300,0
393215,0
293202,0
344259,0
308801,0
345565,0
55618,0
92209,0
316655,0
371863,0
181576,0
356601,0
22635,0
188462,0
250615,0
311195,0
80960,0
181314,0
100387,0
265141,0
204832,0
335718,0
262212,0
237725,0
211333,0
357657,0
245716,0
300341,0
90341,0
261134,0
261651,0
391902,0
116699,0
190909,0
52859,0
375358,0
209698,0
11465,0
323133,0
253164,0
172641,0
164325,0
360345,0
64454,0
392517,0
136428,0
67026,0
308776,0
213184,0
329595,0
72726,0
238214,0
217818,0
319395,0
2506,0
214891,1
54442,0
165226,0
204469,0
205605,0
247386,0
116234,0
345791,0
395970,0
363166,0
145496,0
226610,0
176290,0
170423,1
328169,0
229145,0
292312,0
148552,0
345733,0
70074,0
19830,0
156661,0
151399,0
6097,0
368440,0
33417,0
200411,0
134427,0
316015,0
140871,0
207489,0
299134,0
122140,0
190669,0
144615,0
5272,0
232053,0
341205,0
75039,0
190447,0
111974,0
183546,0
144284,0
323934,0
207587,0
258722,0
55951,0
286442,0
182462,0
70770,0
260520,0
54217,0
193031,0
117808,0
98528,0
262187,0
18229,0
257501,0
133710,0
143271,0
5516,0
318717,0
143862,0
284699,0
350581,0
201456,0
189214,0
359303,0
274808,0
37743,0
153744,0
238924,0
258201,0
9688,0
197186,0
142900,0
393084,0
86166,0
348669,0
83851,0
35266,0
27601,0
123522,0
40487,0
37075,0
192789,0
100662,0
145989,0
139769,0
154341,0
41699,0
329478,0
220828,0
269893,0
5902,0
39500,0
6901,0
13359,0
60200,0
349875,0
21549,0
164122,0
352403,0
214676,0
395226,0
359541,0
311398,0
80015,0
170128,0
139368,0
99758,0
32111,0
157134,0
250709,0
69786,0
140036,0
92313,0
149752,0
186380,0
240912,0
64496,0
174240,0
338196,0
204660,0
98753,0
260084,0
35381,0
26762,0
113859,0
27818,0
377485,0
378757,0
174356,0
378814,1
133448,0
284739,0
111485,0
183727,0
154803,0
86208,0
237937,0
376233,0
226587,0
367352,0
76595,0
290933,0
43589,0
83798,0
266104,0
235207,0
158931,0
109085,0
15163,0
279788,0
108789,0
360516,0
224705,0
362825,0
23403,0
349265,0
335741,0
39154,0
212747,0
225213,0
201430,0
357069,0
187607,0
113571,0
54222,0
234978,0
227327,0
343006,0
243383,0
309616,0
251058,0
282946,0
346440,0
234812,0
65287,0
99862,1
266003,0
246199,0
322523,0
378989,0
100922,0
210966,0
207075,0
231982,0
325833,0
312174,0
123724,0
50743,0
360,0
297513,0
206145,0
165434,0
197412,0
38547,0
129908,0
209523,0
368270,0
302456,0
173411,0
30193,0
178397,0
323488,0
284588,0
311852,0
234202,0
71483,0
332085,0
345483,0
30389,0
366061,0
310052,0
363957,0
126988,1
253668,0
154822,0
373795,0
315767,0
278158,0
2451,0
354823,0
217826,0
265670,0
139657,0
123938,0
187752,0
100155,0
295938,0
240696,0
135421,0
109424,0
100652,0
76794,0
204251,1
347067,0
59502,0
336708,0
173343,0
294955,0
226594,0
53862,0
22474,0
102144,0
346449,0
353042,0
98988,0
89064,0
307677,0
389182,0
328330,0
105280,0
167609,0
362700,0
103708,0
15315,0
348604,0
177935,0
106801,0
336436,0
1469,0
105174,0
225784,0
23882,0
363321,0
300482,0
72040,0
255402,0
157472,0
295711,0
176936,0
351515,0
217289,0
26400,0
11747,0
219613,0
297139,0
135222,0
213371,0
322135,0
180035,0
269049,0
45521,0
315209,0
272114,0
316827,0
129602,0
353301,0
128115,0
276733,0
224427,0
167515,0
232514,0
383417,0
128380,0
17654,0
295009,0
121862,0
162839,0
346076,0
15387,0
200033,0
283223,0
72774,0
89765,0
172880,0
215616,0
224709,0
261956,0
148238,0
49008,0
196544,0
172977,0
391494,0
126533,0
20719,0
387099,0
336609,0
146576,0
246641,0
106673,0
120406,0
307162,0
105734,0
335438,0
92819,0
155324,0
369496,0
258163,0
110404,0
97771,0
218449,0
151547,0
74327,0
27639,0
38902,0
253117,0
162608,0
395232,0
212309,0
130515,0
379439,0
42476,0
63359,0
110997,0
216667,0
82419,0
69899,0
186584,0
171849,0
24431,0
267926,0
161021,0
186311,1
96552,0
298232,0
288202,0
49597,0
196156,0
150526,0
28939,0
29171,0
187139,0
194775,0
243861,0
314437,0
259205,0
322937,0
240931,0
141507,0
278851,0
330749,0
21088,0
161811,0
3934,0
280885,0
273963,0
239616,0
350319,0
153384,0
313743,0
176807,0
38394,0
2557,0
361938,0
386115,0
89493,0
186840,0
178051,0
60385,0
70517,0
85392,0
203351,0
139047,0
49410,0
303489,0
109564,0
228548,0
207496,0
324412,0
374998,0
272293,0
117282,0
390167,0
367226,0
373930,0
79951,0
194890,0
49166,0
263765,0
379437,0
51579,0
16671,1
104463,0
29850,0
26741,0
10278,0
44278,0
254406,0
253489,0
305419,0
83097,0
287334,0
334159,0
84207,0
31043,0
118316,0
389420,0
90455,1
61743,0
380141,0
62489,0
389488,0
215891,0
96526,0
149782,0
295679,0
114686,0
13161,0
334869,0
310928,0
18994,1
83150,0
128946,0
241698,0
61218,0
316149,0
102677,0
18188,0
278576,0
188286,0
84081,0
166442,0
62576,0
79744,0
922,1
174350,0
33511,0
385499,0
327206,0
133286,0
333690,0
390772,0
22866,0
179566,0
202893,0
125702,0
220457,0
300773,0
86937,0
103394,0
385469,0
3678,0
120184,0
100731,0
223434,0
38730,1
72072,0
159048,0
140720,0
15430,0
331088,0
95988,0
193491,0
168199,0
185985,1
227008,0
176963,0
41985,0
310146,0
342233,0
242506,0
70759,0
206198,0
335062,0
242526,0
252827,0
383200,0
125366,0
194483,0
250339,0
333252,0
151316,0
10149,0
92885,0
92939,0
239210,0
355526,0
82450,0
276725,0
222629,0
278871,0
222303,0
47273,0
385537,0
134438,0
56457,0
35380,1
340744,0
246808,0
349907,0
1132,0
229819,0
316236,0
69860,0
27110,0
349935,0
300982,0
195469,0
160439,0
248587,0
392471,0
307462,0
83858,0
204162,0
336572,0
183507,0
103487,0
358455,0
278710,0
364512,0
258435,0
5926,0
104738,0
188828,0
276519,0
358364,0
282459,0
8206,0
337600,0
80514,0
278919,0
386922,0
255113,0
344472,0
279984,0
81733,0
180100,0
230166,0
38523,0
194271,0
225944,0
16581,0
339052,0
220212,0
103683,0
26251,0
227626,0
291823,0
245327,0
174720,0
289194,0
266509,0
43537,0
282501,0
154714,0
200364,0
90614,0
38629,0
317037,0
361964,0
350280,0
72262,0
69768,0
50131,0
251760,0
67760,0
102926,0
17557,0
45218,0
359874,0
93976,0
349734,0
8326,1
257851,0
356547,0
130366,0
86386,0
26689,0
109015,0
235387,0
186091,0
40536,0
27602,0
92319,0
289336,0
269476,0
245245,0
122509,0
189628,0
180196,0
190413,0
232158,0
13561,0
217728,0
315211,0
162583,0
79383,0
72802,0
348039,0
145762,0
264403,0
253700,0
39161,0
105794,0
123380,0
227676,1
395032,0
86841,0
1277,0
263775,0
205436,0
381312,0
240455,0
337805,0
392451,0
108962,0
290970,0
294724,0
44659,0
385313,0
218678,0
231691,0
199836,0
236788,0
53226,0
362051,0
186992,0
177160,0
158767,0
144119,0
240288,0
126793,0
356509,0
274348,0
77523,0
22964,0
352647,0
334812,0
303893,0
259098,0
380487,0
163027,0
124643,0
89107,0
265747,0
372632,0
268348,0
195249,0
158567,0
70450,0
204954,0
274210,0
321304,0
346365,0
111241,0
157119,0
13899,0
90973,0
370033,0
42600,0
79617,0
145523,0
66037,0
21006,0
117442,0
207762,0
51915,0
288907,0
260639,0
53136,0
258582,0
89009,1
222300,0
374623,0
93253,0
148370,0
381676,0
159971,0
156911,0
394013,0
359905,0
161424,0
5936,0
103782,0
224518,0
106538,0
39469,0
282781,0
127831,0
127522,0
81522,0
159183,0
169148,0
38734,0
357542,0
237411,0
112412,0
738,0
359207,0
6062,0
335326,0
176766,0
272099,0
394735,0
139298,0
258393,0
337794,0
116848,0
261414,0
224398,0
391974,0
367691,0
216379,0
85381,0
88823,0
259330,0
81941,0
116221,0
13333,0
154447,0
358873,0
387483,0
379462,0
69788,0
121375,0
107898,0
183862,0
226799,0
357995,0
389629,0
39256,0
92419,0
1089,0
57778,0
36296,0
25774,0
361995,0
163501,0
299639,0
216392,0
328138,1
352668,0
107438,0
253838,0
194413,0
350563,0
47746,0
182440,0
300304,0
19900,1
83124,0
83009,0
264088,0
252914,0
195624,0
236343,0
361113,0
378719,0
229091,0
387654,0
23215,0
98645,0
161338,0
53850,0
280410,0
286050,0
16490,0
33347,0
256674,0
245141,0
5673,0
355494,0
254925,0
164254,0
11921,0
186130,1
325798,0
63392,0
353631,0
237244,0
212169,0
218927,0
160724,0
69361,0
284537,0
50669,0
132313,0
319346,0
224789,0
286734,0
65510,0
305090,0
299971,0
41637,0
19124,0
103598,0
43888,0
254474,0
153858,0
287734,0
9547,0
244878,0
14340,0
5660,0
373873,0
316873,0
320389,0
298489,0
271115,0
389252,0
176854,0
267075,0
120267,0
213092,0
297350,0
157390,0
279570,0
352683,0
154701,0
179773,0
35951,0
285280,0
74644,0
224567,0
62681,0
261933,0
295253,0
269620,0
91009,0
307944,0
52964,0
36992,0
173817,0
217243,0
263562,0
140694,0
236305,0
215176,0
335700,0
158921,0
228321,0
68777,0
286082,0
216910,0
136688,0
87907,0
186565,0
346012,0
105229,0
327963,0
75628,0
326901,0
203526,0
190777,0
336125,0
293766,0
265160,0
46921,0
24787,0
130594,0
284194,0
68070,0
46052,0
171926,0
340628,0
211591,0
26312,0
241177,0
363244,0
165718,0
180220,0
38604,0
60748,0
377556,0
380410,0
80632,0
343877,0
247061,0
190855,0
352571,0
383725,0
55743,0
156356,0
240314,0
66714,1
226865,0
239386,0
147129,0
336997,0
124825,0
188005,0
214236,0
242468,0
203642,0
301346,0
221936,0
47991,0
324200,0
380351,0
389894,0
7437,0
11656,0
87403,0
93567,0
358580,0
306064,0
135627,0
175708,0
13175,0
56975,0
6010,0
37524,0
312899,0
236212,0
6312,0
122830,0
45449,0
383509,0
243064,0
261067,0
395237,0
21492,1
331775,0
8975,0
94496,0
41016,0
94928,0
179344,0
340441,0
345245,0
313293,0
219235,0
58240,0
258720,0
320547,0
84328,0
69942,0
118011,0
118673,1
257381,0
184647,0
363032,0
94874,0
260789,0
54309,0
145770,0
32952,0
258108,0
329367,0
19788,0
353832,0
87467,0
191263,0
12287,0
163666,0
41908,0
257700,0
364342,0
131336,0
67177,0
242028,0
24740,0
288755,0
98168,0
262525,0
74795,0
38861,1
254485,0
355858,0
352846,0
112094,0
96848,0
259008,0
15926,0
59643,0
270892,0
174534,0
329169,0
139168,0
170800,0
395408,0
185765,0
238428,0
80685,0
52054,0
12834,0
43783,0
380567,0
229792,0
122989,0
321412,0
278259,0
196475,0
225695,0
31680,0
189553,0
136824,0
147001,1
102606,0
133850,0
126427,0
272572,0
72612,0
336316,0
36823,0
267123,0
350959,0
15234,0
297286,0
322095,0
80112,0
306882,0
134921,0
176347,0
336767,0
327610,0
244189,0
363018,0
28445,0
142208,0
231385,0
161243,0
88359,0
74420,0
110776,0
373227,0
114951,0
246063,0
305923,0
304158,0
164907,0
274521,0
338482,0
287388,0
15195,0
377276,0
11332,1
163645,0
238179,0
79846,0
100373,0
79295,1
200883,0
324132,0
325824,0
84157,0
378326,0
352362,0
66548,0
15907,0
391205,0
340257,0
28645,0
118012,0
81019,0
331621,0
10099,0
275762,0
314297,0
381812,0
102252,1
73673,0
23467,0
306044,0
176698,0
395650,0
60628,0
326036,0
193200,0
77123,0
193095,0
40792,0
21518,0
361276,0
318727,0
380303,0
3659,0
39512,0
326641,0
279221,0
99683,0
43923,0
242717,0
157240,0
247320,0
288920,0
62340,0
234242,0
214293,0
73718,0
354132,0
97290,0
130943,0
299410,0
149475,0
214750,0
272832,0
311929,0
268779,0
46976,0
267632,0
30152,0
323236,0
45569,0
262067,0
347455,0
332776,0
125647,0
129661,0
148293,0
135621,0
258196,0
255558,0
66743,0
132596,0
192459,0
312015,0
330112,0
35950,0
186283,0
248293,0
111428,0
6456,0
326087,0
260132,0
85837,0
310205,0
215432,0
307372,0
371377,0
329241,0
230342,0
243643,0
261571,0
17243,0
273581,0
246688,0
82495,0
177306,0
363453,0
105580,0
204670,0
245545,0
143719,0
281719,0
58630,0
224367,0
306475,0
104636,0
333950,0
364023,0
138108,0
25374,0
246441,0
275871,0
293178,0
181804,0
341916,0
383066,0
248991,0
272949,0
225226,0
248058,0
103982,0
31914,0
127051,0
197667,0
179944,0
103663,0
77259,0
363729,0
168727,0
88698,0
159251,0
320674,0
180262,0
92519,0
318790,0
266109,0
133783,0
128259,0
98693,0
246113,0
10973,0
274806,0
40937,0
390997,0
235159,0
276623,0
29253,0
129370,0
85596,0
316799,0
104403,0
52996,0
285430,0
159829,0
351810,0
3347,0
249332,0
227096,0
82095,0
293932,0
80627,0
19919,0
203391,0
190230,0
336821,0
336024,0
132253,0
379768,0
105217,0
384195,0
247312,0
70252,0
38040,0
286462,0
333982,0
56895,0
197117,0
206308,0
58397,0
31438,0
98742,0
9790,0
220053,0
292117,1
294509,0
209767,0
105210,0
331777,0
8093,0
176933,0
190695,0
19166,0
234315,0
277032,0
363085,0
375900,0
275098,0
372259,0
309483,0
108646,0
255166,0
22174,0
323584,0
254687,0
293839,0
260573,0
281613,0
143326,0
305945,0
57303,0
388875,0
4193,0
10527,0
218089,0
280073,0
203928,0
146008,0
19800,0
235900,0
133624,0
227908,0
272633,0
211150,0
320545,0
124443,0
84137,0
379221,0
284398,0
28171,0
54062,0
259748,0
98524,0
146956,0
68787,0
218196,0
226196,0
57768,0
90038,0
346990,0
310384,0
31073,0
40447,0
152542,0
280337,0
94293,0
172662,0
252585,0
169686,0
9569,0
317043,0
148413,1
208086,0
318760,0
98330,0
157037,0
118717,0
133518,0
313055,0
371157,0
50993,0
30706,0
232720,0
92716,0
122946,0
347653,0
366094,0
247194,0
386122,0
101488,0
251182,0
34828,0
290541,0
46915,0
186739,0
178919,0
79720,1
27885,0
151263,0
352107,0
317451,1
390571,0
273567,0
32748,0
149778,0
75296,0
383941,0
158496,0
237119,0
191314,0
281146,0
344308,0
159620,0
120140,0
137232,0
191850,0
209873,0
91856,0
132780,0
274927,0
309035,0
68343,0
376865,0
149888,0
254766,0
24503,0
153266,0
321272,0
217739,1
276549,0
326861,0
78422,0
369096,0
97308,0
351126,0
91645,0
110323,0
369299,0
389847,0
274173,0
26292,0
298003,0
142315,0
62013,0
369774,0
237756,0
149153,0
227451,0
267613,0
94688,0
131614,0
280824,1
50257,0
279126,1
62785,0
126176,0
173705,0
54078,0
64115,0
14679,0
330185,0
181097,0
114401,0
276714,0
179497,0
92398,0
318670,0
315344,0
320844,0
344033,0
230332,0
376692,0
189594,0
68214,0
50593,0
295326,0
164250,0
41891,0
204823,0
210764,0
317719,0
156767,0
366608,0
240238,0
222567,0
71291,0
310648,0
81764,0
121804,0
234789,0
7700,0
284884,0
28012,0
374050,0
333356,0
136571,0
180151,0
60688,0
355123,0
128757,0
337111,0
135125,0
300753,0
369425,0
130114,0
6802,0
79268,0
246126,0
315395,0
43806,0
248816,1
280645,0
5708,0
338837,0
230139,0
292260,0
345745,0
74018,0
20823,0
204976,0
372922,0
87352,0
113376,0
75968,0
183637,0
381885,0
98360,0
261136,0
171019,0
182625,0
302216,0
87353,0
215827,0
262250,0
348359,0
89392,0
376668,0
364312,0
73313,0
193217,0
266531,0
2296,0
215610,0
36841,0
221136,0
150305,0
137115,0
359717,1
159303,0
257000,0
196293,0
202249,0
267329,0
36931,0
278093,0
211202,0
204886,0
368350,0
336717,1
327567,1
364804,0
239231,0
92064,0
262444,0
102538,0
170614,0
269267,0
142886,0
24447,1
194800,0
347742,0
89875,0
188911,0
389120,0
217252,0
282618,0
349530,0
45525,0
331915,0
56349,0
140906,0
276308,0
196626,0
127133,0
15014,1
55177,0
110746,0
15611,0
42754,0
331234,0
89164,0
365990,0
32634,0
124267,0
252475,0
58514,0
30151,0
27138,0
175173,0
105727,0
123322,0
119653,0
276766,0
8032,0
345467,0
263530,0
57815,0
301462,0
164544,0
242190,0
268543,0
166776,0
133609,0
111029,0
304794,0
359214,0
170739,0
283142,0
115991,0
6533,0
231640,0
55155,0
102545,0
47801,0
382124,0
288741,0
150865,0
294493,0
323729,1
1453,0
21557,0
62054,0
197320,0
357068,0
48258,0
330282,0
272191,0
225223,0
12190,0
341905,0
352612,0
344315,0
366700,0
232559,0
72380,0
35973,0
301631,0
71455,0
361388,0
43614,0
354242,0
384362,0
357962,1
93911,0
353304,0
378698,0
250512,0
156059,0
37055,0
318786,0
316391,0
238606,0
284681,0
230509,0
28042,1
99681,0
363048,0
206185,0
38363,0
262664,0
105608,0
362288,0
304757,0
52924,0
69787,0
167047,0
123438,0
135635,0
376875,0
202358,0
293182,0
43717,0
138798,1
147948,0
281196,0
262058,1
285811,0
299361,0
345016,0
346057,0
87840,0
50623,0
211679,0
357997,0
177401,0
299503,0
91547,0
220373,1
136645,0
90885,0
315515,1
220154,0
60457,0
114289,0
279904,0
198868,0
134269,0
299168,0
351383,0
273429,0
267416,0
114569,0
87833,0
246049,0
109653,0
134075,0
182548,0
549,0
174898,0
224936,0
295040,1
376162,0
215780,0
380701,0
45625,0
329403,0
214571,0
169415,0
67701,0
346729,0
369203,0
221729,0
82521,0
45377,0
93049,0
245279,0
225775,0
213593,0
234578,0
351113,0
188719,0
138447,0
173433,0
108591,0
225578,0
393724,0
212725,0
42659,0
335174,0
277314,0
184522,0
182520,0
137861,0
161071,0
179683,0
268363,0
386791,1
325012,0
140181,0
115247,0
211769,0
385953,0
103527,0
331108,0
101347,0
295656,0
29487,0
15961,0
275677,0
343423,0
126273,0
56106,0
389828,0
241259,0
70927,0
320229,1
45025,0
35465,0
119133,0
297371,0
233321,0
87619,0
304713,1
63275,0
3163,0
36996,0
90909,0
125570,0
192916,0
189123,0
6363,0
261694,0
10992,0
159816,0
188782,0
100249,0
42764,0
75256,0
36380,0
15861,0
16804,0
85373,0
102832,0
192423,1
239284,0
300272,0
876,0
213266,0
49041,0
101161,0
196819,0
133970,0
117406,0
353885,0
164045,0
257408,0
395192,0
61247,0
375459,0
142544,0
336541,0
13111,0
1882,0
146880,0
290292,0
76146,0
289209,0
124129,0
194711,0
30088,0
344871,1
295818,0
362729,0
111904,0
337879,0
295070,0
185231,0
15488,0
88647,0
1639,0
187934,0
167904,0
374034,0
24252,0
248212,0
233093,0
143620,0
392804,0
223329,0
331588,0
165124,0
208833,0
337084,0
171643,0
210954,0
209360,0
1073,0
392022,0
319030,0
167971,0
327217,0
103251,0
294679,0
148862,0
126930,0
113873,0
360074,0
27163,0
43164,0
356796,0
70722,0
350619,0
287248,0
98274,0
218952,0
393818,0
336941,0
29572,1
57874,0
240750,0
65560,0
17710,0
177299,0
85275,0
386331,0
230416,0
53508,0
347539,0
377536,0
216729,0
288448,0
196606,0
174277,0
338963,0
136254,0
129726,0
12625,0
241155,0
46928,0
279280,0
350463,0
144792,0
111408,0
61859,0
98600,0
76916,0
331742,0
33872,0
154523,0
324614,0
115035,0
185897,0
211023,1
296761,0
376050,0
304042,0
151318,0
355238,0
109761,0
32028,0
109836,0
366861,0
304056,0
176046,0
202694,0
215009,0
348948,0
312513,0
105488,0
301297,0
343658,0
375963,0
289276,0
140322,0
375007,0
384599,0
54595,0
331837,0
252138,0
95892,0
353346,0
92276,0
38867,0
59449,0
256259,0
142559,1
114343,0
154108,0
372321,0
365574,0
106498,0
315885,0
45166,0
287762,0
241269,0
99747,0
304521,0
280823,0
208872,0
371205,0
273860,0
305176,0
274029,0
263099,0
51789,0
284891,0
287515,1
316211,0
165939,0
223650,0
38044,1
296014,1
315345,0
309530,0
375695,0
51535,0
299611,0
173535,0
111859,0
366837,0
175628,0
98028,0
69738,0
87119,0
213591,0
203056,0
50397,0
292018,0
254602,1
241417,0
393688,0
165813,0
139449,0
318631,0
344863,0
313689,0
201270,0
81822,0
77434,0
395031,0
139022,0
249292,0
343614,0
43826,0
264787,0
114714,0
343009,0
313098,0
307369,0
143775,0
132708,0
91707,0
20761,0
298740,1
7248,0
365803,0
332287,0
228395,0
368549,0
358366,0
115203,0
318624,0
270938,0
109087,0
369668,0
170561,0
312241,0
206759,0
10642,0
125677,0
35248,0
277682,0
186787,1
281593,0
161503,0
280228,0
244133,0
204913,0
128056,0
167118,0
214994,0
306211,0
198445,0
313174,0
339936,0
353858,0
251500,0
80773,0
158202,0
129675,0
236951,0
141601,0
379248,0
281691,0
365063,0
98463,0
381088,0
122504,0
295355,0
364922,0
105425,0
353777,0
380569,0
107437,0
48776,0
357132,0
29218,0
243900,0
175168,0
47161,0
74031,0
193115,0
145997,0
90218,0
117201,0
154055,0
350382,0
128201,0
101381,0
61242,0
33041,0
63624,0
270440,0
183151,0
144771,0
92600,0
82706,0
293445,0
202426,0
371915,0
333040,0
295122,0
390556,0
76938,0
343468,0
117437,0
155687,0
14848,0
232791,0
119475,0
373527,0
285609,0
7850,0
26028,0
60803,0
184804,0
174764,0
153423,0
290242,0
120779,0
248646,0
365268,0
343633,0
26996,0
168772,0
161406,0
346389,0
283578,0
87468,0
213528,0
57576,0
162127,0
332616,0
121381,0
346294,0
82328,0
204683,0
205507,0
27891,0
369198,1
132957,0
175712,0
323307,0
284979,0
132143,0
83645,0
322759,0
20929,0
31650,0
157181,0
353152,0
363411,0
382820,0
254372,0
206248,0
119587,0
8694,0
121586,0
156412,0
190182,0
352778,0
221796,0
228765,0
27837,0
103519,0
63408,0
96510,0
149424,0
77291,0
387367,0
291267,0
30131,0
385098,0
344007,0
13055,0
2512,0
197010,0
151219,0
227796,0
119393,0
364544,0
86424,0
389532,0
350421,0
281918,0
385657,0
190901,0
61370,0
236428,1
295286,0
284138,0
234031,0
182702,0
140943,0
184866,0
203571,0
283907,0
141063,0
297889,0
39371,0
227166,0
237833,0
211556,0
52869,0
116831,0
310664,1
7171,0
269321,0
179070,0
360398,0
97333,0
280917,0
336668,0
303527,0
206110,0
253965,0
228767,0
124284,0
140303,0
32915,0
122354,0
135689,0
41357,0
393261,0
73881,0
300400,0
332701,0
298938,0
313317,0
21853,0
289783,0
242912,0
350097,0
176100,0
101504,0
163359,0
269720,0
108802,0
287662,1
287728,0
264493,0
264535,0
254932,0
379915,0
203453,0
66763,1
297553,0
338756,0
71731,0
258796,0
103261,0
352213,0
54887,0
103917,0
173633,0
75395,0
1221,0
120442,0
171987,0
247865,0
27787,0
299136,0
91575,0
192510,0
251268,0
280763,0
208036,0
342980,0
58931,0
204619,0
303667,0
387106,0
20557,0
201990,0
211929,0
163973,0
329817,0
304144,0
134149,0
81214,0
291860,0
346633,0
372583,0
224749,1
219459,0
113595,0
119042,0
59496,0
305893,0
214300,0
140583,0
93015,0
15410,0
231628,0
69037,0
92539,0
157982,0
352809,0
152444,0
51689,0
29691,0
327213,0
15480,0
204742,0
254802,0
112495,0
203565,0
124662,0
60546,0
153539,0
239897,1
135923,0
332941,0
313698,0
106661,0
217733,0
170249,0
366980,0
169585,0
307342,0
40036,0
53738,0
304447,0
266238,0
20164,0
241356,0
310564,0
325837,0
127895,0
264320,0
194017,0
96479,0
22029,0
267526,0
324137,0
207391,0
388231,0
126644,0
140625,0
137175,1
106890,0
129742,0
190866,0
111949,0
289681,0
278758,0
384431,0
363601,0
49669,0
229161,0
9203,0
323077,0
137176,0
106587,0
300260,0
34743,0
265129,0
136877,0
331112,0
114893,0
357578,0
349142,1
212085,0
32586,0
136062,0
311121,0
207991,0
8230,0
228403,0
68818,0
61565,0
66551,0
244808,0
57107,0
169307,0
155901,0
273364,0
16223,0
137658,0
135134,0
327937,0
113056,0
247964,0
114026,0
49310,0
279275,0
48787,0
286111,0
202492,0
112126,0
97088,0
81477,0
251366,0
303258,0
134644,0
344600,1
379982,0
185010,0
68733,0
383207,0
370861,0
364727,0
361821,0
159179,0
231814,0
267929,0
142556,0
17123,0
131001,0
336035,0
270315,0
224613,0
180503,0
370773,0
373351,0
111086,0
63572,0
94973,0
267022,0
347203,0
101693,0
82147,0
153902,0
342583,0
127549,0
337790,0
227462,0
205018,0
321444,0
369457,0
334930,0
41951,0
65521,0
353285,0
366263,0
27958,0
354218,0
87483,0
63687,0
341523,0
214070,0
275725,0
85891,0
371936,1
225284,0
43454,0
139262,0
187377,0
376483,0
304615,0
252451,0
303888,0
224813,0
58400,1
239451,0
100452,0
24853,0
102234,0
119165,0
908,0
212114,0
334090,0
352877,0
3029,0
306563,0
95159,0
17403,0
33470,0
387920,0
251043,0
290408,0
171267,0
175109,0
74055,0
388736,0
300745,0
2472,0
258851,0
38981,0
361505,0
234374,0
218216,0
380136,0
243776,0
252004,0
64902,0
184190,0
97881,0
119750,0
231763,0
103197,0
309643,0
61928,0
378939,0
64469,0
85582,0
390919,0
119887,0
288419,0
384899,0
216125,0
137174,0
191249,0
313163,0
190360,0
292552,0
99426,0
116066,0
315301,0
206057,0
122201,0
273808,0
306016,0
199173,0
34318,0
92013,0
113986,0
238292,0
364692,0
145012,0
302390,0
116148,0
366361,0
65573,0
287313,0
175417,0
337119,0
253043,0
321571,0
103906,0
315332,0
51039,0
373233,0
167122,0
187625,0
12581,0
44220,0
368135,0
274535,0
236835,0
161177,0
369672,0
377633,0
76139,0
252275,0
288260,1
21869,0
278704,0
175569,0
153914,0
62847,0
325907,0
248521,0
7444,0
55366,0
246323,0
315032,0
244871,0
271462,0
9066,0
324334,0
241612,0
77610,0
25800,0
343216,0
205208,0
380602,0
30664,0
86719,0
219716,0
319896,0
386970,0
298644,0
78622,0
181779,0
368470,0
198091,0
271038,0
86139,0
171951,0
72644,0
25366,0
307439,0
144491,0
362031,0
133617,0
112421,0
334940,0
96580,0
289486,0
46627,0
253659,0
365806,0
33732,0
142955,0
245105,0
134521,0
133200,0
219915,0
364867,0
393396,0
187574,0
359469,0
283821,0
214350,0
129401,0
271190,0
63806,0
170815,0
325313,0
72374,0
289565,0
322318,0
132372,0
281451,0
191960,0
111827,0
274190,0
285823,0
119040,1
233141,0
163554,0
265256,0
141761,0
374803,0
239910,0
318873,0
394243,0
331972,0
17263,0
104538,0
101446,0
218972,0
311467,0
227661,0
250763,0
296667,0
349280,0
376129,0
93765,0
392141,0
12915,0
70918,0
300912,0
363771,1
49098,0
258492,0
221574,0
249209,0
331734,0
395699,0
373244,0
229588,0
222355,1
21451,0
2714,0
370837,0
283539,0
258276,0
25240,1
61164,0
213785,0
47713,0
194520,0
335313,0
152867,0
2047,0
156065,0
276256,0
179615,0
115711,0
173404,0
314761,0
189883,0
35078,0
108910,0
352794,0
372027,0
203461,0
76968,0
353870,0
63122,0
105934,0
50943,0
166597,0
152088,0
61117,0
104535,0
359138,0
290109,0
94341,0
128478,0
309669,0
205564,0
256705,0
377109,0
52518,0
386253,0
342239,0
147242,1
153176,0
91180,1
348388,0
362338,0
223429,0
385990,0
109890,0
13906,0
394084,0
23038,1
231913,0
363274,0
135082,0
209311,0
321729,1
127980,0
10794,0
38857,0
272621,0
321014,0
76832,0
243182,0
330885,0
60420,0
75278,0
38838,0
253746,0
62662,1
301605,0
72979,0
60119,1
269888,0
97971,0
65445,0
121851,0
377220,0
351208,0
180753,0
290457,0
19421,0
98561,0
149718,0
377659,0
385912,0
242045,0
17498,0
128798,0
354790,0
331369,0
185498,0
344678,0
285725,0
136453,0
13675,0
241357,1
90266,0
103292,0
291689,0
356871,0
361324,0
284899,0
91116,0
109987,0
156075,0
100082,0
104458,0
53554,0
8570,0
327135,0
18938,0
352976,0
274816,0
12327,0
50356,0
64169,0
393389,0
297000,0
379027,0
331032,0
378287,0
39558,0
264434,0
319347,0
372158,0
210934,0
265414,0
324801,0
287260,0
1989,0
126241,1
164388,0
77987,0
48014,0
155064,0
158620,0
374436,0
364148,0
188518,0
370129,0
262098,0
71898,0
39313,0
376036,1
306076,0
32175,0
144191,0
69861,0
231914,0
63994,0
111766,0
11176,0
43974,0
262224,0
69169,0
202544,0
45194,0
168523,0
182818,0
272031,0
370549,0
69344,0
323745,0
100902,0
263274,0
235934,0
27529,0
12420,0
238094,0
182595,0
373141,0
193946,0
84261,0
385153,0
136908,0
169520,0
26122,0
164910,0
371380,0
256272,0
132353,0
128599,0
283112,0
104193,0
198226,0
73917,0
53976,0
168322,0
368644,0
267476,0
391605,0
4437,0
68473,0
131405,0
5811,0
343056,0
354612,0
12431,1
169467,0
335336,0
175033,0
178392,0
374342,0
386824,0
118657,0
306875,0
378805,0
239855,0
196367,0
228306,0
383176,0
160885,0
199500,0
156464,0
141726,0
43382,0
162511,1
319122,0
308519,0
363866,0
196179,0
391008,0
154374,0
62314,0
387772,0
328581,0
62729,0
190691,0
341610,0
260677,0
293828,0
275694,0
96193,0
151383,0
331501,0
163044,0
285114,0
217747,0
186459,0
225202,0
213923,0
7467,0
295555,0
228430,0
135766,0
166918,0
59347,0
211711,1
335277,0
235835,0
125949,1
253912,0
337818,0
150519,0
35796,0
184026,0
99171,0
143710,0
141108,0
19704,0
263639,0
212886,0
342520,0
188682,0
173551,0
225465,0
33533,0
305029,0
9752,0
224605,0
139042,0
239929,0
274340,0
245810,0
380193,0
374698,0
33783,0
141745,0
16510,0
25682,1
289948,0
111661,0
150894,0
110331,0
70180,0
13344,0
332657,0
53530,0
99827,0
320652,0
221131,0
203345,0
206260,0
166894,0
153745,0
174715,1
144072,0
188283,0
78837,0
338188,1
297926,1
309656,0
299661,0
283060,0
270640,0
298598,0
210160,0
126859,0
262708,0
285293,0
327944,0
313868,0
268973,1
5007,0
209890,0
77225,0
50445,0
231319,1
297200,0
123510,0
274638,0
202095,0
111296,0
222752,0
211195,0
218212,0
180802,0
355845,0
368083,0
305346,0
34971,0
197085,0
381272,0
165653,0
244677,0
33560,1
352736,0
243092,0
326824,0
25922,0
205264,0
165061,0
19624,0
301795,0
130867,0
95455,0
273124,0
190637,0
153683,0
123621,0
61043,0
155967,0
343904,0
67874,0
95129,0
333723,0
18964,0
374430,0
190017,0
223328,0
332646,0
98826,0
349196,0
45100,0
345205,1
53463,0
297474,0
249841,0
46161,0
87712,0
275249,0
352357,0
148708,0
329656,0
317359,0
140652,0
77052,0
330084,0
243947,0
80706,0
350133,0
381735,0
221613,0
25551,0
279187,0
364964,0
43344,0
228067,0
170515,0
369901,0
374840,0
372535,0
193766,0
103112,0
280540,0
313022,0
393700,0
187678,0
70248,0
121622,0
386090,0
343616,0
85193,0
392069,0
193567,0
245122,0
208734,0
90945,0
86516,0
33516,0
197345,0
37506,0
76657,0
119647,0
324209,0
97384,0
362355,0
146999,0
68492,0
77825,0
184768,0
260545,0
383239,0
142481,0
294908,0
267173,0
234665,0
144639,0
289523,0
167182,0
327768,0
220477,0
351448,0
85855,0
390910,0
364246,0
112974,0
111557,0
1802,0
138149,0
27918,0
155238,0
194112,0
87841,0
247020,0
303620,0
243181,0
54363,0
259963,0
306925,0
102247,0
118471,1
245875,0
103585,0
113323,0
5950,0
223541,0
392971,0
190151,0
277186,0
274602,0
195799,0
262334,0
321883,0
294253,0
197389,0
214385,0
349268,0
243953,0
186780,0
2087,0
185500,0
210849,0
195918,0
37909,0
220440,0
69038,0
234836,0
192606,0
117986,0
9059,0
56536,0
345546,0
311451,0
200734,0
124974,0
168404,0
237281,0
92171,0
109700,0
103225,0
283144,0
56960,0
390073,0
237945,0
341505,0
16106,0
170717,0
245629,0
85301,0
117208,0
182941,0
284375,0
306632,0
207965,0
395421,0
95118,0
70914,0
40956,0
296520,0
305210,0
296855,0
186465,0
394326,0
79792,0
385383,0
102145,0
313118,0
95518,0
287114,0
255303,0
44627,0
319543,0
40634,0
113587,0
107942,0
145595,0
258735,0
315569,0
32881,0
134585,0
353817,1
383574,0
126028,0
378942,0
24569,0
91903,0
163396,0
156341,0
205451,0
285664,0
170120,0
268184,0
381153,0
248644,0
331036,0
339316,0
30588,0
119232,0
156144,0
381012,0
305179,1
289468,0
215397,0
92661,0
390645,0
361170,0
94030,0
341980,0
169254,0
200018,0
29678,0
20358,0
276032,0
102890,0
106155,0
58313,0
128170,0
154567,0
248193,0
129261,0
121727,0
361992,0
163618,0
183074,0
167996,0
54745,0
108204,0
285203,1
91802,0
333014,0
1719,0
380054,0
198515,0
188443,0
165675,0
192074,0
80521,0
167050,0
388034,0
229635,0
216756,0
206086,0
264054,0
119913,0
292038,0
291604,0
299536,0
200385,0
14995,0
218404,0
293826,0
364989,0
193696,0
278606,0
162599,0
74109,0
240400,0
214778,0
344546,0
109657,0
283656,0
197077,0
277772,0
83565,0
297769,0
325118,1
311374,0
332870,0
175452,0
393374,0
395794,0
93189,0
118420,0
314914,0
222563,0
180615,0
355752,0
336624,0
4483,0
395727,0
294461,0
380159,0
135925,0
173849,0
349604,0
39017,0
223983,0
88547,0
201808,0
306759,1
222458,0
146073,0
108743,0
280322,0
271949,1
142997,0
11057,0
6777,0
249784,0
29708,0
126259,0
355205,0
373116,0
201899,0
101271,0
206887,0
272146,1
384763,0
106996,0
254726,0
97330,0
19513,0
91532,0
243073,0
263736,0
647,0
173810,0
250745,0
45848,0
383471,0
377461,0
232415,0
60095,0
209101,0
355611,0
394412,0
169395,0
226856,0
339245,0
243534,0
225547,0
355012,0
145176,0
368302,0
108760,0
164611,0
128544,0
305138,0
256489,0
167144,0
165270,0
170851,0
386490,0
147058,0
147382,0
88987,0
197887,0
299090,0
182419,0
72370,0
42613,0
74176,0
254716,0
47972,0
70309,0
372032,0
144251,0
383307,0
243668,0
272198,0
392018,0
31031,0
74597,0
175943,0
115750,0
72356,0
219882,0
175789,0
307846,0
81200,0
109815,0
331001,1
43133,0
362574,0
196931,0
74951,0
283449,0
139530,0
16238,0
143652,0
179836,0
90727,0
202179,0
366099,0
136988,0
292153,0
329935,0
247717,0
198247,0
8782,0
75450,0
108051,0
189593,0
249836,0
64984,0
261399,0
385688,0
302551,0
132072,0
168177,1
93992,0
288677,0
191607,0
145088,0
134146,0
184725,0
35396,0
144406,0
316298,0
333186,0
95611,0
214650,0
260874,0
154731,0
351147,0
351804,0
239228,0
162100,0
206124,0
178031,0
299964,0
244671,0
66484,0
214324,0
355255,0
176749,0
258323,0
323007,0
389833,0
269742,0
244846,0
75394,0
287399,0
202430,0
186043,0
92160,0
298013,0
26482,0
362042,0
198766,0
79116,0
280142,0
160227,0
323593,0
63004,0
308227,0
330946,0
187746,0
153167,0
16227,0
32487,0
57400,0
302349,0
303227,0
151117,0
116591,0
323693,0
277754,0
222798,0
177916,0
121516,0
214930,0
198177,0
376114,0
42747,0
192716,0
292758,0
103194,0
36095,0
248435,0
250672,0
383209,0
136970,0
337222,0
122703,0
197192,0
354847,0
5416,0
273931,0
393433,0
40026,0
152354,0
223221,0
178354,0
13692,0
102710,0
159312,0
287887,0
221092,0
9932,0
228686,0
27716,0
343508,0
83534,0
120747,0
37251,0
80328,0
12379,0
74438,0
289167,0
116188,0
156907,0
97223,0
278745,0
200320,0
323365,0
296307,0
198845,0
210464,0
154517,0
371222,0
107054,0
269282,0
114886,0
163017,0
370019,0
376821,0
121604,0
108046,0
64122,0
255602,0
268452,0
375015,0
127560,0
229679,0
342264,0
191665,0
2589,0
163744,0
178504,0
222910,0
358936,0
155476,0
247483,0
193635,0
132492,0
301623,0
237390,0
41387,0
363497,0
262362,0
248211,0
225187,0
24042,0
19562,0
343546,0
276078,0
83172,0
369902,0
211072,0
215869,0
1171,0
139992,0
257355,0
124791,0
30364,0
291431,0
150127,0
330400,0
158389,0
342347,1
115864,0
351807,0
32639,0
342394,0
340160,0
364343,0
276076,0
339330,0
348719,0
358738,0
199721,0
288495,0
215171,0
356756,0
235728,0
286761,0
179458,0
13967,0
304969,0
10321,0
290473,0
177764,0
34240,0
375779,0
58997,0
198953,0
259072,0
173841,0
70758,0
297517,0
27831,0
332888,0
50627,0
81346,0
288565,0
255867,0
221989,0
247357,0
163832,0
63475,0
136479,0
340006,0
243604,0
335089,0
279324,0
274403,0
134305,0
132084,0
139050,0
346834,0
173182,0
241502,0
199313,0
389939,0
155267,0
55999,0
82551,0
40868,0
328159,0
122737,0
177797,0
70311,0
119400,0
375073,1
102133,0
224115,0
109411,0
191147,0
175753,0
179220,0
322827,0
149438,0
349956,0
238560,0
136104,0
287118,0
180466,0
330599,0
229848,0
268192,0
196643,0
311786,0
368088,0
363931,0
34327,0
285815,0
40578,0
249917,0
321826,0
195755,0
377397,0
116955,0
234924,0
245559,0
312628,0
171618,0
250030,0
141194,0
315983,0
152948,0
212817,0
275087,0
53311,0
316056,0
137399,0
77222,0
29560,0
120871,0
330719,0
300577,0
115033,0
106215,0
245870,0
316825,0
373847,0
222424,0
64835,0
337722,0
169482,0
7141,0
265500,0
106758,0
337711,0
328688,0
254697,0
114124,0
299451,0
19508,0
39758,0
6507,0
320707,0
45336,0
131821,0
86188,0
113340,0
362784,0
193913,0
160828,0
276891,0
86336,0
357810,0
125903,0
204801,0
336390,0
258246,0
305486,0
190626,0
187560,0
150603,1
246997,0
172965,0
159509,0
185239,0
253984,0
141526,0
181818,0
379157,0
152522,0
186633,0
348027,0
238087,0
95938,0
293892,0
27476,0
224638,0
213748,0
43201,0
128713,0
220853,0
218969,0
95487,0
325983,0
33640,0
316675,0
384248,0
349076,0
7090,0
100785,0
241722,0
280139,0
223182,0
338861,0
234224,0
290650,0
36072,0
145045,0
19937,0
254045,0
221145,0
106014,1
153513,0
129106,0
305790,0
229590,0
390537,0
335480,0
28674,0
69808,0
221724,0
84141,0
222837,0
138795,1
165990,0
377226,0
67649,0
7299,0
105276,1
272325,0
381625,1
388815,0
313168,0
131270,0
141548,0
256358,0
219689,0
95267,0
105571,0
105184,0
222704,0
298474,0
232213,0
175685,0
203977,0
52326,0
57325,0
374195,0
393492,0
392949,0
158385,0
58542,0
302845,0
344115,0
363084,0
361481,0
372271,0
346336,0
33734,0
228444,0
343627,0
185442,0
372084,0
250187,0
61103,0
326580,0
127918,0
236124,0
5855,0
264391,0
95691,1
12393,1
341297,0
35511,0
217031,0
275033,0
333624,0
273432,0
318457,1
68109,0
289094,0
20162,1
368556,0
121691,0
223534,0
245707,0
345203,0
183451,0
197787,0
312562,0
356272,0
237265,0
547,0
329342,0
111561,0
51749,0
198256,0
24840,0
171084,0
347737,0
113290,0
309170,0
151454,0
305558,0
178779,0
15244,0
10937,0
156486,0
232579,0
55682,0
199769,0
332970,0
299193,0
298568,0
118436,0
123490,0
373181,0
149531,0
347379,0
170340,0
394382,0
96525,1
236805,0
265978,0
109990,0
252813,0
29516,0
272413,0
374904,0
363344,0
135319,0
74086,0
272046,0
115789,0
380415,0
365389,0
118640,0
275427,0
44113,0
94082,0
343839,0
4646,0
105998,0
337045,0
195263,0
280747,0
342530,0
187829,0
113195,0
367828,0
326888,0
394348,0
239947,0
126695,0
201212,0
329248,0
241329,0
179700,0
49298,0
49468,0
343595,0
93110,0
116245,0
99711,0
292933,0
217229,0
272502,0
321704,0
299413,0
25537,0
375769,0
202482,0
85802,0
174248,0
83579,0
19032,0
16146,0
190506,0
22237,0
372728,0
40955,0
250312,0
318040,0
140624,0
220187,0
94491,0
292308,0
272529,1
368875,0
251023,0
73925,0
72677,0
8363,0
376447,0
377757,0
199098,0
393491,0
119508,0
200144,0
94092,0
16324,0
113622,0
291118,0
367410,0
40380,0
262175,0
12351,1
196204,0
173664,0
31746,0
164140,0
71911,0
72285,0
157918,0
36994,0
390953,0
181110,0
221675,1
25988,0
173331,0
228619,0
137038,0
250845,0
149689,0
163919,0
332444,0
155713,0
23243,0
179588,0
208326,0
369928,0
260806,0
282170,0
116335,0
31748,0
25849,0
42740,0
311060,0
226374,0
20409,0
15850,0
381994,0
127701,0
40577,0
180779,0
65760,0
98829,0
190824,0
164520,0
359307,0
105596,0
162623,0
272154,0
234101,0
18996,0
275146,1
272250,0
334696,0
121336,0
355342,0
248752,0
282497,0
107023,0
281308,0
282956,0
334172,0
180537,0
183045,0
59670,0
135328,0
150154,0
59688,0
84734,0
387574,0
49826,0
266576,0
332633,0
43400,0
181121,0
210119,0
184205,0
108734,0
306605,0
19474,1
67106,0
219286,0
389374,0
282712,0
234331,0
102321,0
204032,0
206222,0
318613,0
352589,0
153707,0
306946,0
147386,0
48109,0
288140,0
131363,0
278607,0
210230,0
318166,0
23336,1
279839,0
199786,0
393775,0
159718,0
131377,0
150779,0
339146,0
37191,0
183620,0
321168,0
299474,0
323512,0
235129,0
393129,0
165698,0
220054,0
69108,0
38384,1
138846,0
50610,0
146549,0
298866,0
60554,0
29535,0
329068,0
126097,0
154876,0
141898,0
338969,0
86380,0
343955,0
312108,0
329870,0
214950,0
201963,0
94708,0
207585,0
313991,0
344267,0
342490,0
295161,0
33696,0
191986,0
375630,0
306226,0
116321,0
249961,0
365176,0
129688,0
172902,0
172895,0
26602,0
23062,0
350776,0
381715,0
250967,1
36890,0
376107,0
378829,0
30386,0
92824,0
339059,0
54053,0
368557,0
153050,0
30661,0
125821,0
119363,0
186970,0
47002,0
148205,0
339032,0
371335,0
218880,0
2148,0
132603,0
257858,0
362093,0
92468,0
1215,0
92867,0
44233,0
376820,0
335869,0
276228,0
199175,0
74268,0
264889,0
383575,0
145526,0
19326,0
230128,0
201594,0
356664,0
170267,0
23029,0
247412,0
395869,0
316025,0
100198,0
162223,0
329763,0
177247,0
109999,0
376664,0
212582,0
122905,0
315248,0
240686,0
183670,0
178895,0
387889,0
133559,0
210207,0
18944,0
160418,0
288625,0
115841,0
380152,0
317226,0
246438,0
245296,0
199790,0
74953,0
1813,0
330494,0
338602,0
183943,0
78017,0
211638,0
13849,0
322873,0
373644,0
39505,1
139280,0
144931,0
378009,1
129851,0
60816,0
189009,0
37752,0
318586,0
264478,0
351588,0
81501,0
384990,0
242422,0
181284,0
247623,0
72055,0
69618,0
257707,0
88118,0
248336,0
144623,0
219087,0
100376,0
316447,0
212620,0
260896,0
144475,0
26277,0
239024,0
258687,0
297676,0
244691,0
58809,0
214597,0
133143,0
247659,0
157284,0
32188,0
335980,0
79074,1
297535,0
389975,0
78284,0
183251,0
277593,0
85535,0
183488,0
57483,0
288314,0
254867,0
253547,1
119077,0
168665,0
394481,0
6591,0
56380,0
395163,0
26687,0
149808,0
295637,0
247857,0
111769,0
320476,0
386354,0
371813,0
247213,0
180511,0
16829,0
224015,0
246287,0
221165,0
279525,0
348573,0
88869,0
289585,0
138037,0
135577,0
72265,0
82339,0
350998,0
381081,0
239486,0
248278,0
125307,0
318785,0
3709,0
390131,0
242267,0
317985,0
356342,0
6937,0
390852,0
102019,0
171088,0
76011,0
221735,0
262043,0
19845,0
324512,0
391631,0
1984,0
241624,0
214547,0
133749,0
9423,0
322113,0
308818,0
150099,0
223726,0
69592,0
315651,0
71310,0
359315,0
35139,0
156724,0
209408,0
115965,0
369015,0
390891,0
78104,0
43536,0
294621,0
375324,0
206556,1
193589,0
306094,0
221943,0
335719,0
212208,0
209312,0
228374,0
53538,0
176834,0
380188,0
176346,0
103401,0
197237,0
274877,0
156122,0
162382,0
128286,0
29462,0
6156,0
242810,0
69105,0
146362,1
252414,0
361161,0
128586,0
29086,0
30767,0
69997,0
350099,0
13251,0
135320,0
148260,0
351511,0
286720,0
229236,0
170436,0
233098,0
303386,0
386106,0
324588,0
81702,0
261467,0
252291,0
201469,0
58650,0
229032,0
126465,0
152319,0
367511,0
309256,0
394988,0
55442,0
293830,0
142018,0
98724,0
190315,0
158262,0
285332,0
148675,0
33273,0
13139,0
322391,0
301743,0
113645,0
278780,0
23220,0
384759,0
266271,0
192375,0
52171,0
253121,0
86683,1
224584,0
139198,0
194000,0
254244,0
298526,0
109797,0
391520,0
298566,0
128902,0
262244,0
285707,0
54456,0
308978,0
284639,0
243613,0
321656,0
205202,0
89353,0
31906,0
183889,0
238558,0
317295,0
102164,0
122064,0
142808,0
14948,0
253745,0
218147,0
234782,0
301457,0
100000,0
79998,0
357532,0
334448,0
265113,0
118063,0
205379,0
292632,0
368725,0
294751,0
87763,0
376981,0
372483,0
292547,0
215598,0
340294,0
292710,0
259132,0
98362,0
167662,0
101626,0
56875,0
6729,0
182430,0
49287,0
184697,0
163557,0
46473,0
107863,0
134514,0
391058,0
217253,0
354850,0
238707,0
136374,0
370006,0
68869,0
32061,0
133477,0
296285,0
357441,0
228305,0
171886,0
376944,0
158601,0
20850,0
204262,0
197198,0
96329,0
119045,0
83908,0
22330,0
200210,0
100693,0
224603,0
208667,0
103080,0
320137,0
335688,0
66403,0
236843,0
303715,0
294550,0
16710,0
184354,0
179401,1
253342,0
65498,0
106026,0
258248,0
265001,0
25522,0
236550,0
243537,0
178483,0
39774,0
135387,0
316230,0
240663,0
384105,0
182789,0
105737,0
4749,0
1787,0
56448,0
149146,0
227447,0
227034,0
174481,0
3412,0
58716,0
203573,0
394637,0
268238,0
106757,0
27136,0
274937,0
257714,0
236140,0
246308,0
250184,0
278986,0
139987,0
4885,0
284536,0
270172,0
64489,0
40123,0
92935,0
124400,0
260091,0
186762,0
378175,0
58061,0
186400,0
238766,0
190734,1
193768,0
361735,0
116537,0
52586,0
354161,0
13729,1
98784,0
61075,0
328220,0
334775,0
84163,0
49970,0
123418,0
235596,0
16276,0
277398,0
23298,0
287897,0
38553,0
163810,0
209569,1
89614,0
51436,0
350340,0
321757,0
181146,0
272602,0
155450,0
87538,0
26096,0
320162,0
159825,0
256403,0
376852,0
174537,0
150275,0
302747,0
217572,0
252340,0
230235,0
211848,0
327973,0
392011,0
169217,0
85181,0
204861,0
349231,0
98710,0
131075,0
267810,0
364288,0
281085,0
96497,0
284798,0
339519,0
101306,0
240128,0
14282,0
293486,0
259063,0
200526,0
303664,0
76913,0
256965,0
317843,0
182005,0
47832,0
236882,0
283927,0
252753,0
214937,0
33423,0
278665,0
380583,0
294929,0
907,0
101710,0
373850,0
269357,0
58003,0
121419,0
3975,0
216088,0
269098,0
224698,0
227868,0
74714,0
148875,0
254173,0
120835,0
274448,0
90694,0
273987,0
35617,0
381985,0
28374,0
334377,0
37445,0
242902,0
47924,0
384609,0
353758,0
8278,0
67917,0
146227,0
55145,0
267629,0
234043,0
379187,0
251764,0
190201,0
230000,0
39877,0
191048,0
110778,0
113923,0
322258,0
318507,0
165617,0
57638,0
194458,0
73776,0
283673,0
111394,0
225383,0
127356,0
388878,0
236421,0
220031,0
211347,0
76823,0
231958,0
127270,0
272161,0
315713,0
154590,0
17902,0
14284,0
382262,0
141470,0
88175,0
335638,0
24600,0
57494,0
93130,0
339618,0
391644,0
300919,0
76911,0
298591,0
63147,0
331447,0
125778,0
340777,0
113023,1
282743,0
361012,0
141465,0
118278,0
102434,1
88717,0
304513,0
342680,0
227396,0
232909,0
166753,0
175873,0
183107,0
205922,0
53639,0
85956,0
237426,0
155149,0
341467,0
221942,0
239556,0
265820,0
394500,0
341921,0
62068,0
280115,0
106713,0
299433,0
170657,0
11246,0
376719,0
357488,0
336131,0
90162,0
184514,0
94367,0
200667,0
13659,0
155550,0
294937,0
300362,0
379652,0
222368,0
277857,0
275068,0
321968,0
9328,0
277767,0
365768,0
1579,0
64309,0
392774,0
193370,0
159038,0
218016,0
6349,0
49793,0
314646,0
143008,0
142291,0
51141,0
182878,0
304602,0
86234,0
89281,0
265586,0
322583,0
308117,0
225941,0
253871,0
133138,0
199353,0
228723,1
158529,0
116634,0
250944,0
97279,0
127853,0
64451,0
68590,0
136844,0
185159,0
222717,0
261054,0
180588,0
46313,0
50034,0
294128,0
70218,0
375234,1
110137,0
255519,0
390635,0
377827,0
106769,0
174384,0
32658,0
117993,0
233863,0
292862,0
25865,0
98258,0
391538,0
273386,0
318972,0
43117,0
305133,0
145263,0
339178,0
388018,0
106634,0
52299,0
356681,0
35474,1
282251,0
394126,0
267174,0
387181,0
122804,0
136907,0
230484,0
265630,0
284050,0
145106,0
8718,0
77328,0
98285,0
93696,0
215389,0
179966,0
289770,0
244096,0
41992,0
51290,0
7838,0
295311,0
31480,0
389408,0
25577,0
219179,0
82631,0
337811,0
264549,0
76406,0
157747,0
185165,0
77979,0
13260,0
181379,0
216973,0
279041,0
42629,0
148146,0
10263,0
91971,0
359623,0
264872,0
91827,0
239660,0
297996,0
77715,0
327201,0
374345,0
197233,0
277695,0
281859,0
285825,0
121445,0
128987,0
90877,0
166324,0
249728,0
165108,0
5903,0
332806,0
330722,0
43552,0
71160,0
158760,0
58803,0
128052,0
302123,0
392427,0
173791,0
84861,0
117081,0
370185,0
233894,0
246265,0
216371,0
187246,0
326642,1
11389,0
186694,0
277373,0
129466,0
391255,0
270905,0
58448,0
331156,0
346386,0
41446,0
238685,0
391457,0
67519,0
313953,0
268650,0
292505,0
388572,0
371452,0
277035,0
263101,0
325838,0
65325,0
182866,0
70708,0
312507,0
329443,0
180840,0
69048,0
20236,0
376479,0
247761,0
326445,0
378253,0
186869,0
259349,0
118196,0
106369,0
56525,0
292856,0
298920,0
187833,0
337957,0
358945,0
114568,0
232793,0
207335,0
362458,0
364888,0
35996,0
244058,0
316467,0
364653,0
153431,0
25473,0
204109,0
29967,0
15826,0
283610,0
174538,0
248148,0
75973,0
292540,0
273841,0
254373,0
377169,0
4623,0
153644,0
88229,0
89293,0
386008,0
79070,0
224772,0
381343,0
211886,0
279294,0
344891,0
108470,0
138183,0
309991,0
83940,0
183819,0
144369,0
33920,0
294864,0
152751,0
28172,0
323276,0
200680,0
354904,0
115974,0
65966,0
147146,0
231521,0
312436,0
335806,0
298738,0
162242,0
200942,0
202390,0
288219,0
353245,0
388023,0
127386,0
159822,0
74751,0
270023,1
51492,0
103705,0
4935,0
134420,0
266243,0
76076,0
360108,0
358009,0
139079,0
135582,0
49112,0
302966,0
23501,0
56444,0
51615,0
154342,0
13075,0
298667,0
125023,0
54423,0
348556,0
126245,1
353209,0
391585,1
208178,0
225627,0
201896,0
370053,0
211730,0
68051,0
329976,0
160019,0
378617,0
151435,0
328862,0
278263,0
219783,0
103963,0
10862,0
108786,0
356448,0
333513,0
76792,0
4224,0
141188,0
194977,0
70668,0
82964,0
133358,0
28159,0
317934,0
197605,0
122900,0
47588,0
387036,0
256775,0
207973,0
311118,0
132337,0
330858,0
32169,0
326405,0
201086,0
265355,0
321894,0
45143,0
241245,0
215052,0
288670,0
146850,0
38458,0
262146,0
236727,0
97104,0
257342,0
108047,0
283373,0
193770,0
5083,0
294966,0
149102,0
144162,0
244688,0
338220,1
118245,0
123362,0
115316,0
294407,0
337592,0
298477,0
138933,0
32443,0
186016,0
176201,0
163731,0
311080,0
4330,0
28919,0
240966,0
219677,0
104533,0
86797,0
66390,0
196301,0
334051,0
8104,0
388787,0
98327,0
241330,0
273834,0
360669,0
100711,0
83480,0
266417,0
294944,0
305334,0
205066,0
160005,0
125294,0
202331,0
160889,0
208259,0
344168,0
11095,0
180116,0
313518,0
372813,0
23752,0
327878,0
246474,0
388449,0
385224,0
217485,0
156735,0
290814,0
119835,0
390088,0
209438,0
384884,0
320618,0
383210,0
337457,0
335229,0
284002,0
75420,0
355697,0
202323,0
16228,0
29674,0
89242,0
92015,0
175716,0
275350,0
376693,0
381108,0
301398,0
395789,0
100841,0
138587,0
102324,0
253462,0
161132,1
95594,0
210805,0
24301,0
252453,0
114965,0
247108,0
51356,0
291460,0
59025,0
15057,0
102368,0
359230,0
199911,0
281430,0
289424,0
87751,0
394467,0
181771,0
4354,0
260081,0
117327,0
272948,0
213418,0
360197,0
63661,0
103445,0
124153,0
378491,0
383172,0
310867,0
299783,0
263435,0
287498,0
39101,0
108035,0
146043,0
172360,0
112810,0
287650,0
31382,0
128371,0
41520,0
17639,0
346254,0
122630,0
18436,0
195818,0
347861,0
214798,0
115098,0
268427,0
17234,0
335677,0
83663,0
141662,0
208747,0
227584,0
228551,0
355130,0
219926,0
72056,0
13598,0
267666,0
143065,0
51670,0
236047,0
82205,0
1321,0
72215,0
333964,0
80432,0
328406,0
279391,0
87896,0
392530,0
350101,0
154109,0
110969,0
121151,0
371358,0
207250,0
156040,0
225696,0
203500,0
134591,0
6290,0
86602,0
364586,0
200723,0
332737,0
42798,0
346366,0
317103,0
219048,0
213377,0
41728,0
183357,0
364798,0
212227,0
264688,0
288353,0
392702,0
239492,0
254047,0
126938,0
123402,0
188642,0
362293,0
253274,0
182085,0
188424,0
177352,0
345403,0
230461,0
63050,0
269367,0
33816,0
215372,0
81761,0
165436,0
190576,0
347542,0
223717,0
81999,0
340211,1
294117,0
112777,0
104045,0
16338,0
66064,0
245132,0
318719,0
308559,0
300929,0
58047,0
320136,0
372062,0
244460,0
206071,0
222104,0
27038,0
34789,0
148397,0
361704,0
267344,0
17259,0
15093,0
125418,0
153076,0
36023,0
276675,0
36372,0
90524,0
331481,0
199468,1
95525,0
14821,0
361731,0
354559,0
90085,0
190967,0
310435,0
152691,0
80650,0
62508,0
125490,0
216790,0
215268,0
324959,0
168715,0
398,0
117678,0
90295,0
179574,0
179476,0
191614,0
15118,0
75126,0
77397,0
128423,0
243373,1
387665,0
10988,0
273985,0
204945,0
121478,0
216961,0
138055,0
194517,0
120301,0
233020,0
245672,0
94123,0
241728,0
394538,0
241002,0
70068,0
260665,0
341955,0
57424,0
353632,0
159336,0
191678,0
92774,0
39537,0
205305,0
42407,0
35149,0
223955,0
317691,0
91037,0
164916,0
107374,0
117423,0
7140,0
243639,0
227410,1
318563,0
336616,0
24193,1
333475,0
113286,0
30626,0
236397,0
102437,0
268115,0
23134,0
283883,0
278833,0
351038,0
389899,0
342567,0
239583,0
369045,0
19825,0
51160,0
339385,0
207947,0
210401,0
76628,0
116970,0
21107,0
282317,0
267548,0
354666,0
211358,0
73067,0
121803,0
81514,0
96628,0
87190,0
276692,0
47332,0
209558,0
165148,0
203013,0
333198,0
35980,0
309232,0
207233,0
190119,0
159986,0
49455,0
113646,0
201864,0
194505,0
105615,1
70061,0
348207,0
49330,1
255262,0
134677,0
29950,0
68474,0
166938,0
118456,0
237304,0
227026,0
214616,0
215192,0
156345,0
31845,0
368870,0
14427,0
332464,0
150555,0
180027,0
368708,0
188142,0
286059,0
243745,0
261514,0
208402,0
18456,0
300847,0
315525,0
60216,0
216443,0
284088,0
322777,0
187275,0
392505,0
3863,0
84078,0
99449,0
155052,0
328222,0
36526,0
112744,0
215494,0
263490,0
234982,0
144740,0
90788,0
189893,0
296658,0
355652,0
324226,0
217815,0
114096,0
123711,0
311500,0
201741,0
102984,0
310049,0
73541,0
375456,0
283411,0
267990,0
9351,0
374519,0
221915,0
62733,0
333818,0
248130,0
189644,1
206729,0
81955,0
350647,0
293382,0
91746,0
379116,0
309247,0
256746,0
384540,0
220636,0
250436,0
131582,0
276433,0
371184,0
190622,0
360025,0
195544,0
286744,0
348979,0
312975,0
168967,0
90186,0
146522,0
51402,0
169476,0
346758,0
341696,0
214054,0
131700,0
120589,0
309147,0
239074,0
44624,0
302033,0
170282,0
242587,0
28456,0
362386,0
205391,0
338418,0
214492,0
381370,0
18230,0
187860,0
101819,0
305362,0
48159,0
125532,0
190930,0
320796,0
55380,0
99422,0
360768,0
295614,0
296023,0
231718,0
285373,0
292452,0
198904,0
220159,0
259919,0
257871,0
242851,0
186300,0
240006,0
260735,0
292551,0
227922,0
309366,0
94430,0
297699,0
35618,0
221530,0
326889,0
211518,0
364012,0
322677,0
123280,0
14842,0
293358,0
306380,0
350718,0
250009,0
157193,1
343470,0
241440,0
376785,0
263853,0
331214,0
180850,0
211692,0
235379,0
269856,0
237065,0
136141,0
109136,0
320598,0
155599,0
393013,0
254222,0
224760,0
135272,0
244089,0
28543,0
32043,0
71491,0
56638,0
151168,0
68303,0
241041,0
252470,0
300804,0
7914,0
125183,0
143625,0
210302,0
238809,0
56491,0
381182,0
380619,0
305858,0
236898,1
261634,0
330898,0
274243,0
88633,0
279653,0
77378,0
210323,0
283607,0
74367,0
77163,0
292821,0
148620,0
127002,0
52975,0
57624,0
228360,1
277214,0
210633,0
311227,0
240831,0
279711,0
314741,0
56303,0
212523,0
5186,0
42586,0
287863,0
308092,0
107663,0
359044,0
393449,0
301548,0
178254,0
3519,0
42205,0
37218,0
168908,0
328147,0
42562,0
98772,0
76452,0
389602,0
97749,0
277637,0
216830,0
40156,1
380272,0
236745,0
164383,0
241005,0
221999,0
344579,0
215904,0
126966,0
166090,0
316483,0
283488,0
274199,0
337092,0
92107,0
126472,0
109935,0
35466,0
64016,0
66020,0
354005,0
277484,0
185844,0
335596,0
205607,0
153136,0
228759,0
338827,0
374312,0
273349,0
7525,0
119147,1
39912,0
289698,0
309356,0
243455,0
355567,0
378576,0
360184,0
28856,0
175875,0
393349,0
291998,0
54890,0
304739,0
320621,0
187684,0
286007,0
21367,0
385231,0
389568,1
56206,0
97966,0
184775,0
239365,0
371596,0
151937,0
338549,0
233734,0
29197,0
147038,0
116664,1
375583,0
158833,0
274501,0
46336,0
66400,0
316699,0
323105,0
252363,0
247506,0
390191,0
222935,0
346337,0
34671,0
296804,0
337295,0
290504,0
299946,0
18970,0
107748,0
292228,0
46372,0
214088,0
346885,0
11448,0
251575,0
222552,0
183986,0
148196,0
142241,0
99641,0
277720,0
200477,1
286405,0
155440,0
1890,0
38361,0
117526,0
118601,0
95530,0
282564,0
83354,0
99864,0
67752,0
358086,0
372490,0
274783,0
43521,0
193510,0
199915,0
220731,0
202047,0
230216,0
167108,0
242166,0
11427,0
284225,0
232327,0
992,0
158340,0
129,0
225795,0
30356,0
284455,0
160789,0
110380,0
205313,0
151239,0
374849,0
315045,0
219800,0
111825,0
213030,0
110074,0
260939,0
3327,0
106195,0
251552,0
285223,0
344927,0
191245,0
380607,0
210509,0
205425,0
306386,0
309302,0
81921,0
21282,0
14596,0
116936,0
150749,0
84357,0
45617,0
148412,0
383009,0
342126,0
299697,0
13027,0
244284,1
219248,0
367049,0
243582,0
144904,0
154188,0
177605,0
252266,0
132855,0
239017,0
340873,0
305598,0
173742,0
197720,0
222518,0
351187,0
63371,0
194772,0
217907,0
93843,0
264073,0
17215,0
34140,0
114050,0
271283,0
345485,0
207203,0
287199,0
43669,0
150409,0
155190,0
182251,0
28070,1
24819,0
380129,0
118943,0
273087,0
320124,0
133216,0
352553,0
83656,0
244249,0
305252,0
44484,0
182880,0
370559,0
56160,0
258892,0
385744,0
248893,0
275793,0
316718,0
300305,0
170185,0
254622,0
208237,0
28277,0
306333,0
63950,0
110529,0
251827,0
119330,0
167910,0
107260,0
378796,0
213012,0
156355,0
219403,0
1154,0
301466,0
321888,0
331988,0
17515,0
290107,0
381736,0
85362,0
279479,0
247026,0
14353,0
192428,0
286849,0
352335,0
201653,1
325046,0
128148,0
267499,0
319583,0
233406,0
142937,0
107127,0
201058,0
150537,0
2856,0
205622,0
276179,0
138342,0
167595,0
271197,0
88976,0
275733,0
47542,0
51628,0
157232,0
136980,0
221619,0
80376,0
136115,0
51020,0
369432,0
356931,0
289628,0
1572,0
160634,0
151076,1
37256,0
266602,1
67155,0
341402,0
311053,0
66185,0
28639,0
157801,0
109707,0
270884,0
382451,0
199263,0
72633,0
150707,0
258043,0
15979,0
10542,0
80916,0
63113,0
361616,0
120144,0
138843,0
44908,0
378227,0
78786,0
57023,0
170359,0
209657,0
147460,0
276463,0
340195,0
54409,0
2075,0
133900,0
204919,1
158775,0
126050,0
364983,0
336927,0
124692,0
228601,0
44983,0
115218,0
382137,0
84159,0
84575,0
374652,0
126062,0
131532,0
83361,0
386251,0
204285,0
303809,0
163917,0
88225,0
74577,0
290738,0
285471,0
288308,0
103532,0
185418,0
366311,0
121697,0
125430,0
263547,0
95179,0
300972,0
171776,0
348404,0
117049,0
214154,0
347729,0
167569,0
321839,0
251784,0
338927,0
189659,0
298067,0
339666,0
262129,0
258331,0
103452,0
168585,1
80788,0
203053,0
272796,0
126811,0
297314,0
78665,0
339286,0
347617,0
97114,0
387397,0
356273,0
394310,0
25955,0
165507,0
237038,0
294344,0
395459,0
140755,0
153948,0
293243,0
216230,0
38224,0
238952,0
85314,0
72133,0
112107,0
68772,0
209409,0
265562,0
129203,0
235514,0
352928,0
167388,0
213084,0
287594,0
50518,0
18959,0
158038,0
91569,0
227295,0
395960,0
208037,0
284852,0
304286,0
195509,0
254371,0
134606,0
278077,0
216015,0
36055,0
50020,0
25755,0
336701,0
64116,0
10764,0
163413,0
126871,0
173983,0
268574,0
168329,0
313838,0
126593,0
80190,0
345751,0
360733,0
22896,0
285522,0
229732,0
41894,0
395070,0
78225,0
123498,0
218749,0
199244,0
141417,0
83264,0
61689,0
207833,1
324146,0
377895,0
31019,0
16776,0
250670,0
88827,0
315868,0
102306,0
208607,0
50556,0
9810,0
54211,0
330418,0
58327,0
98255,0
46324,0
52140,0
331135,0
182771,0
89599,0
65183,0
221173,0
252612,0
205203,0
303069,0
120102,0
185444,0
40298,0
56149,0
120190,0
231105,0
355576,0
23594,0
67949,0
30093,0
103029,0
195703,0
14158,0
156804,0
290412,0
230460,0
58696,0
351862,0
385722,0
129502,0
339869,0
156695,0
336061,0
129928,0
227081,0
71213,0
303716,0
314978,1
303863,0
285555,0
1533,0
170082,0
120483,0
66985,0
46888,0
379399,0
187849,0
3178,0
82132,0
240072,0
318155,0
47044,0
63145,1
160369,0
67249,0
46875,0
63317,0
202653,0
7582,0
377686,0
342058,0
222975,0
36115,0
268532,0
133867,1
204319,0
368655,0
229111,0
52276,0
388490,0
71344,0
158449,0
268354,0
209136,0
175485,1
142685,0
9626,0
220059,0
369669,0
310575,0
138378,0
184487,1
61599,0
185518,0
214354,0
202221,0
166042,0
63653,0
224275,0
98229,0
328360,0
305701,0
377251,0
52637,0
377995,0
359236,0
82250,0
316810,0
349277,0
371193,0
117958,0
151352,0
389361,0
267210,0
228641,0
241827,0
105969,0
80131,0
263117,0
325507,0
299808,0
334273,1
159506,0
132861,0
21295,0
392693,0
70226,0
245876,0
380629,0
41495,0
61639,0
134565,0
46012,0
39767,0
362821,0
205693,0
349437,0
387161,0
331083,0
199043,0
152258,0
276859,0
349631,0
263308,0
189477,0
292091,0
241780,0
241893,0
109758,0
333414,0
65439,0
111536,0
371478,0
30292,0
333020,0
19279,0
238802,0
16257,0
385507,0
304194,0
164528,0
111636,0
200249,0
279066,0
204243,0
95448,0
293212,0
292300,0
158770,0
63732,0
8367,0
330903,0
369105,0
209814,0
130251,0
343223,0
254136,0
150007,0
378573,0
69745,0
266326,0
43591,0
252497,0
307794,0
23035,0
223605,0
181217,0
248057,0
35804,0
181549,0
100893,0
162255,0
248855,0
246634,0
138021,0
348967,0
133419,0
213082,0
356907,0
317750,0
119828,0
146500,0
137411,0
220406,0
275277,0
307810,0
233785,0
218271,0
82856,0
228974,0
201219,0
166823,0
125567,0
65749,0
146275,0
357001,0
241359,0
62899,0
210234,0
144318,0
355181,0
111963,0
304275,0
287849,0
255942,0
69555,0
94974,0
307913,0
235848,0
184928,0
320650,0
62358,0
219032,0
382831,0
269848,0
109524,0
141914,0
229337,0
45032,0
263466,0
21270,0
151632,0
343122,0
126055,0
241702,0
49700,0
75164,0
20866,0
270268,0
180638,0
235243,0
14496,0
47463,0
114954,0
250311,0
333525,0
167389,0
184783,0
230893,0
110414,0
354624,0
137466,0
303427,0
180179,0
332137,0
373593,0
103185,0
343422,0
109955,0
115005,0
100501,0
45613,0
56622,0
37650,0
129760,0
61774,0
142215,0
14908,0
114126,0
264065,0
247867,0
8339,0
59348,0
239015,0
159287,0
271593,0
74005,0
245129,0
311350,0
246330,0
76846,0
364007,0
314708,0
253591,0
279325,0
370766,0
182171,0
27435,0
362152,0
374023,0
203018,0
68449,0
50933,0
81227,0
140449,0
40703,0
318585,0
357447,0
272566,0
366201,0
300170,0
91174,0
43833,0
205345,0
177686,0
104762,1
300257,0
234984,0
20749,0
194973,0
126814,0
17091,0
152545,1
51321,0
235725,0
209463,0
277871,0
174690,0
255960,0
110836,0
159805,0
189772,0
309959,0
83779,0
97169,0
209255,0
151870,0
225220,0
392514,0
227366,0
261867,0
223276,0
62739,0
315552,0
370836,1
280966,0
270288,0
295546,0
62127,0
292348,0
213847,0
394338,0
364855,0
157811,0
105321,1
273109,0
261833,0
327591,0
61491,0
228687,0
297739,0
376259,0
41083,0
232072,0
131171,0
370181,0
89148,0
169351,0
220143,0
232031,0
350705,1
130868,0
290114,0
161703,0
343030,0
372390,0
147679,0
1362,0
318899,0
53528,0
73977,0
142071,0
49204,0
184081,0
274998,0
257445,0
292492,0
299317,0
267793,0
191310,0
1261,0
180142,0
268372,0
24780,0
316277,0
39589,0
196572,0
166676,0
136855,0
91382,0
268359,0
266549,0
257969,0
114322,0
341726,0
373407,0
209511,0
132852,0
57498,0
395867,0
34668,0
129909,0
188331,0
115476,0
120772,0
132952,0
165337,0
379446,0
329442,0
305883,0
41286,0
152270,0
267008,0
386950,0
358240,0
209770,0
312063,0
357234,0
387378,0
31738,1
113847,0
237250,0
197915,0
107563,0
3832,0
241309,0
20456,0
258558,0
74372,0
307212,0
344724,0
286106,0
304925,0
382383,0
54802,0
215302,0
190092,0
358815,0
40548,0
89091,0
225479,0
161846,0
78392,0
110267,0
12449,0
29091,1
172135,0
327056,0
221382,0
42750,0
5277,0
51995,0
230214,0
392369,0
51822,0
351701,0
147934,0
68649,0
65931,0
248993,0
93913,0
317968,0
349706,0
262636,0
222742,0
97805,0
45304,0
204914,0
280370,0
9069,0
350265,0
13994,0
287219,0
332131,0
95900,0
288289,0
121111,0
356162,0
104662,0
95251,0
322826,0
220391,0
334234,0
175575,0
147211,0
2441,0
22239,0
330458,0
288276,0
58970,0
203899,0
96013,0
152074,0
207984,0
312234,0
286693,0
67878,0
251714,0
238589,0
120404,0
45941,0
24505,0
107756,0
344179,0
136695,0
315169,0
334770,1
341792,0
36081,0
97389,0
2004,0
251189,0
138180,0
123595,0
99724,0
89349,0
94567,0
164603,0
229460,0
364003,0
133122,0
315503,0
177977,0
41943,0
177978,0
192700,0
353997,0
84684,0
278185,0
54407,0
36056,0
191478,0
382758,0
368658,0
335236,0
380057,0
230876,0
293172,0
200332,0
394940,0
291159,0
303268,0
33633,0
59431,0
101760,0
341763,0
368487,0
157911,0
260552,0
278713,0
185909,0
360986,0
257255,0
6646,0
287687,0
215619,0
283434,0
287372,0
351794,0
299593,0
218426,0
14705,0
321697,0
169623,0
106448,0
36293,0
345993,0
288793,0
48985,0
253878,0
358499,0
116283,0
359077,0
390524,0
157809,0
2487,0
192946,0
318621,0
265435,0
29947,0
297406,0
166357,0
32609,0
215987,0
163856,0
248718,0
690,0
187249,0
132296,0
122358,0
229644,0
69514,0
189103,0
7383,0
271950,0
29627,0
90949,0
50729,0
277192,0
96367,0
18500,0
95015,0
178912,0
115319,0
358616,0
126016,0
23287,1
102828,0
269923,0
34983,0
147088,0
248720,0
327667,0
386821,0
395503,0
83599,0
127216,0
205590,0
63795,0
99011,0
20607,0
106933,0
32979,0
38487,0
355402,0
170723,0
85327,0
341383,0
22039,0
387744,0
76726,0
389138,0
100217,0
86640,0
128530,0
3996,0
5720,0
285221,0
216777,0
66451,0
276988,0
247261,0
249329,0
379878,0
106789,0
373803,0
310306,0
182729,0
277104,0
261649,0
322482,0
357505,0
107895,0
337152,0
271404,0
324415,0
217641,0
154602,0
368601,0
367366,0
218054,0
62355,0
132071,0
353287,0
260442,0
33199,0
2937,0
258671,0
103648,0
314733,0
139885,0
71390,0
89311,0
159523,0
72835,0
320748,0
241591,0
306124,0
224961,0
43181,0
307675,0
282731,0
228027,0
182022,0
40817,0
233192,0
202573,0
289304,0
315353,0
388715,0
145628,0
5154,0
118988,0
81773,0
291894,1
97522,0
215510,0
55019,0
258631,0
214874,0
341590,0
233931,0
43843,0
127110,0
256224,0
335550,0
157682,0
253339,0
221012,0
156559,0
150962,0
104167,0
129036,0
146528,0
47125,0
386913,0
330726,0
142202,0
389751,0
9843,0
354024,0
239262,0
68814,0
246440,0
238340,0
169352,0
249390,0
272104,0
280508,0
287420,0
210587,0
245162,1
239971,0
368430,0
279345,0
175114,0
268716,0
368693,0
58547,0
371368,0
187475,0
89560,0
289112,0
51213,0
39079,1
353467,0
277259,0
157623,0
209695,0
348613,0
154548,0
74088,0
182492,0
192528,0
76501,0
282664,1
387090,1
142592,0
283903,0
52469,0
121971,0
164973,0
103610,0
110207,0
99927,0
5967,0
106806,0
3505,0
152673,0
368546,0
138070,0
394568,0
158669,0
60701,0
57681,0
279494,0
333447,0
244362,0
170977,0
96025,0
192626,0
16289,0
50429,0
180504,0
189385,0
816,1
363132,0
167423,0
25835,0
237946,0
111986,0
352167,0
112243,0
57613,0
251017,0
191500,0
251132,0
203723,0
26626,0
377769,0
306227,0
126891,0
342343,0
106770,0
153256,0
360151,0
116538,0
39987,0
369217,0
387288,0
67362,0
241766,0
325825,0
153169,0
257666,0
374629,1
50326,0
261760,0
73384,0
269097,0
332882,0
28656,0
72534,0
149402,1
3225,0
245203,0
105139,0
195656,0
57265,1
163265,0
132215,0
268696,0
6020,0
198886,0
267007,0
131261,0
287500,0
81493,0
185097,0
37710,0
85590,0
316162,0
264961,0
193875,0
326393,0
45890,0
384717,0
308909,0
134522,0
204746,0
295115,0
324367,0
361961,0
117296,0
254692,0
45250,0
110132,0
297253,0
219143,0
141184,0
381477,0
192816,0
318321,0
254359,0
258189,0
191231,0
231184,0
145192,0
97833,0
335220,0
320800,0
392965,0
325636,0
193842,0
73174,0
204459,0
279861,0
183781,0
360707,0
244377,0
160958,0
34116,0
372741,0
335022,0
133087,0
146343,0
184207,0
268611,0
126415,0
336182,0
251783,0
217771,0
365440,0
260732,0
335173,0
182140,0
94342,0
24279,0
227485,0
278738,0
96069,0
53035,0
9055,0
381465,0
293712,0
389956,0
21860,0
88448,0
70376,0
25074,0
325374,0
366810,0
219410,0
82013,0
187449,0
250562,0
59610,0
62237,0
109236,0
252539,0
61169,0
34480,0
177562,0
280355,0
36638,0
33472,0
220612,1
111396,0
27312,0
221638,0
314416,0
99664,0
177495,0
271336,0
32445,0
342801,0
303785,0
273158,0
249051,0
214545,0
75609,0
135331,0
86225,0
344892,0
318749,0
267243,0
294620,0
121754,0
389684,0
172044,0
46047,0
222290,0
130263,0
345104,0
307610,0
3572,0
270311,0
308470,0
221118,0
302087,0
152534,0
54688,0
295756,0
239385,1
205339,0
279282,0
95274,0
110213,0
373896,0
22304,0
49341,0
224639,0
14424,0
82958,0
226308,0
18671,0
138066,0
383620,0
29077,0
215085,0
217178,0
128986,0
117020,0
148373,0
59256,0
206004,0
160371,0
502,0
91853,0
183198,0
345924,0
364490,0
8528,0
11454,0
275320,0
154551,0
47231,0
144638,0
252863,0
232926,0
242119,0
125072,0
278428,0
371613,0
111507,0
334626,0
160848,0
362402,0
154528,0
387721,0
371187,0
201298,0
42045,0
381594,0
83995,0
355843,0
281563,0
260259,0
285704,0
259215,0
242035,0
386176,0
391777,0
384148,0
190378,0
151488,0
354799,0
48177,0
187113,0
15609,0
346572,0
265601,0
98533,0
75529,0
114543,0
380068,0
140928,0
261417,0
47920,0
55141,0
323311,0
56467,0
351970,0
182626,0
70418,0
59803,0
294893,0
259271,0
140567,0
29546,0
369929,0
92039,0
156999,0
149727,0
119528,0
92710,0
265296,0
351896,0
385386,0
274722,0
26891,0
260060,0
32830,0
149962,0
110582,0
67741,0
365793,0
70896,0
257051,1
180672,0
209869,0
11579,0
31193,0
208020,0
357338,0
231776,0
155718,0
124073,0
120717,0
220621,0
92282,0
369458,0
79051,0
354506,0
368141,0
205251,0
120417,0
251609,0
67275,0
139068,0
245886,0
264783,0
124299,0
50294,0
378223,0
287945,0
394217,0
188168,0
323181,0
383554,0
285545,1
7818,1
272824,0
55148,0
287158,0
33099,0
242970,0
234912,0
184168,0
292663,0
153394,0
135311,0
37009,0
217676,0
249630,0
299957,0
73370,0
20172,0
75448,0
149061,0
328942,0
253621,0
321875,0
356338,0
11043,0
204154,0
110919,0
371842,0
245948,0
177236,0
103138,0
317280,0
70992,0
301420,0
12564,0
308544,0
101697,0
344374,0
384795,0
381476,0
272596,0
387711,0
125828,1
11421,0
72824,0
353215,0
314499,0
374780,0
99913,0
174523,0
244185,0
123375,0
199498,0
317989,0
195197,0
86989,0
55295,0
254924,0
172640,1
44491,0
82919,1
83210,0
394374,0
321583,0
242150,0
218323,0
263296,0
361828,0
365151,0
80218,0
54331,0
247050,0
149889,0
173908,0
58564,0
371355,0
291385,0
116257,0
97292,0
252534,0
209815,0
23998,0
339206,0
300471,0
163575,0
246430,0
394404,0
378836,0
343756,0
230894,0
146080,0
299452,0
16007,0
389788,0
213729,0
339682,0
121003,0
113945,0
946,0
214221,0
49586,0
400,0
220682,0
105502,0
245001,0
381703,0
109817,0
123351,1
214613,0
97196,0
162055,0
224868,0
84625,0
89582,0
139271,0
295850,0
191116,0
194425,0
292026,0
124674,0
351711,0
222197,0
236189,1
223115,0
259608,0
369017,0
163146,0
318443,0
140718,0
181016,0
87661,0
258326,0
247873,0
381459,0
58377,0
9082,0
384009,0
147799,0
309066,0
240653,0
361635,0
4374,0
227383,0
30123,1
230963,1
348853,0
89592,0
262970,0
198010,0
192278,0
266691,0
259723,0
336186,0
183998,0
317212,0
280894,0
174960,0
90015,0
254998,0
230150,0
209339,0
255593,0
292964,0
194880,0
279607,0
299541,0
177171,0
102018,0
391560,0
115110,0
155320,0
124542,0
43386,0
100278,0
330338,0
360327,0
282597,0
15399,0
158519,0
160232,0
30695,0
364631,0
5905,0
385628,0
392632,0
26226,0
391490,0
63591,0
376976,0
163781,0
289074,0
352996,0
50969,0
44216,0
349878,0
161984,0
111709,0
311436,0
331290,0
349399,0
43581,0
277538,0
85924,0
280956,0
147641,0
53211,0
207063,0
208104,0
172371,0
233219,0
25631,0
157785,0
362718,0
313167,0
1280,0
221972,0
67182,0
210480,0
112290,0
234377,1
394947,0
94259,0
206452,0
268248,0
336909,0
272279,0
82073,0
297278,0
42197,0
298724,0
39034,0
85545,0
55344,0
205679,0
324765,0
131483,0
296342,0
29302,0
286334,0
326994,0
119175,0
347124,0
246472,0
391558,0
71464,0
189008,0
287788,0
96432,0
103202,0
318906,0
186818,0
236733,0
41720,0
275285,0
348515,0
7112,0
384174,0
3860,0
389160,0
136010,0
225254,0
393899,0
64272,0
344052,0
255147,0
276671,0
197907,0
306480,0
55532,0
124110,0
307174,0
233884,0
288661,0
22337,1
331033,0
6300,1
207320,0
247404,0
259671,0
21959,0
116041,0
16562,0
195880,0
94905,0
345677,0
149384,0
305301,0
18283,0
314677,0
56933,0
302292,0
355713,0
340497,0
43278,0
195535,0
242080,0
261716,0
111956,0
188942,0
91069,0
326661,0
330105,0
1959,0
5611,0
294580,0
230,0
252068,0
41540,0
213824,0
214725,0
81182,0
235405,0
100913,0
190244,0
382914,0
76622,0
74780,0
60545,0
215711,0
189226,0
19260,0
164748,0
214118,0
254024,0
364982,0
17585,0
317284,0
318734,0
341095,0
306431,0
129075,0
108302,0
67424,0
239560,0
97159,0
365159,0
382662,1
350534,0
383074,0
170950,0
141182,0
264976,0
193806,0
198393,0
102166,0
260202,0
182144,0
11449,0
169944,0
67148,0
207389,0
292096,0
339921,0
131258,0
334583,0
157105,0
256704,0
12789,0
118911,0
89076,0
174570,0
153348,0
355444,0
299199,0
281380,0
84030,1
190451,0
235462,0
174765,0
2494,0
209948,0
278751,0
294056,0
215707,0
167081,0
219732,0
32542,0
201158,0
393431,0
79234,0
237859,0
230383,0
326290,0
77961,0
22559,0
4165,0
374012,0
276488,0
350145,0
76176,0
331670,0
46747,0
171489,1
319690,0
210252,0
273901,0
82912,1
224423,0
219275,0
52300,0
342426,0
214872,0
291814,0
205302,0
92245,0
327670,0
283370,0
226919,0
194127,0
48292,0
58410,0
106084,0
357610,0
83991,0
30946,0
371581,0
333942,0
199186,0
156261,0
72565,0
306932,0
2955,0
262813,0
251903,0
169080,0
193264,0
70971,0
187947,0
145638,0
265076,0
288954,1
153346,0
364980,0
379281,0
374886,0
269513,0
9148,0
87298,0
72975,0
172201,0
127325,0
96486,0
166340,0
125962,0
182855,0
75155,0
146311,0
268883,0
277923,0
112335,0
113041,0
321628,0
134281,0
366344,0
2031,0
66665,0
350753,0
135968,0
238708,0
30,0
65180,0
33751,0
95418,0
201692,0
376773,0
204735,0
135740,0
362259,0
170393,0
374839,0
366464,0
136116,0
112033,0
124597,0
32083,0
379744,0
59571,0
180253,0
101397,0
16117,0
213742,0
31344,0
23563,0
187287,0
236055,0
395954,0
227544,0
366511,0
13327,0
297875,0
242131,0
251862,0
231520,0
247994,0
54267,0
196222,0
32913,0
199149,0
121503,0
43266,0
43284,0
279070,0
368113,0
182339,0
101378,0
274506,0
169161,0
263820,0
30097,0
371881,0
234886,0
156971,0
8629,0
46550,0
237296,0
44686,0
160092,0
61557,0
144166,0
212657,0
266899,0
303327,0
192817,0
279552,0
57247,0
47108,0
325542,0
199813,0
211624,0
223331,0
88575,0
76236,0
127884,0
102556,0
165228,1
127632,0
243167,0
121388,0
136879,0
307622,0
270246,0
132149,0
262231,0
181806,0
62578,0
361377,0
183502,0
55616,0
391275,0
187385,0
46641,0
338462,0
198871,0
101097,0
289531,0
269473,0
387825,0
348545,0
202922,0
70442,0
58121,0
176596,0
384787,0
177372,0
175119,0
306129,0
68302,0
318231,0
122296,0
234089,0
164908,0
187059,0
390933,0
102354,0
179824,0
390004,0
173893,0
62104,0
10331,0
46583,0
224256,0
195476,0
256042,0
168613,0
106969,1
160862,0
135879,0
307292,0
377942,0
138239,0
277065,0
321512,0
146722,0
67438,0
30217,1
76875,0
343140,0
381709,0
110887,0
229202,0
266573,0
262940,0
56699,0
33745,0
143557,0
390882,0
195283,0
153386,0
90312,0
103135,0
177397,0
188183,0
185029,0
6644,0
314424,0
372861,0
170127,0
133802,0
92531,0
109075,0
243470,0
42628,0
111465,0
267527,0
370635,0
83139,0
298564,0
15183,0
40332,0
138598,0
277503,0
284425,0
349981,0
218003,0
170656,0
299303,0
73391,0
208568,0
183999,0
355853,0
99310,0
214466,0
4212,0
316594,0
70501,0
224054,0
190302,0
194241,0
134207,0
192771,0
47204,0
18303,0
376769,0
216892,0
105030,0
326743,0
37687,0
330638,0
73100,0
47547,0
337651,0
95185,0
267942,0
90529,0
26090,0
213684,0
196121,0
42466,0
224262,0
350887,0
116702,0
175914,0
219731,0
325261,0
4299,0
70071,0
356090,0
278732,0
12007,0
1716,0
309060,0
147464,0
346566,0
85911,0
145324,0
74068,0
81792,0
170163,0
195060,0
379770,0
104033,0
128315,0
355973,0
139552,0
222140,0
208832,0
86039,0
130163,0
374077,0
274360,0
200826,1
260500,0
244645,0
329605,0
184520,0
117829,0
291436,0
85195,0
226011,0
110779,0
283697,0
381990,0
70422,0
87304,0
88622,0
349990,0
304066,0
137455,0
388570,0
166084,0
303221,0
387131,0
285631,0
126068,0
38869,0
13398,0
170907,0
310394,0
193285,0
378397,0
331868,0
13761,0
41157,0
226071,0
285649,0
247861,0
246966,0
57998,0
252741,0
321573,0
11184,0
106948,0
180448,0
319300,0
127876,0
281030,0
29813,0
142264,0
121460,0
8939,0
300335,0
392950,0
29022,0
52950,0
61003,0
43327,0
313531,0
207365,0
393889,0
91557,0
153706,0
179611,0
87783,0
303930,0
186836,1
279615,0
104903,0
119834,0
320920,0
240941,0
49350,0
143851,1
256107,0
381453,0
357011,0
302241,0
171278,0
385185,0
37673,0
347108,0
162874,0
128120,0
175827,0
260211,0
54467,0
116100,0
300318,0
27934,0
258128,0
62226,0
274925,0
275860,0
372429,0
137829,0
373779,0
264214,0
75248,0
28810,0
251514,1
166191,0
255971,1
82976,0
226337,0
364523,0
94375,0
249199,0
259667,0
30295,0
112104,0
381027,0
53348,0
156316,0
372733,0
144262,0
13538,0
344361,0
141065,0
82425,0
390039,0
392811,0
150976,0
73559,0
146713,0
193258,0
276163,0
263734,0
201652,0
177850,0
8280,0
332310,0
171697,0
345339,0
214447,0
325835,0
394854,0
114502,0
261918,0
100066,0
233307,0
210698,0
197483,0
146598,0
320482,0
323592,0
157285,0
103420,0
318765,0
144178,0
51069,0
88335,0
207881,0
251767,0
365039,1
304190,0
7041,0
377414,0
318570,0
356929,0
228286,0
105296,0
58888,0
360340,0
78218,0
33838,0
53570,0
80710,0
360760,0
204356,0
254663,0
204332,0
164920,0
314804,0
38493,0
356274,0
218616,0
330835,0
5537,0
172671,0
160592,0
325276,0
339006,0
329713,0
285395,0
318833,0
101394,0
177890,0
293380,0
96322,0
183779,0
347854,0
354221,1
50974,0
267471,0
97360,0
23877,0
231505,0
199952,0
98388,0
273644,0
78317,0
163228,0
155166,0
314598,0
45828,0
112824,0
80763,0
382094,0
269575,0
37473,1
9716,0
232706,0
65512,0
41949,0
284075,0
72964,0
213574,0
363751,0
66233,0
131208,0
179182,0
7928,0
225071,0
258000,0
165140,0
135825,0
246245,0
217717,0
377492,0
131160,0
394000,0
271973,0
303852,0
213128,0
219564,1
120240,0
110057,0
90677,0
348710,0
203777,0
338709,0
28584,0
395242,0
146040,0
270837,0
157478,0
112459,0
103833,0
72580,0
154267,0
297041,0
57357,0
123642,0
318422,0
182614,0
208743,0
72493,0
17573,0
375994,0
220211,0
282291,0
193040,0
272713,0
384538,0
356993,1
110878,0
169405,0
381971,0
309359,0
323265,0
173413,0
91423,0
162383,0
68745,0
362554,0
337013,0
30777,0
219457,0
45062,0
365957,0
374976,0
314675,0
364701,1
44429,0
212046,0
199996,0
101363,0
15275,0
360312,0
31419,0
293328,0
238140,0
184506,0
21835,0
59793,0
315234,0
352940,0
115584,0
139735,0
239633,0
13848,0
171343,0
195588,0
175555,0
48726,0
308925,0
30744,0
18256,0
200052,0
234643,0
26633,0
267923,0
215357,0
350952,0
348223,0
87820,0
354721,0
266454,0
272066,0
61615,0
137340,0
314669,0
61970,0
165300,0
312797,0
42168,0
47290,0
262447,0
244374,0
134915,0
355416,0
143715,0
309179,0
243526,0
195620,0
12413,0
182298,0
202764,0
85104,0
155658,0
365019,0
114207,0
338001,0
343810,0
72507,0
342210,1
306508,0
225858,0
350622,0
356719,0
354883,0
101558,0
65014,0
204983,0
210914,0
161950,0
16329,0
390030,0
194133,0
395611,0
57386,0
304831,0
34287,0
45328,0
80290,0
58702,0
31850,0
345952,0
148943,0
325506,0
27224,0
231807,1
392518,0
53599,0
300155,0
237791,0
225169,0
180884,0
219464,0
323689,0
220744,0
343370,0
140123,0
7151,0
298663,0
85740,0
120451,0
101080,0
241576,0
293078,0
124085,0
166253,0
372323,0
237695,0
97498,0
120093,0
352322,0
150214,0
138387,0
119738,0
241299,0
219342,0
356986,0
197266,0
363231,0
206344,0
157526,0
280126,0
130510,0
233817,0
27314,0
72187,0
66109,0
367448,0
369859,0
43045,0
170520,0
258275,0
186988,0
1758,0
331186,0
175891,0
252229,0
108158,0
114028,0
271751,0
359994,0
22473,0
171498,0
321707,0
242712,0
126837,0
58857,0
153380,0
370751,0
262072,0
325375,0
278069,0
318223,0
116999,0
184040,0
138712,0
161198,0
143803,0
106835,0
11179,0
209391,0
364984,0
87627,0
224467,0
55587,0
281055,0
299785,0
212315,0
88877,0
384958,0
87438,0
113156,0
30673,0
340060,0
256717,0
208527,0
184559,0
113083,0
255896,0
106581,0
308676,0
356501,0
253599,0
29836,0
116846,0
150435,0
292049,0
124986,0
376432,0
17161,0
68946,0
56706,0
241980,0
391232,0
111577,0
234449,1
71551,0
198887,0
243279,0
103832,0
363537,0
91386,0
257910,0
36962,0
370708,0
278137,0
219192,0
54646,0
154833,0
73615,0
326953,0
66123,0
224286,0
257621,0
348824,0
339612,0
278367,0
167905,0
16264,0
41247,0
207174,0
141428,0
20040,0
182394,0
339855,0
347898,0
356611,0
91661,0
152390,0
42366,0
29990,0
241361,0
281172,0
245671,0
273136,0
377430,0
221308,0
348254,0
384192,0
72278,0
373528,0
158046,0
220990,0
320605,0
268262,0
376126,0
32701,0
383815,0
220410,0
14425,0
198799,0
331323,0
365886,0
172829,0
147962,0
121966,0
21877,0
296056,0
330673,0
122204,0
117203,0
348115,0
55597,0
348615,0
137794,0
112192,0
235245,0
219573,0
80335,0
170718,0
237223,0
103428,0
9042,0
50761,0
52057,0
78553,0
144753,0
264399,1
291593,0
10011,0
148688,0
179245,0
72557,0
232272,1
340139,0
23793,0
5030,0
129888,0
20955,0
68618,0
366740,0
288181,0
83165,0
205940,0
82529,0
29742,0
283942,0
53939,0
231230,0
241623,0
264384,1
291723,0
357390,0
286660,0
105469,0
251084,0
188568,0
317548,0
66814,0
128505,0
377194,0
212359,0
18574,0
302817,0
312477,0
326233,0
80796,0
78450,0
134229,0
273962,0
134827,0
343887,0
142816,1
272837,0
48951,0
297909,0
272470,0
364759,0
94287,0
72415,0
331484,0
133385,0
57600,0
373662,0
186396,0
362139,0
275075,0
196138,0
43584,0
38880,0
168417,0
94080,0
265121,0
352324,0
138921,0
262545,0
362094,0
320682,0
300914,0
16855,0
310157,0
91121,0
157959,0
186972,0
165255,0
145581,0
42577,0
365810,0
165679,0
191909,1
315828,0
391410,0
328054,0
223372,0
215746,0
59069,0
274636,0
213308,0
130303,0
269350,0
360091,0
6852,0
181572,0
268384,0
372138,0
352715,0
218358,0
225082,0
252671,0
252602,0
104258,0
92677,0
242531,0
153434,0
102550,1
300420,1
106435,0
386902,0
107032,0
147164,0
238153,0
262403,0
247751,0
375651,0
48317,0
207493,0
57497,0
146777,0
362039,0
115919,0
127601,0
376106,0
369608,0
234543,1
193824,0
3361,0
387456,0
157529,0
74920,0
14270,0
135396,0
35043,0
278167,0
392393,0
309036,0
125717,0
54066,0
329421,0
369591,0
326419,0
65020,0
135053,0
387959,0
66031,0
7878,0
388059,0
95269,0
328602,0
389025,0
343338,0
163033,0
335930,0
4677,0
177790,0
288604,0
175300,0
360385,0
208126,0
192953,0
171003,0
35208,0
287634,0
208139,0
249666,0
43408,0
286542,0
160710,0
106715,0
212681,0
137335,0
134332,0
231729,0
159639,0
392595,0
326361,0
115241,0
169282,0
75307,0
348092,0
154562,0
358460,0
43231,0
45360,0
323277,0
47487,0
23926,0
92854,1
133622,0
335890,0
149051,0
109023,0
173388,0
198621,0
344535,0
31795,0
155731,0
257716,0
36845,0
84017,0
47124,0
112316,0
193933,0
210576,0
229278,0
392062,0
4718,0
381848,0
200662,0
101429,0
280715,0
240965,0
131205,0
208137,0
40385,0
16364,0
231700,0
216835,0
225999,0
53735,0
389762,0
371277,0
80291,0
1242,0
74208,0
333537,1
268795,0
161976,0
372821,0
329627,0
325818,0
172469,0
196684,0
123956,0
120581,0
264682,1
121869,0
216031,0
104978,0
153302,0
241376,0
345158,0
50039,0
57997,0
1944,0
215861,0
270788,0
345567,1
27119,0
335287,0
23293,0
309769,0
66082,0
288977,0
375799,0
13912,0
269021,0
98462,0
373537,0
163841,0
10945,0
88094,0
259114,0
337365,0
32442,0
84353,0
87851,0
252166,0
118213,0
251022,0
96861,0
262178,0
261666,1
55443,0
217101,0
5046,1
218909,1
226363,0
21220,0
16970,0
195875,0
174294,0
281411,0
47327,0
343797,0
47727,0
149172,0
338704,0
210247,0
211239,0
394265,0
300819,0
261836,0
145085,0
221763,0
302973,0
109193,0
243406,0
31429,1
44000,0
89974,0
297492,0
245337,0
58619,0
227296,0
18119,0
227115,0
34474,0
216,1
210058,0
101526,0
237524,0
252797,0
358238,0
123203,0
119945,0
333915,1
23961,0
27884,0
222761,0
362219,0
168755,1
347646,0
290384,0
58155,0
5422,0
233367,0
304773,0
114737,0
195368,1
100307,0
372404,0
284199,0
1210,0
104179,1
233735,0
48137,0
149364,0
18858,0
369392,0
196075,0
256982,0
248395,0
311417,0
275386,0
347680,0
283530,0
236389,0
96715,0
333179,0
289977,0
275187,0
59326,0
201785,1
192194,0
231201,0
107178,0
121880,0
42604,0
142004,0
326272,0
307196,0
222810,0
375210,0
196851,0
16525,0
164292,0
86865,0
76634,0
133116,0
273467,0
207313,0
268127,0
272103,0
289815,0
343077,0
103346,0
7400,0
215583,0
79242,0
256913,0
267898,0
260332,0
165729,0
42,0
300807,0
200490,0
104093,0
31163,0
116593,0
376670,0
194380,0
137138,0
231341,0
40777,0
24788,0
179954,0
233655,0
329307,0
125934,0
202965,0
371324,0
324292,0
90012,0
2604,0
372145,0
266787,0
153285,0
171591,1
340179,0
367449,0
136626,0
303281,0
48127,0
38807,0
26535,0
312009,0
54113,0
107138,0
259617,0
310605,0
265554,0
306412,0
64925,0
206166,0
326848,0
278688,0
368238,0
265750,0
87546,0
302119,0
265704,0
127422,0
123945,0
202502,0
239558,0
49652,0
263083,0
67762,0
157676,0
291146,0
348856,0
15240,0
310953,0
164949,0
174235,0
394958,0
82815,0
9563,0
47497,0
230025,0
273799,0
327627,0
2612,0
172975,0
227766,0
176407,0
199272,0
245843,0
118734,0
69277,0
33040,0
68754,1
2503,0
266316,0
150928,0
60613,0
362231,0
291718,0
161190,0
313406,0
34106,0
29948,0
357440,0
375886,0
71892,0
302924,0
138505,0
3963,0
357134,1
127490,0
173372,0
98685,0
260817,0
7981,0
206367,0
24511,0
165709,0
182954,0
196393,0
364833,0
121702,0
275759,0
145635,0
210520,0
183778,0
228863,0
333169,0
209450,0
14243,0
193533,0
366580,0
144145,0
319977,0
289711,0
332900,0
129839,0
28373,0
75969,0
62149,0
134473,0
360058,0
327784,0
152297,0
145815,0
94672,0
175260,0
282553,0
25172,0
157346,0
226421,0
256515,0
204392,0
18355,0
294976,0
103490,0
316258,0
164060,0
363626,0
346914,0
369735,0
204521,0
371874,0
224301,0
293853,0
137204,0
343093,0
354129,0
258795,0
333774,0
209179,0
241539,0
275925,0
156051,0
312716,0
34212,0
326270,0
173976,0
290827,0
250843,0
178124,0
25142,0
98073,0
52045,0
279862,0
377564,0
276925,0
263469,0
168441,0
91611,0
341709,0
266636,0
329866,0
263468,0
225133,0
289591,0
44677,1
259622,0
281767,0
7859,0
206392,0
319304,0
132678,0
14393,0
387974,0
208485,0
56840,0
85274,1
102109,0
191435,0
4057,0
50367,0
355361,0
147059,0
141440,0
392033,0
260399,0
247630,0
23626,0
19891,0
313713,0
361105,0
160382,0
284123,0
357227,0
115723,0
314085,0
371318,1
202130,0
372312,0
18988,0
260969,0
316858,0
171475,0
358780,0
112088,0
71910,0
123944,0
58081,0
13297,0
365009,0
30895,0
120325,0
318057,0
347115,0
116787,0
315698,1
272226,0
357713,0
55733,0
116394,0
122792,0
151646,0
361631,1
201643,0
158679,0
372296,0
340841,0
124577,0
376526,0
326329,0
219658,0
256298,0
228022,0
15935,0
201805,0
256796,0
235015,0
189349,0
120890,0
114656,0
188227,0
323379,0
386334,0
52831,0
145980,0
131048,0
386543,0
56831,0
200627,0
79962,0
129198,0
278731,1
297178,0
220620,0
372981,0
49750,0
46880,0
113017,0
206983,0
36257,0
121393,0
320818,0
206661,0
56827,0
307088,0
335036,0
86716,0
197837,0
102850,0
12037,0
302835,0
87635,0
315393,0
240748,0
222429,0
145259,0
39310,0
231141,0
160940,0
382508,0
91231,0
4518,0
371539,0
126512,0
258256,0
198629,0
38817,0
196206,0
29107,0
95036,0
36668,0
101630,1
118913,0
304193,0
307896,0
123779,0
188362,0
208166,1
92916,0
122750,0
241248,0
390795,1
92699,0
254601,0
363178,0
313699,0
317025,0
204355,0
71139,0
388784,0
384967,0
197241,0
117196,0
95301,0
132573,0
211355,0
3786,0
256960,0
297138,0
365637,0
31364,0
40333,0
248790,0
30044,0
121333,0
198503,0
98728,0
79740,0
391763,0
344766,0
233407,0
337626,0
27989,0
198848,0
131811,0
294456,0
85198,0
95696,0
7210,0
286346,0
100381,0
339069,1
39529,0
205636,0
345470,0
11593,0
153168,0
374940,0
279065,0
23435,0
84777,0
204525,1
212540,0
231553,0
87038,0
139247,0
279208,0
289796,1
259820,0
242383,1
250758,0
27234,0
123356,0
223945,0
187032,0
32545,0
351243,0
232333,1
63129,0
78151,0
320313,0
303765,0
374142,0
124752,0
204461,0
388602,0
273573,0
134760,0
218805,0
251882,0
46130,0
35047,0
327429,0
114437,0
262140,0
74111,0
311173,0
120298,0
292542,0
212091,0
124499,0
191931,0
360885,0
120414,0
71871,0
192655,0
36492,0
17808,0
259304,0
242352,0
262013,1
62220,0
224011,0
172158,0
57196,0
266110,0
84885,0
260422,0
44611,0
146513,0
214790,0
78916,0
47297,0
52794,0
321353,0
253105,0
307232,0
218460,0
244957,0
64571,0
99412,0
205694,0
34711,0
136109,0
294041,0
268797,0
5890,0
14311,0
116810,0
231942,0
49431,0
180788,0
357155,0
131813,0
164193,0
363207,0
100356,0
135348,0
254154,0
364284,0
256170,0
208494,0
1701,0
313028,0
116750,0
149338,1
279614,0
284896,0
241271,0
49853,0
101958,0
381395,0
231715,0
85595,0
232384,0
183624,0
159262,0
256434,0
124086,0
332469,0
284296,0
260126,1
285155,0
297596,0
162388,0
98173,0
366115,0
394607,1
380235,0
12648,0
149926,0
192336,0
210983,0
121578,0
26608,1
151370,0
347297,0
161166,0
390601,0
255516,0
163492,0
191705,0
361586,0
71152,0
313292,0
208593,0
10140,0
54094,0
84870,0
114450,0
32412,0
139739,0
78435,0
94478,0
20839,0
152800,0
206805,0
235770,0
16580,0
368643,0
77380,0
12614,0
108565,0
227372,0
194325,0
382465,0
350769,0
135268,0
191828,0
8943,0
61322,0
115370,0
131281,0
182935,0
203647,0
319151,0
47869,0
239704,0
199267,0
117815,0
28552,0
363228,0
274055,0
284300,0
226811,0
347292,0
250739,0
242038,0
204031,0
34320,0
109255,0
66125,0
85863,0
158970,0
372933,0
70338,0
187414,0
321069,0
372150,0
120257,0
304032,0
254275,0
380469,0
203554,0
381832,0
329447,1
234456,0
120723,1
395642,0
28510,0
232712,0
327398,0
259211,0
146860,0
224413,0
265663,0
368702,0
281406,0
316358,0
264202,0
199330,0
11839,0
109546,0
317647,0
321514,0
321045,0
387246,0
347396,0
286685,0
300133,0
251776,0
363966,0
123035,0
225729,0
212827,0
390458,0
141261,0
368053,0
269749,0
150360,0
115596,1
5278,0
350724,1
300072,0
43812,0
258916,0
138557,0
315836,0
135972,0
155029,0
279054,0
58565,0
357147,0
336718,0
114044,0
185017,0
340521,0
260870,0
133311,0
272698,1
297239,0
65146,0
229809,0
49979,0
36936,1
360598,0
201852,0
312595,0
280349,1
72887,0
17480,0
78757,0
394969,0
30963,0
77348,0
199270,0
136994,0
117434,0
362424,0
16495,0
151639,0
364565,0
303504,0
69313,0
306248,0
54294,0
302921,0
11925,0
183373,0
146462,0
168890,0
46819,0
217324,0
290011,0
69300,0
15575,0
57305,0
310752,0
64427,0
13063,0
338162,1
100547,0
382170,0
334786,0
103508,0
105747,0
114333,0
79130,0
56215,0
40039,0
298882,0
207755,0
172849,0
383891,0
246866,0
304884,0
239113,0
260680,0
295451,0
211817,0
144970,0
56022,0
274005,0
205480,0
145793,0
70516,0
313116,0
75004,0
233224,0
63269,0
140980,0
75320,0
318501,0
257046,0
17556,0
253845,0
306325,0
188385,0
27260,0
369450,0
24220,0
15088,0
262511,0
369396,0
143128,1
222759,0
62828,0
197609,0
167088,0
81618,0
152864,0
68191,0
150063,0
62307,0
135895,0
196379,0
197125,0
9565,0
166642,0
352193,0
253084,0
228009,0
240279,0
203417,0
259569,0
375814,0
169493,0
303945,0
139213,0
26316,0
18166,0
161333,0
19162,0
375167,0
318089,0
140473,0
273583,0
361229,0
105654,0
230623,0
308539,0
250155,0
45611,0
145018,0
117481,0
37880,0
367557,0
21436,0
327508,0
387333,0
377981,0
231804,0
150209,0
14032,0
302198,0
361014,0
79930,0
331480,0
320145,0
204196,0
189134,0
368641,0
1332,0
272234,0
12807,0
120,0
41961,0
375616,0
205134,0
107317,0
150162,0
395672,0
314425,0
348080,0
217247,0
87638,0
21990,0
393027,0
300312,0
281970,0
390286,0
264094,0
359969,0
352963,0
148526,0
357916,0
274150,0
379824,0
30704,0
292015,0
309732,0
23992,0
104300,0
159853,0
214615,0
386150,0
27538,1
361568,0
148250,0
173837,0
368360,0
20925,0
229041,0
338752,0
223241,0
274335,1
194188,0
286465,0
366016,0
243033,0
183643,0
167738,0
339285,0
66218,0
332415,0
291325,0
59,0
101493,0
350019,0
300476,0
155778,0
123012,0
341786,0
216469,0
101291,0
46616,0
120463,0
380933,0
322636,0
290102,0
15512,0
254562,0
23127,1
369732,0
87257,0
272849,0
205087,0
104761,0
182936,0
104591,0
17699,0
104963,0
302056,0
212021,0
26222,0
64476,0
63869,0
7530,0
385654,0
377575,0
262217,1
155764,0
354557,0
253875,0
69425,0
15585,0
19379,0
338052,0
176968,0
174367,0
358304,0
373495,0
174829,0
79424,0
225827,0
291661,0
208074,0
143217,0
370329,0
85133,1
82180,0
106073,0
11770,0
144147,0
164911,0
369619,0
369682,0
361380,0
83019,0
270012,0
196494,0
315863,0
110496,0
29564,0
177853,0
15211,0
125153,0
199593,0
301439,0
86491,0
179053,0
74313,0
174106,0
140808,0
80676,1
292803,0
60262,0
297486,0
220789,0
161474,0
294977,0
6880,0
187323,0
168530,0
155730,0
2673,0
231572,0
287721,0
73431,0
194609,0
104912,0
58949,1
53472,0
326474,0
303401,0
246839,0
307468,0
223770,0
98538,0
354389,0
119072,0
53424,0
23547,0
122311,0
149416,0
328118,0
339262,0
280178,0
63133,0
273134,0
51169,0
165367,0
220835,0
56008,0
263748,0
112211,0
296694,0
283093,0
349092,0
121208,0
233682,0
260823,0
374217,0
17606,0
256347,0
15423,0
188512,0
62478,0
66259,0
360720,0
10179,0
145738,0
50977,0
1375,0
55610,0
171844,0
319110,0
45172,0
324748,0
24307,0
78195,0
94788,0
204533,0
213763,0
102876,0
381920,0
37563,0
283977,0
10619,0
174270,0
188306,0
290768,0
43533,0
26866,0
149084,0
68603,0
380566,0
367529,0
159066,0
75632,0
368682,0
299046,0
284976,0
234471,0
130788,0
192630,0
224001,0
393137,0
387446,0
285810,0
379368,0
286610,0
43483,0
366167,0
79122,0
262018,0
195279,0
87923,0
119519,0
180742,0
331662,0
90264,0
68746,0
367300,0
150257,0
312626,0
127991,0
253983,0
184232,0
199371,0
55053,0
12828,0
26539,0
118701,0
314285,0
52969,0
161678,0
227473,0
346313,0
312887,0
155326,0
122451,0
28442,0
235100,0
302756,0
298229,0
7821,0
344462,0
233409,0
291880,0
67661,0
133273,0
319680,0
131444,0
48229,0
97347,0
63825,0
88253,0
34286,0
18921,0
297550,0
322426,0
260577,0
11396,0
214312,0
356657,0
282937,0
105513,0
216011,0
79473,0
278631,0
225288,0
325991,0
4151,0
206876,0
199489,0
329036,0
133713,0
206092,0
149142,0
49488,0
159743,0
302841,0
17674,0
3084,0
14109,0
194567,0
283873,0
138229,0
292511,0
242556,0
77537,0
186862,0
241788,0
107468,0
167735,0
4575,0
300241,0
165183,0
3984,0
317425,0
381805,0
391601,0
227379,0
145092,0
35822,0
338915,0
106684,0
45742,0
259530,0
369068,0
208830,0
242312,0
43788,0
379459,0
257363,0
264084,0
55068,0
124302,0
94868,0
25418,0
25751,0
168902,0
15062,0
273548,0
302694,0
280080,0
151338,0
296718,0
14884,0
48320,0
2873,0
80683,0
66350,0
99407,0
71168,0
218816,0
14036,0
313501,0
334992,0
262463,0
88960,0
118845,0
118888,0
211749,0
9973,0
323875,0
189296,0
72222,0
286416,0
206419,0
11823,0
392709,0
202957,0
112598,0
360188,0
94377,0
295554,0
94274,0
203040,0
88126,0
309918,0
35161,0
250314,0
42257,0
357328,0
294925,0
109253,0
50947,0
322454,0
22384,0
99312,0
159537,0
389524,0
169526,0
99246,0
22859,0
327930,0
64612,0
25130,0
232623,0
18922,0
283229,0
255973,0
385835,1
355393,0
293772,0
157074,1
196532,0
372043,0
143357,0
326398,0
354919,0
193386,0
252634,0
253908,0
179787,0
92982,0
86007,0
224212,1
261815,0
178138,0
270473,0
146789,0
65818,0
711,0
146460,1
119246,0
82995,0
231774,0
209189,0
191292,0
102630,0
124909,0
111260,0
253333,0
215387,0
392536,0
101529,0
246734,0
48952,0
390614,0
12169,0
288316,0
58054,0
306609,0
106496,0
224724,0
96679,0
340496,0
335209,0
257463,0
379423,0
394173,0
287009,0
194691,0
240217,1
176397,0
220282,0
281365,0
349721,0
315946,0
310324,0
88720,0
4615,0
110472,0
149695,0
381936,0
218463,0
306488,0
267864,0
34746,0
167323,0
88601,0
48634,0
360283,0
358816,0
172075,0
83874,0
199834,0
262861,0
199782,0
196739,0
17537,0
216807,0
220425,0
251060,0
240607,0
380153,1
119329,0
164537,0
172875,0
322340,0
158387,0
99897,0
201405,0
273245,0
239072,0
24756,0
26850,0
194900,0
326072,0
273971,0
350814,0
15079,0
46434,0
309067,0
360975,0
63372,0
36184,0
241268,0
163930,0
43043,0
102439,0
6235,1
239100,0
286525,0
149193,0
164245,0
18839,0
273897,0
156417,0
333875,0
394578,0
105656,0
128402,0
237316,0
284452,0
354344,0
223652,0
379944,0
285116,0
205825,0
247780,0
3525,0
114182,0
148449,0
43643,0
165112,0
387403,0
21602,0
23838,0
227118,0
374954,0
125838,0
384399,0
325144,0
348356,0
14491,0
78888,0
261714,0
249677,0
60140,0
300705,0
257461,0
153627,0
3991,0
188658,0
27584,0
219492,0
180571,0
276132,0
295472,0
77007,0
34778,0
175461,0
297560,0
383481,1
51765,0
177465,0
287027,0
290087,0
133230,0
216199,0
329900,0
81199,0
338454,0
252944,0
188674,0
371746,0
36619,0
218551,0
395463,0
355018,0
218304,0
58379,0
346851,0
82151,0
164806,0
52381,0
191112,0
294338,0
170968,0
206441,0
185020,0
370580,0
266046,0
336350,0
69360,0
252449,0
162221,0
329196,0
395489,0
205295,0
269211,0
245469,0
35244,0
96174,0
39719,0
59683,0
36370,0
198408,0
379566,0
325720,0
162087,0
197054,0
346420,0
228998,0
266546,0
372692,0
177483,0
241053,0
335392,0
342063,0
181862,0
346947,0
18797,0
166168,0
387903,0
135409,0
143361,0
368519,0
121632,0
106753,0
236414,0
10866,0
62864,0
221041,0
166117,0
83617,0
175081,0
182398,0
322885,0
81583,0
168372,0
68758,0
312260,0
211421,0
70756,0
46398,0
286363,0
281232,0
377070,0
84133,0
9473,0
266460,0
252293,0
23063,0
89689,0
288484,0
89842,0
102983,0
101572,0
182037,0
11532,0
70286,0
44811,0
131983,0
112422,0
243184,0
140364,1
179027,0
341249,0
228339,0
32832,0
157587,0
178804,0
149799,0
198272,0
298519,0
155490,0
78955,0
229373,0
143961,0
161205,0
162981,0
161948,0
351936,0
296833,0
106147,0
302318,0
189915,0
343292,0
277847,0
361435,0
338366,0
325751,0
199189,0
18274,0
165006,0
82876,0
91826,0
261182,0
216344,0
319153,0
236134,0
380900,0
335870,0
146536,0
51631,0
141712,0
382164,0
335589,0
220144,0
69833,0
219348,0
128958,0
331337,0
364892,0
175444,0
205404,0
213975,0
127176,0
380650,0
207724,0
14945,0
311489,0
222728,0
142297,0
118412,0
59053,0
227318,0
246462,0
210929,0
295803,0
334767,0
212768,0
337083,0
180461,0
170124,0
392986,0
382817,0
54523,0
67041,0
70613,0
337606,0
188325,0
17687,0
149864,0
3040,0
227646,0
224322,1
96663,0
294234,0
46687,0
280095,0
366270,0
49769,0
112175,0
100440,0
128951,0
173289,0
133857,0
258484,0
139608,0
328708,1
275088,0
346895,0
330473,1
297105,0
211888,0
72793,1
291003,0
236976,0
335563,0
325662,0
271066,0
130179,0
241033,0
251975,0
233230,0
294162,0
221643,0
308920,0
255657,0
47775,0
249408,0
324072,0
332454,0
188964,0
44964,0
236200,0
253460,0
273822,0
99344,1
9039,0
326176,0
304155,0
392239,0
244944,0
142172,0
220713,0
381616,0
258510,0
337708,0
158464,0
96296,0
393367,0
357889,0
318226,0
310765,0
41910,0
171050,0
347658,0
138548,0
32080,0
290526,0
183489,0
114749,0
163914,0
99059,0
218523,0
174354,0
134365,0
376170,0
153251,0
279276,0
230944,0
330370,0
297866,0
145296,0
271921,0
41180,0
198262,0
58694,0
379964,0
114267,0
60827,0
277558,0
182072,0
394373,0
195294,0
50098,0
311794,0
313901,0
309885,0
98926,0
46245,0
395580,0
370990,0
185540,0
129013,0
226709,0
386876,0
294814,0
309612,0
245390,0
154998,0
314065,0
276441,0
125043,0
210996,0
230278,0
289898,0
76546,0
379359,0
381463,0
243369,0
320321,0
130787,0
359550,0
270828,0
194742,0
49525,0
214672,0
343472,0
99016,0
331692,0
285363,0
376064,0
211763,0
273978,0
354460,0
196426,0
322106,0
107046,0
308469,0
377939,0
333572,0
156183,0
281036,0
113575,0
313457,0
199514,0
41113,0
320751,0
187767,0
385911,0
116981,0
207707,0
88242,0
141758,0
241334,0
116539,0
44979,0
148050,0
318739,0
218380,0
282632,0
144049,0
45034,0
128291,0
283423,0
166763,0
297677,0
195104,0
324963,0
278610,0
270407,0
66026,1
11589,0
101612,0
365142,0
232199,0
131472,0
209149,0
60284,0
111745,0
370997,0
315125,0
268396,0
237591,0
30558,0
24970,0
60767,0
134729,0
247993,0
103089,0
387837,0
67521,0
44377,0
347262,0
272051,0
97988,0
17645,0
99411,0
15645,0
14255,0
245597,0
260701,0
391147,0
87475,0
206797,0
138560,0
82141,0
284908,0
9656,0
193703,0
175460,0
6414,0
53883,0
217924,0
366041,0
220325,0
201732,0
202145,0
57458,0
21669,0
160275,0
205135,0
362295,0
236458,0
178491,0
47818,0
270348,0
74843,0
379998,0
30188,0
332710,0
22277,0
43106,0
259765,0
331710,0
168922,0
228126,0
302070,0
302672,0
118779,0
305547,0
344403,0
328932,0
216741,0
132321,0
18822,0
4296,0
270953,0
246021,0
377078,0
265567,0
352674,0
381339,0
204342,0
236300,0
23210,0
13687,0
314594,0
187680,0
345261,0
187363,0
209809,0
11369,0
224791,0
224555,0
136839,0
249083,0
215184,0
377105,0
349407,0
114595,0
183346,0
169978,0
204466,0
328851,0
165455,0
184017,0
362016,0
265715,0
308145,0
76534,0
270266,0
277045,0
194968,0
335883,0
175837,0
362230,0
184328,0
222757,0
105141,0
126135,0
215216,0
252285,0
314513,0
65974,0
64606,0
297319,0
189663,0
28744,0
395008,0
221511,1
168729,0
228079,0
363385,0
198366,0
15925,0
78769,0
375048,0
243824,0
130692,0
5387,0
299842,0
277406,0
383444,0
63374,0
152249,0
196990,0
326472,0
327654,0
142383,0
210056,0
97355,0
276639,0
356153,0
41324,0
388416,0
232196,0
260248,0
179463,0
39129,0
175237,0
122169,0
10055,0
176202,0
193315,0
70713,0
267467,0
272089,0
177461,0
25245,0
48550,0
79225,0
389624,0
382612,0
61081,0
187427,0
61190,0
111037,0
197692,0
89941,0
168948,0
149135,0
41716,0
356408,0
393466,0
14500,0
337813,0
115329,0
370237,0
142040,0
75105,0
363903,0
141304,1
318589,0
93086,0
145937,0
172090,0
280883,0
367496,0
126430,0
52214,1
118932,0
21378,0
240131,0
262021,0
128754,0
92243,0
241242,0
192779,0
54604,0
337892,0
2784,0
30640,0
74350,0
203350,0
98272,0
128290,0
391118,0
237059,0
323867,0
72243,0
292062,0
94295,0
386780,0
204197,0
374643,0
218223,0
121772,0
309942,0
157343,0
205890,0
143977,0
257020,0
165781,0
175653,0
153229,0
6023,0
211623,0
225886,0
277264,0
259404,0
347149,0
274446,0
213508,0
234320,0
163660,0
140511,0
216525,0
317856,0
49604,0
103935,0
91983,0
214736,0
57780,0
341302,0
317351,0
274154,0
165856,0
308745,0
142906,0
233501,0
61425,0
211824,0
23168,0
276585,0
272761,0
178014,0
290014,0
360426,0
27643,0
99730,0
184230,0
348535,0
260109,0
280624,0
129173,0
120759,0
203512,0
331859,0
178215,0
372527,0
103825,0
197335,0
97328,0
70699,0
145038,0
297046,0
254828,0
10452,0
145934,0
147407,0
323784,0
248865,0
108718,0
297837,0
70492,0
189445,0
293914,0
231964,0
317293,0
168886,1
77641,0
68216,0
316244,0
188417,0
377140,0
296469,0
321096,0
48444,0
140095,0
190970,0
353616,0
305274,0
52674,0
87363,1
294514,0
73086,0
61985,0
55840,0
3258,0
349261,0
169360,0
109315,0
139360,0
261174,0
365347,0
144584,0
355019,0
282399,0
99446,0
107414,0
214911,0
204750,0
59703,0
240738,0
194468,0
240704,0
242881,0
164857,0
100125,0
243007,0
339969,0
366814,0
394839,0
363283,0
127497,0
375078,0
150246,0
8645,0
322806,0
234550,0
242818,0
141054,0
225570,0
363997,0
354969,0
346211,0
136448,0
189041,0
327037,0
135012,0
297711,0
258193,0
8458,0
206792,0
208227,0
4037,0
381767,0
80681,1
90092,0
279253,0
299819,0
330546,0
186737,0
374809,0
78303,0
35162,0
221099,0
34694,0
148829,0
351053,0
179563,0
311893,0
297382,0
80906,0
348519,0
204238,0
107208,0
191821,0
223655,0
390797,0
387923,0
317482,0
44247,0
43894,0
31396,0
166232,0
222017,0
47116,0
173669,0
108052,0
377933,0
327979,0
299641,0
209126,0
139390,0
245465,0
243637,0
303133,0
100504,0
295810,0
125435,0
382784,0
132588,0
233472,0
388065,0
302239,0
24145,1
143135,0
390620,0
239552,0
214824,0
145157,0
351560,0
61631,0
192259,0
327444,0
242423,0
192404,0
305865,1
272866,0
340370,0
39372,0
117650,0
365883,0
48738,0
50881,0
59432,0
369802,0
69890,0
264140,0
152944,0
151350,0
346713,0
141559,0
79550,0
314927,0
112462,0
6247,1
326923,0
348842,0
244319,0
51373,0
270795,0
148796,0
244015,0
288736,0
382891,0
175449,0
35711,0
78260,0
341322,0
126392,0
113275,0
335111,0
48741,0
252754,0
69295,0
357952,0
284602,0
148096,0
150193,0
304987,0
48434,0
239968,0
275291,0
385753,0
13074,0
138839,0
199428,0
255231,0
251494,0
332581,0
162997,0
143363,0
337446,0
324112,0
243923,0
225650,0
314730,0
277483,0
178547,0
50418,0
217497,0
298263,0
79779,0
211686,0
350323,0
112360,0
359735,0
276827,0
328188,0
332939,0
229536,0
157168,0
365878,0
50809,0
315550,0
171022,0
347065,0
285747,0
383290,0
323708,0
92404,0
344204,0
8193,0
32636,0
175733,0
166984,0
300936,0
337341,0
241960,0
1196,0
239685,1
13371,0
284321,0
167307,0
166903,0
163958,0
192099,0
246677,0
202729,0
188174,0
73273,0
80586,0
37462,0
93269,0
99612,0
149160,0
78768,0
352231,0
212181,0
4246,0
43953,0
371502,0
384687,0
306419,0
248898,0
352030,0
130287,0
382454,0
273961,0
327125,0
34491,0
235898,0
103633,0
60490,0
117930,0
241352,0
359178,0
104448,0
384341,0
379830,1
141070,0
34158,0
140791,0
112928,0
285772,0
203793,0
349475,0
166669,0
263620,0
148289,0
322049,0
94151,0
2038,0
184830,0
124765,0
276066,0
182244,0
82905,0
221416,0
386737,0
292580,0
113005,0
370232,0
317812,0
206305,0
106245,0
210359,0
51225,0
322736,0
191432,0
334708,0
349029,0
329056,0
378723,0
59754,0
392297,0
103862,0
323699,0
113855,0
242987,0
156069,0
4978,0
247524,0
303421,0
347951,0
97061,0
310282,0
346999,0
29670,0
124331,0
6991,0
102159,0
143841,0
390251,1
329969,0
153727,0
123805,0
218422,0
359798,0
62470,0
223561,0
49278,0
237764,0
40681,0
194789,0
219873,0
392685,0
236501,0
244025,0
118870,0
321586,0
341368,0
367325,0
375710,1
150108,0
142782,0
53595,0
271797,0
365271,0
166280,0
287365,0
93664,0
362522,0
312235,0
157123,0
118646,0
305333,0
314311,0
381378,0
132792,0
107508,0
113942,0
230052,0
111253,0
185699,0
123456,0
384457,0
258136,0
75474,0
66220,0
75207,0
304980,0
75237,0
280289,0
189740,0
209117,0
120544,0
123984,0
375487,0
242559,0
97311,0
361428,0
5974,0
239434,0
74700,0
199931,0
9803,0
291603,0
162897,0
46742,0
166223,0
108390,0
336556,0
173112,0
139981,0
160671,0
261071,0
267055,0
308917,0
260116,0
88015,0
293489,0
24228,0
187647,0
198511,1
247207,0
378357,0
329108,0
332262,0
39222,0
281713,0
58798,0
363932,0
11563,0
63691,0
211388,0
273907,0
75951,0
281131,0
266023,0
229883,0
373878,0
105225,0
236741,0
198584,0
198213,0
332442,0
265973,0
271596,0
133579,0
48082,0
357715,0
173877,0
331753,0
220160,0
41410,0
30048,0
111681,0
282662,0
277470,0
351274,0
126952,0
58598,0
180003,0
2981,0
71781,0
100260,0
317714,0
313412,0
177510,0
251465,0
358257,0
384376,0
248217,0
357871,0
387500,0
202845,0
92336,0
230114,0
74781,0
139918,0
168555,0
281931,0
187025,0
5101,0
340622,0
91565,0
96072,0
203822,0
191110,0
339235,0
18450,0
116419,0
63364,0
148036,0
116673,0
233470,0
74710,0
312950,0
86952,0
144349,0
291698,1
274848,0
206210,1
109244,0
171567,0
150955,0
282071,1
333397,0
326043,0
218664,1
305516,0
227499,1
205685,0
391543,0
41539,0
122510,0
227174,0
19294,0
184375,0
2129,0
277930,0
20614,0
3622,0
241582,0
354976,0
251448,0
383093,0
37189,0
154737,0
206873,0
379344,0
204233,0
289808,0
311267,1
63750,0
35850,0
158502,0
142883,0
349312,0
326691,0
185162,0
11204,0
261070,0
176588,0
196167,0
344071,0
65843,0
225022,0
147071,0
85681,0
286287,0
95957,0
244865,0
52829,0
395527,0
22741,0
16507,0
334121,0
299813,0
148936,0
229584,0
226261,0
319386,0
39617,0
201149,0
170268,0
141336,0
220169,1
151194,0
99480,0
182894,0
177899,0
33807,0
327371,0
271262,0
143437,0
291453,0
382433,0
20812,0
256698,0
171255,0
321852,0
281167,0
265484,0
337198,0
201275,0
318537,0
18302,0
266495,0
161470,0
3897,0
70280,0
101025,0
274983,1
326446,0
267275,0
387838,0
359245,0
25797,0
207839,0
281545,0
130495,0
326900,0
152907,0
38140,0
241922,0
172516,0
329317,0
257936,0
15259,0
180662,0
392674,0
388831,0
394986,0
372945,0
324177,0
235384,0
144493,0
241458,0
314723,0
201309,0
24356,0
216654,0
205983,0
193482,0
112512,0
249832,0
229645,0
65298,0
207876,0
378901,0
113287,0
242393,0
109908,0
121280,0
122969,0
344983,0
29509,0
229084,0
363814,0
162239,0
188854,0
209302,0
82700,0
23064,0
333887,0
2091,0
77565,0
4001,0
252336,0
205934,0
367183,0
88489,0
369748,0
279611,0
30084,0
144433,0
289760,0
112591,0
35100,0
125930,0
108693,0
186022,0
306762,0
300182,0
297071,0
53170,0
108404,0
213702,0
72685,0
13610,0
174424,0
278913,0
309206,0
263199,0
281630,0
276538,0
26154,0
313244,0
347169,0
124851,0
228208,0
109387,0
1751,0
185962,0
292900,0
89112,0
48373,0
340112,0
135075,0
277878,1
323715,0
30050,0
186557,0
384220,0
140327,0
276318,0
270844,0
24094,0
51671,0
367384,0
147274,0
350565,0
56903,0
148724,0
80368,0
184554,0
277957,0
145858,0
303570,0
385350,0
386293,0
114373,1
75991,0
159140,0
235574,0
296586,0
311405,0
333300,0
286117,0
217496,0
18908,0
44421,0
190919,0
206910,0
387407,0
186062,0
209936,0
293460,0
69545,0
176083,0
262431,0
211615,0
55149,0
43618,0
173638,0
39071,0
158393,0
116156,0
46276,0
331289,0
124874,0
84849,0
256757,0
255607,0
278271,0
255423,0
358743,0
63907,0
278246,0
39174,1
377746,0
36678,0
151101,0
358824,0
223251,0
256842,0
256055,0
122839,0
178228,0
349546,0
310707,0
121420,0
239001,0
3787,0
56708,0
310951,0
23898,0
363960,0
348137,1
221018,1
211183,0
23761,0
387195,1
273531,0
202858,0
68039,0
103453,0
165800,0
193404,1
349720,0
44788,0
66752,0
159016,0
15776,0
176479,0
321497,0
98556,0
130596,0
324560,0
376240,0
18733,0
179825,0
196995,0
77829,0
83221,0
254421,0
49021,0
232537,0
294732,0
369003,0
191597,0
221980,0
164210,0
339579,0
332488,0
77941,0
14408,1
82086,0
296607,0
234020,0
249147,0
13403,0
300570,0
54167,0
202896,0
198042,0
295175,0
172167,1
145981,0
200763,0
31976,0
65483,0
361540,0
312847,0
382180,0
63505,1
37355,0
39863,0
86786,0
218714,0
348800,0
185565,0
96743,0
98629,0
147861,0
310414,0
106281,0
14941,0
160657,0
182357,0
15036,0
359430,0
177975,0
101241,0
72434,0
283086,0
226589,0
318003,0
80106,0
203435,0
115677,0
124083,0
394911,0
178286,0
323902,0
330883,0
157421,0
61850,0
303144,0
191194,0
32755,0
387054,0
332685,0
53531,0
61336,0
252365,0
162450,0
146210,0
208159,1
246679,0
315701,0
223248,0
143773,0
82153,1
304559,0
225601,0
328808,0
152694,1
131262,0
103378,1
281939,0
109952,0
267957,0
10589,0
167302,0
305629,0
316911,0
73402,0
360597,0
202554,0
372768,0
145887,0
86845,0
332543,0
112861,0
47499,0
86630,0
244231,0
18291,0
141938,0
193410,0
361366,0
345832,0
260856,0
176383,0
286272,0
171527,0
349193,0
138124,0
106442,0
254165,0
323989,0
23456,0
96275,0
238842,0
270064,0
109827,0
165081,0
248310,0
216269,0
216926,0
228282,0
314295,0
182019,1
232027,0
148937,0
350771,0
97970,0
242213,1
339663,0
155447,0
297914,0
188832,0
386087,0
131228,0
238771,0
77960,0
85492,0
272370,0
311942,0
315167,0
370903,0
32348,0
384245,0
306301,0
69682,0
145326,0
194322,0
381575,0
167060,0
314691,0
288172,0
246822,0
235784,0
267330,0
349774,0
251321,1
322040,0
180452,0
369943,0
284280,0
15493,0
273441,0
154307,0
15598,0
68942,0
283782,0
62433,0
112475,0
32090,0
362329,0
175125,0
271313,0
133267,0
187056,0
237031,0
331979,0
270121,0
321062,0
211454,0
390994,0
251647,0
247239,0
25516,0
98977,0
224706,0
122708,0
143444,0
178578,0
98067,0
367079,0
285200,0
183776,0
213272,0
355980,0
209817,0
290229,0
279946,0
273996,1
218871,0
332477,0
17146,0
250248,0
130739,0
376520,0
212708,0
35479,0
137890,0
28320,0
273543,0
23938,0
15678,0
293843,0
179982,0
2674,0
248345,0
258706,0
201078,0
312583,0
312023,0
350824,0
176187,0
323996,0
103891,0
208992,0
267557,0
127505,0
176164,0
344769,0
78467,0
148319,0
223681,0
215806,0
60894,0
102371,0
189872,0
313784,0
71810,0
116133,0
186393,0
159175,0
214027,0
39640,0
190020,0
37366,0
363837,0
114435,0
296460,0
249529,0
199078,0
204506,0
268089,0
99734,0
33931,0
239457,0
376603,0
119048,0
217523,0
197752,0
281352,0
389633,0
188986,0
189743,0
306920,0
20420,0
64986,0
391967,0
389049,0
344006,0
78850,0
358291,0
316831,0
127437,0
89135,0
222349,0
335189,0
134441,0
75436,0
348124,0
244493,0
69140,0
387700,0
8427,0
131672,0
393474,0
235722,0
290616,0
161358,0
395222,0
312469,1
17549,0
155463,0
13042,0
354633,0
294986,0
371524,0
85641,0
368597,0
102269,0
246518,0
328530,0
259059,0
291548,0
35105,0
190646,0
6739,1
347757,0
31328,0
363245,0
245467,0
164431,1
67516,0
60929,0
382815,0
394772,0
391128,0
141122,0
254462,0
157429,0
48395,0
154994,0
88457,0
237749,0
305470,0
55790,0
184363,0
294479,0
59452,0
281822,0
61446,0
284851,0
30070,0
183908,0
159383,0
329222,0
94893,0
301544,0
55496,0
70834,0
300758,0
72803,0
192420,0
241285,0
369084,0
138478,0
350626,0
110392,0
18515,0
229911,0
162823,0
272980,0
191185,0
205129,0
141434,0
193381,0
233952,0
89211,0
148182,0
80282,0
144046,0
4065,0
163656,0
304386,0
86868,0
84174,0
303618,0
281202,0
315427,0
183913,1
224925,0
209543,0
333815,0
36145,0
294676,0
110386,0
141260,0
212385,0
264314,0
100878,0
141877,0
240996,0
256448,0
126270,0
129986,0
280562,0
101012,0
145265,0
180826,0
315842,0
275661,0
10595,0
168694,0
11177,0
148230,0
64921,0
161280,1
70831,0
235002,0
376594,0
303443,0
203507,0
48378,0
344062,0
84790,0
317044,0
247787,0
380807,0
188552,0
219312,0
311766,0
50391,0
230430,0
283037,0
150361,0
28370,0
125433,0
232071,0
340527,0
372552,0
344044,0
152520,0
334176,0
136263,0
144083,1
53840,0
314886,0
395414,0
313093,0
158321,0
262415,0
274634,0
310670,0
278670,0
332318,0
38507,0
153800,0
13132,0
363703,0
135128,0
303188,0
256563,0
12960,0
342828,0
92489,0
206689,0
24039,0
267229,0
283975,0
112072,0
146004,0
264918,0
122851,0
333327,0
192915,0
141901,0
276989,0
284702,0
225533,0
297582,0
76364,0
367999,0
244372,0
266024,0
47069,0
225857,0
114351,0
34289,0
263816,0
206204,0
308300,0
198694,0
194721,0
335932,0
78054,0
145800,0
348580,0
174553,0
295329,0
37185,0
298904,0
110539,0
365692,0
70542,0
222339,0
226899,0
19034,0
308150,0
269602,0
278726,0
102517,0
230577,0
254743,0
316981,0
339748,0
123272,0
21805,0
86362,0
34172,0
157917,1
237840,0
367202,0
363067,0
195067,0
64327,0
383607,0
118578,0
170719,0
20306,0
374600,0
154391,0
204474,0
290241,0
387173,0
115763,0
14763,0
166568,0
95502,0
50342,0
260240,0
391442,0
366365,0
126162,0
113224,0
374121,0
157662,0
75358,0
233217,0
159686,0
88521,0
90716,0
368439,0
118696,0
276297,0
138339,0
350348,0
274421,0
217614,0
322974,0
374394,0
243128,0
190153,0
266374,0
35204,0
367773,0
313538,0
119521,0
48799,0
76384,0
251166,0
235198,0
73276,0
87584,0
215093,0
41257,0
68673,0
11485,0
303800,0
229619,0
204874,0
91122,0
145110,0
229808,0
122224,0
147276,0
393150,0
203186,0
109383,0
35294,0
392412,0
297152,0
357228,0
288175,0
190194,0
100283,0
356706,0
70008,0
21054,0
382425,0
138688,0
33827,0
50213,0
237385,0
234136,0
272350,0
339658,0
164717,0
317739,0
346445,0
66281,0
35402,0
23098,0
199079,0
33145,0
177058,0
284817,0
371485,0
227443,0
381699,0
284224,0
87657,0
150937,0
359983,0
288891,0
283800,0
237453,0
52315,0
156592,0
252347,0
48861,0
174062,0
249922,0
390236,0
263924,0
386750,0
41862,0
301720,0
46929,0
162191,0
370170,0
61770,0
116429,0
295219,0
373503,0
316767,0
308246,0
267387,0
22627,0
385964,0
43092,0
114756,0
320218,0
286583,0
129413,0
270047,0
292602,0
151447,0
180790,0
287465,0
148376,0
179559,0
313364,0
339198,0
161401,0
361198,0
328500,0
55142,0
130705,0
366716,0
248631,0
26026,0
142920,0
372564,0
374794,0
278294,0
178641,0
177326,0
200356,0
196144,0
187653,0
278213,0
151997,0
199779,0
12177,0
370644,0
385177,0
114486,0
366096,0
321781,0
358445,0
131376,0
176176,0
4444,0
191738,0
376675,0
34991,0
269878,0
331039,0
271114,0
17462,0
93065,0
143707,0
2155,0
88959,0
161437,0
369819,0
140630,0
323284,0
395233,0
280274,0
52452,0
288780,0
173307,0
117864,0
337474,0
368591,0
88239,0
135111,0
67632,0
299847,0
19115,0
313018,0
10100,0
180581,0
342560,0
18679,0
361395,0
77905,0
299618,0
82009,0
145522,0
144710,0
267908,0
271008,0
192729,0
359836,0
165162,0
390761,0
262668,0
16551,0
280293,0
301468,0
71286,1
265367,0
361029,0
218767,0
184292,0
241241,0
295031,0
372157,0
316870,0
142675,0
268131,0
285558,0
385455,0
35159,0
86446,1
222325,0
280700,0
184960,0
91576,0
142799,0
356214,0
67663,0
379164,0
195136,0
322861,0
12610,0
219948,0
211062,0
51469,0
105553,0
288237,0
85687,0
196905,0
336262,0
327168,0
375297,0
1941,0
341483,0
2737,0
80949,0
320897,0
352070,0
138735,0
360454,0
310759,0
325488,0
42521,0
265014,0
62464,0
43024,0
5495,0
250900,0
393318,0
29444,0
9131,0
391871,0
83588,0
185038,0
19626,0
275919,0
341462,0
328939,0
299615,0
170226,0
30823,0
294198,0
243013,0
52722,0
256505,0
295865,0
189650,0
79289,0
362286,0
141710,0
219585,0
307760,0
194905,0
118611,0
331175,0
14098,0
264944,0
358557,0
306670,0
357757,0
4696,1
8749,0
143264,0
269967,0
360470,0
16440,0
257829,0
145780,0
373763,0
84972,0
208710,0
145178,0
200537,0
390443,0
43975,0
375390,0
219020,1
334150,0
140212,0
355269,0
127858,0
205063,0
366259,0
267794,0
299419,0
120667,0
8348,0
288553,0
200007,0
361454,0
378000,0
110188,0
185662,0
168786,0
25702,0
141772,0
344136,0
9786,0
124491,0
76842,0
193263,0
305275,0
394922,0
7423,1
211559,0
238662,0
42027,0
200470,0
304961,0
297280,0
75640,0
392717,0
2798,0
232795,0
395872,0
229167,0
163331,0
223402,0
101431,0
190710,0
373370,0
221843,0
9314,0
72949,0
228913,0
87687,0
64196,0
334762,0
59399,0
111878,0
382243,0
16554,0
255264,0
250286,0
185156,0
177680,0
36713,0
223998,0
363252,0
112905,0
380515,0
330750,0
351481,0
198907,0
22643,0
58141,0
381485,0
228165,0
300343,0
152511,0
357923,0
67512,1
308088,0
198566,0
93403,0
173134,0
266157,0
195556,0
186272,0
11941,0
17019,0
321659,0
343786,0
20472,0
199145,0
212663,0
294078,0
372162,0
75081,0
278064,0
305206,0
75926,0
166610,0
178496,0
369789,0
130763,0
85509,0
116937,0
205111,0
205863,0
166858,0
96776,0
386768,0
335017,0
169051,0
309166,0
60605,0
262039,0
111569,0
344794,0
319241,0
276784,0
58570,0
219358,0
223837,0
315282,0
249440,0
292337,0
119996,0
329097,1
114417,0
339973,0
281832,0
257374,0
359181,0
313928,0
73340,0
251840,0
289008,0
246984,0
305183,0
256233,0
329285,0
194603,0
361439,0
356997,1
360606,0
385824,0
177585,0
116587,0
395859,0
288743,0
255923,1
289755,0
345538,0
173475,0
111606,0
177404,0
311726,1
25152,0
246602,0
267660,0
146668,0
242617,0
206172,0
324037,0
212031,0
341520,0
220773,0
214143,0
251829,0
246624,0
303080,0
16087,0
220553,0
122216,0
188732,0
169055,0
85110,0
46949,0
308387,0
72431,0
257724,0
125477,0
330503,1
95071,0
135760,0
225171,0
190758,0
367462,0
130473,0
79731,0
283991,0
266517,0
395368,0
381765,0
137422,0
259923,0
100837,0
230830,0
41723,0
370625,0
356464,0
6814,0
337625,0
213625,0
183770,0
154020,0
329814,0
181721,0
167100,0
329582,0
374618,0
186561,0
221686,0
40056,0
206288,0
375307,0
52579,0
109174,0
218202,0
196257,0
125896,0
287205,0
16530,0
368477,0
199850,0
220452,0
241351,0
117868,0
353696,0
120525,0
246158,0
93610,0
269142,0
208795,0
12149,0
159047,0
175961,0
23189,0
53542,0
379491,0
153494,0
323411,0
348338,0
348565,1
325406,0
119123,0
384866,0
268719,0
255940,0
374350,0
253821,0
178406,0
297073,0
265822,0
261687,0
392345,0
166045,0
51879,0
283132,0
270598,0
337617,0
1390,0
189584,0
234124,0
59847,0
306822,0
98550,0
273596,0
264112,0
223773,0
236113,0
81956,0
246210,0
153072,0
365207,0
59016,0
78232,0
255417,0
33982,0
126796,0
177732,0
193857,0
215117,0
15768,0
309440,0
120100,0
338345,0
307872,0
17796,1
179905,0
343742,0
89452,0
308274,0
309216,0
238155,0
340209,0
4128,0
50347,0
287162,0
26210,0
325639,0
219729,0
297137,0
95819,0
299111,0
83902,0
309410,0
372718,0
281008,1
357183,0
232949,0
134289,0
378169,0
115928,0
130915,0
22799,0
371141,0
202035,0
118035,0
335475,0
25063,0
2061,0
374137,0
383850,0
133805,0
313061,0
8622,0
18490,0
220419,0
34676,0
51428,0
51043,0
150817,0
74144,0
347147,0
304883,0
107984,0
340811,0
334204,0
278901,0
8309,0
264704,0
82655,0
332220,0
270603,0
236527,0
133576,0
268491,0
260448,0
299221,0
389340,0
156843,0
276973,0
94687,0
202651,0
278000,0
186410,0
164820,0
197299,1
75289,0
206902,0
347435,0
84510,0
35620,0
207003,0
245017,0
68238,0
69672,0
331566,0
141833,0
380120,0
255341,0
192521,0
1356,0
349905,0
279046,0
392634,0
220351,0
248168,0
31610,0
214031,0
191037,0
61499,0
41402,0
314114,0
166200,0
352378,0
145246,0
302565,0
99996,0
265048,0
292907,0
166043,0
260420,0
28648,0
227017,0
320728,1
380225,0
368443,0
323898,0
115382,0
393778,0
91613,0
299553,0
211410,0
148431,0
368587,0
41459,0
85725,0
260626,0
298847,0
288895,0
5920,0
159151,0
216880,0
325148,0
182400,0
255114,0
341491,1
26369,0
7833,0
152791,0
2549,0
61726,0
232077,0
341382,0
212425,0
146290,0
119902,0
156573,0
160070,0
304627,0
200854,0
325714,0
273904,0
149840,0
201883,0
144512,0
256752,0
325109,0
221996,0
192576,0
9630,0
126361,0
303455,0
372327,0
338957,0
357453,0
208897,0
123606,0
278660,0
389519,0
21007,0
145385,0
218238,0
142546,0
24084,1
25527,0
145517,0
253245,0
380584,0
45476,0
195775,0
138395,0
216111,0
65024,0
72470,0
88554,0
355965,0
212137,0
18396,0
201446,0
251876,0
32592,0
285628,0
386559,0
80928,0
40886,0
12348,0
128554,0
216325,0
8061,0
247864,0
173764,0
374653,0
304173,0
132686,0
171305,0
28715,0
173867,0
313295,1
45245,0
168408,0
116895,0
291331,0
284018,0
153495,0
71134,0
75377,0
66519,0
206283,0
133416,0
254252,0
232646,0
75653,0
271868,1
229468,0
76258,0
107188,0
46099,0
311068,0
149115,0
316345,0
307935,0
245171,0
197528,0
194223,0
242065,0
245210,0
338075,0
304621,0
375223,0
142902,0
296705,0
108332,0
219172,0
18137,0
386875,0
97492,0
69470,0
311755,0
317544,0
166837,0
67128,1
262809,0
238000,0
44585,0
5860,0
272079,0
249325,0
223850,0
273872,0
156501,1
179911,0
73088,0
211745,0
632,0
218644,0
351616,1
239667,0
125014,1
163990,0
242742,0
97074,0
158897,0
296645,0
28469,0
230418,0
263239,0
376488,0
104330,0
324129,0
70637,0
52799,0
366261,0
131079,0
148954,0
33828,1
156203,0
319970,0
248773,0
261544,0
207401,0
88718,0
312092,0
268221,0
264529,0
38511,0
84895,0
392529,0
263521,0
76033,0
31387,0
202538,0
7044,0
243131,0
46480,0
31068,0
353439,0
259045,0
99805,0
95739,0
95615,0
330543,0
232906,0
276864,0
371720,0
69211,0
113679,0
312772,0
237523,0
135616,0
184694,0
389771,0
40595,0
145873,0
230671,0
188460,0
280399,0
332129,0
375846,0
201627,0
189773,0
99070,0
196857,0
227178,0
7976,0
217781,0
92624,0
255406,0
349854,0
191248,0
133827,0
200857,0
297051,0
305394,0
362805,0
196980,0
167772,0
362115,0
247542,0
59591,0
191220,0
345346,0
360980,0
136430,0
2660,0
144091,0
139135,0
326906,0
306806,0
388848,0
351020,0
135339,1
54091,0
395884,0
236402,0
52177,0
308832,0
174193,0
217462,0
174603,0
26475,0
186913,0
58591,0
125279,0
284437,0
165227,0
75398,0
350025,0
62804,0
30790,0
388455,0
27505,0
138760,0
305873,1
55533,0
75733,0
311302,0
19382,0
223556,0
8758,0
345290,0
127704,0
293205,0
251247,0
37449,0
137154,0
134130,0
199235,0
59450,0
255458,0
222768,0
213990,0
377198,0
304414,0
209856,0
196502,1
60230,0
346227,0
216198,0
151686,0
305224,0
295504,0
276106,0
105188,0
55986,0
319873,0
203701,0
269592,0
171307,1
305918,0
126142,0
51973,0
371740,0
313091,0
329030,0
114447,0
59671,0
309454,0
389125,0
338622,0
328036,0
183329,0
184005,1
184261,0
165603,0
312573,0
269356,0
256135,0
91788,0
324532,0
197545,0
232446,0
213192,0
32414,0
196038,0
85869,0
116649,0
167541,0
199246,0
37142,0
239596,0
203237,0
91938,0
288550,0
137356,0
4322,0
30682,0
333865,0
279249,0
18812,0
327611,0
96686,0
34819,0
25681,0
39177,0
274193,0
370176,0
187835,0
285291,0
238703,0
50239,0
331913,0
278196,0
205428,0
334663,1
176580,0
333861,0
271142,0
376798,0
119866,0
41080,1
72955,0
180183,0
71756,0
258809,0
375689,0
60054,0
262242,0
372729,0
74692,0
199349,0
348916,0
191216,0
217735,1
256647,0
156187,0
138936,0
395582,0
309552,1
352678,0
31705,0
150972,0
345169,0
395487,0
118093,0
287563,0
257652,0
344734,0
300857,0
8710,0
31162,0
60915,0
336550,0
353779,0
379507,0
360876,0
223109,0
260161,0
197975,0
119116,0
25317,0
350938,0
314166,0
169877,0
146619,0
60465,0
279266,0
302126,0
11012,0
135967,0
71171,0
78767,0
207213,0
276196,0
347401,0
150213,0
355362,0
32929,0
99314,0
37127,0
235453,0
147273,0
133429,0
69148,0
357996,0
216314,0
330357,0
158834,0
216277,0
226493,0
302208,0
337916,0
206236,0
48837,0
367086,0
156337,0
378424,0
198968,0
223312,0
377163,0
348219,0
184578,0
164096,0
43530,0
367241,0
298466,0
309840,0
151423,0
121652,0
288396,0
202731,0
110450,0
85708,0
268059,0
45287,0
12981,0
220009,0
33976,0
66320,0
375572,0
66842,0
112638,0
395822,0
262288,0
394879,0
150216,0
739,0
342919,0
23763,0
391861,0
166806,0
213492,0
77029,0
192284,0
30210,0
242733,0
107770,0
138490,0
315337,0
327084,0
53903,0
300285,0
38043,0
165574,0
383050,0
164576,0
97118,0
168884,0
70173,0
313326,0
207427,0
22302,0
266480,0
110821,1
122233,0
69330,0
222522,0
148666,0
54977,0
376000,0
217419,0
338007,0
333116,0
83025,0
99080,0
88916,1
193125,0
184445,0
354296,0
144535,0
141830,0
54018,0
218291,0
336068,0
80136,0
321636,0
392753,0
111554,0
46633,0
235493,0
46872,0
99174,0
317178,0
143983,0
302800,0
245016,0
51811,0
291608,0
158731,0
144466,0
351698,0
109623,0
148556,0
382034,0
144192,0
390863,0
324454,0
337958,0
149052,1
184636,0
77934,0
221870,0
16683,0
36667,0
290184,0
322380,1
217992,0
42996,0
67225,0
327126,0
259473,0
99306,0
79902,0
315654,0
116467,1
305471,0
367290,0
24717,1
113887,0
305387,0
107922,0
242029,0
78134,0
206757,0
269668,0
105536,0
322028,0
24024,0
208290,0
200242,0
166949,0
44343,1
330201,0
313049,0
258663,0
123146,0
30452,0
135476,0
390035,0
195453,0
331683,0
174979,0
68038,0
29,0
192325,0
328576,0
370528,0
23108,0
370020,0
394213,1
199634,0
338353,0
343624,0
337491,0
380811,0
253268,0
120099,0
131489,0
170683,0
1059,0
273537,0
36177,0
25597,0
259029,0
44303,0
230375,0
32917,0
106296,0
281711,0
73851,0
147687,0
119825,0
110135,0
4558,0
390654,0
8728,0
59574,0
71909,0
23121,0
52042,0
31867,0
289554,0
134671,0
258672,0
131948,0
145128,0
349134,1
227915,1
204452,0
94473,0
259317,0
64091,0
252532,0
225181,0
201228,0
294293,0
329451,0
326579,0
291193,0
364881,0
67599,0
386342,1
387776,0
81843,0
112009,0
151064,0
159590,0
50557,0
284380,0
142457,0
242205,0
190859,0
254152,0
347173,0
248514,0
124283,0
137098,0
365625,0
357117,0
145182,0
165601,0
325605,0
325746,0
184845,0
106188,0
289171,0
89994,0
216528,0
227660,0
220956,0
97346,0
297471,0
190492,0
20867,0
2814,0
381754,0
100718,0
174401,0
309684,0
225053,0
320841,1
261236,0
306862,0
48112,0
118183,0
32725,0
201137,0
103052,0
346430,0
50231,0
232459,0
287731,0
266268,0
289471,0
279740,0
182181,0
356418,0
206531,0
248365,0
304366,0
56317,0
65492,0
146786,0
311344,0
275424,0
214311,0
211082,0
89200,0
176241,0
324695,0
71475,0
365052,0
50734,0
207453,0
56896,0
217400,0
278318,0
352230,0
394506,0
131222,0
234533,0
93743,0
199248,0
188423,0
179928,1
66435,0
67445,0
129581,0
162790,0
328916,0
360751,0
144659,0
48511,0
372117,0
295592,0
392406,0
172779,0
327787,0
37304,0
159375,1
48436,1
202111,0
147348,1
365930,0
275431,0
228552,0
330158,0
208160,0
60021,0
148387,0
235164,0
279219,0
11772,0
379401,0
133515,0
306299,0
179423,1
15509,0
388729,0
297925,0
183365,0
228015,0
363355,0
385540,0
170161,0
212414,0
230039,0
49482,0
164847,1
295126,0
209404,0
68635,0
20580,0
235680,0
102790,1
74875,0
112804,0
284019,0
159363,0
194374,0
263716,1
373553,0
249262,0
64565,0
158416,0
15268,0
301330,0
270621,0
162878,0
361186,0
330114,0
30685,0
236498,0
216244,0
395139,0
15775,0
29382,0
48020,0
276858,0
306642,0
123915,0
242783,0
197536,0
392167,0
101666,0
314455,0
79773,0
194481,0
361525,0
40977,0
37125,0
44510,0
118215,0
25550,0
97912,0
24916,0
290034,0
319505,0
6495,0
219955,0
285150,0
319462,0
25779,0
137101,0
255513,1
243767,0
225460,0
150766,0
45532,0
266051,0
98473,0
300664,0
50033,0
384812,0
359280,0
96312,0
274220,0
226817,0
316422,0
132540,0
102478,0
84486,0
179927,0
60425,0
145850,0
237936,0
204366,0
106394,0
261620,0
154461,0
331545,0
68885,0
357652,0
52563,0
110098,0
34507,0
124147,0
115555,0
113132,0
275174,0
319491,0
68719,0
2443,0
93849,0
108049,0
304006,0
122524,0
85512,0
87933,0
170431,0
356561,0
213869,0
182890,0
332699,0
79840,0
233906,0
291514,0
286427,0
184699,0
271125,0
384841,0
242708,0
95732,0
123971,0
218012,0
112185,0
138797,0
250246,0
69274,0
36644,0
293239,0
186361,0
260086,0
342287,0
13300,0
330631,0
198413,0
31488,0
390973,0
195267,0
171809,0
362627,0
383867,0
56719,0
145275,0
74566,0
87685,0
16607,0
271830,0
228241,1
80128,0
247627,0
78329,0
274319,0
219498,0
119914,0
34197,0
45121,0
6357,0
129934,0
149150,0
132830,0
131580,0
73709,0
63906,0
387781,0
77326,0
298359,0
316942,0
347395,0
336239,0
294805,0
301524,0
135882,0
51786,0
141101,0
321228,0
361945,0
152309,0
294727,0
293500,0
235548,0
331419,0
194799,0
264650,0
233291,0
70886,0
358645,0
185177,0
155913,0
152308,0
73998,0
134123,0
311980,0
24735,0
203729,0
222666,0
19221,0
356768,0
384211,0
39607,0
91123,0
220827,0
350010,0
270131,0
262486,0
134090,0
181235,0
67461,0
388328,0
122604,0
15403,0
383418,0
5328,0
320924,0
333085,0
97085,0
287760,0
350065,0
344574,0
246600,0
236223,0
94810,0
306133,0
393786,0
80038,0
311123,0
15224,0
244258,0
63015,0
93807,0
354889,0
6,0
354158,0
313443,0
110470,0
3596,0
387375,0
323552,0
214151,0
358306,0
211761,0
175227,0
382020,0
352080,0
166382,0
262896,0
325034,0
336225,0
58275,0
246427,0
236583,0
127279,0
248586,0
135279,0
256307,0
88789,0
151059,0
217808,0
162907,0
357044,0
360997,0
119059,0
373005,0
368187,0
84324,0
375615,0
338089,0
41365,0
188260,0
11917,0
69350,0
350498,0
34372,0
35671,0
96515,0
37916,0
23219,0
288264,0
29790,0
142973,0
39497,0
93164,0
337712,0
143935,1
263005,0
312923,0
18976,0
207813,0
258118,0
150070,0
2030,0
374167,0
239742,0
89389,0
165641,0
279669,0
20437,0
233519,0
113541,0
331391,0
160978,0
388568,0
234307,0
141889,0
33499,0
53829,0
267015,0
243171,0
281802,0
224264,0
238005,0
127159,0
149687,0
118170,0
329715,0
140553,0
326146,0
175828,0
379859,0
394825,0
122481,1
90671,0
310942,0
323700,0
218838,0
207938,0
35519,0
378633,0
221146,0
63361,0
268170,0
340745,0
326846,0
67931,0
156947,0
91142,0
36102,0
270567,0
186447,0
346789,0
76369,0
298154,0
29375,0
268775,0
362911,0
33659,0
72690,0
346677,0
115680,0
360422,0
21820,0
13924,0
165549,0
100743,0
264735,0
23905,0
233915,0
319450,0
100846,0
217834,0
306918,0
383048,0
144518,0
284848,0
160425,0
94374,0
357865,0
28179,1
310617,0
367305,0
369131,0
345579,0
76809,0
308646,0
370026,0
198843,0
109057,0
332334,0
161964,0
105201,0
324924,0
116208,0
18626,0
43208,0
250536,0
374129,0
139994,0
32112,0
224756,0
201213,0
181087,0
108688,0
360497,0
237954,0
328824,0
268875,0
212305,0
282750,0
7782,0
198973,0
183089,0
290671,0
142064,0
20340,0
33463,0
371587,0
179306,0
376832,0
74703,0
293072,0
300132,0
351923,0
391805,0
74422,0
299741,0
378116,0
67520,0
315895,0
252478,0
173193,0
121344,0
217975,0
285877,0
45343,0
60150,0
323519,0
204841,0
167758,0
129978,0
40087,0
2520,0
43525,0
224308,0
53159,0
116319,0
122008,0
232197,0
90872,0
231684,0
128678,0
286265,0
343017,0
9376,0
107643,0
363301,0
68444,0
255334,0
322039,0
217877,0
199453,0
7953,0
14770,0
299848,0
359913,0
26737,0
220611,0
16631,0
306912,0
238699,0
377996,0
2396,0
8226,0
175918,0
201775,0
196578,0
381511,0
307781,0
253958,0
95402,0
249291,0
385572,0
265697,0
374140,0
378598,0
194943,0
348978,0
259600,0
164303,0
220718,0
184317,0
377329,0
145350,0
341970,0
39913,0
242952,0
271923,0
39249,0
318113,0
330671,0
213746,0
124019,0
170500,0
79649,0
306284,0
127528,0
9221,0
337110,0
170865,0
33514,0
239786,0
135104,0
280587,0
360915,1
300289,0
233044,0
317352,0
11491,0
78615,0
233591,0
320477,0
227976,0
57234,0
101736,0
294967,0
94360,0
246730,0
93258,0
8202,0
227608,0
76206,0
318304,0
6798,0
183799,0
69393,0
88173,0
38499,0
55086,0
308237,0
317107,0
2569,0
307225,0
125692,0
290996,0
4736,0
281307,0
95560,0
97009,0
386511,0
48991,0
134575,0
297332,0
180281,0
123010,0
202294,0
207987,0
307415,0
150436,0
90635,0
270918,0
192118,0
203446,0
55020,0
310269,0
359693,0
113185,0
115441,0
158104,0
117356,0
345134,0
218458,0
206624,0
182914,0
357862,0
359308,0
34426,0
87781,0
245852,0
323920,1
319724,0
71428,0
95648,0
341542,0
97976,0
263579,0
73966,0
288228,0
214395,0
79498,0
393300,0
133145,0
383416,0
15852,0
307828,0
85145,0
163600,0
210199,0
147794,0
347474,0
251553,0
157025,0
208223,0
125979,0
375000,0
213606,0
186628,0
8620,0
305795,0
176683,0
294370,0
100607,0
372402,0
393056,0
131586,0
15353,0
33764,0
275319,0
377469,0
294275,0
190222,0
264469,0
342009,0
231550,0
38825,1
227830,0
184324,0
205907,0
301106,0
179510,0
199560,0
154956,0
259127,0
214781,0
264317,1
282265,0
196628,0
95060,0
176668,0
76801,0
27246,0
369192,0
180604,0
251427,0
138913,0
320669,0
155627,0
180284,0
345426,0
209348,0
153450,1
2067,0
223257,0
108534,0
353875,0
131545,0
351311,0
157117,0
213370,0
267604,0
184271,0
135817,0
249559,0
84434,0
162955,0
15515,0
147043,0
270949,0
368064,0
192939,0
146898,0
143102,0
143366,0
258613,0
24461,0
181963,0
52434,0
79083,0
33051,0
235976,0
120948,0
370647,0
188962,0
331737,0
61214,0
82740,0
105733,0
159587,0
205702,1
237010,0
258652,0
203035,0
87522,0
42956,0
321382,0
8402,0
349167,0
115352,0
86539,0
218364,0
88526,0
192184,0
27475,0
134228,0
163991,1
263885,0
280169,0
138666,0
267740,0
130555,0
222659,0
349611,0
205421,0
2194,0
205748,0
95898,0
346018,0
308381,0
34555,0
295299,0
74987,0
362800,0
274829,0
190572,0
189894,0
266931,0
326276,0
218170,0
112426,0
24032,0
4315,0
264211,0
222877,0
360789,0
4601,0
371865,0
9500,0
210584,0
9012,0
363523,0
18770,0
3908,0
270904,0
226758,0
270238,0
93158,0
389745,0
130478,0
86874,0
113240,0
322817,0
127059,0
344652,1
211677,0
106332,0
376459,0
273790,0
66302,0
53518,0
263732,0
234168,0
328461,0
376629,0
159221,0
117574,0
299896,0
133315,0
241609,0
166480,0
379161,1
258363,0
250854,0
105065,0
60760,0
299724,0
278468,0
240477,0
259594,0
100250,0
371264,0
233177,1
323332,1
207557,0
189491,1
41543,0
222511,0
270967,0
137651,0
251483,0
77684,0
386515,0
35472,0
31750,0
174818,0
192906,0
130762,0
130327,0
230525,0
276396,0
38154,0
317422,0
310330,0
75663,0
79021,0
332292,0
174866,0
136267,0
30677,0
361647,0
170418,0
53881,0
319989,0
217217,0
88565,0
144397,0
16522,0
255451,0
140365,0
32168,0
74388,0
351222,0
391073,0
67607,0
121378,0
23439,0
85930,0
335066,0
65156,0
7465,0
307045,0
174381,0
364681,0
248370,0
347052,0
101415,0
170690,0
101467,0
389101,0
326030,0
221122,0
230604,0
32042,0
355168,0
174383,0
36405,0
272591,0
17400,0
24595,0
286135,0
249676,0
252660,0
324370,0
370209,0
385491,0
318806,0
361244,0
323011,0
36830,0
393052,0
48029,0
267221,0
311951,0
103857,0
46054,0
1849,0
14250,0
319484,0
30973,0
240558,0
83822,0
216465,0
157626,0
57093,0
45271,0
194864,0
378322,0
306200,0
231163,1
246382,0
311986,0
38532,0
108009,0
77737,0
69172,0
98589,0
210690,0
197695,0
214307,0
14180,0
11923,0
365572,0
377763,1
221907,0
144400,0
227709,0
313884,0
14030,0
337721,0
189833,0
98830,0
256247,0
312746,0
81461,0
279626,0
337742,0
382943,0
62405,0
67918,0
130511,0
358466,0
153794,0
230463,0
223715,0
118676,0
159984,0
179818,0
363306,0
163604,0
229242,0
279947,0
283896,0
259448,0
44258,0
303593,0
99028,0
385711,0
378553,0
230853,0
355818,0
122152,0
322769,1
133204,0
151183,0
257071,0
325912,0
187750,1
186124,1
349309,0
295291,0
32295,0
180872,0
352843,0
393458,0
183525,0
219836,0
224436,0
214837,0
391917,1
124173,0
219091,0
263806,0
204715,0
276887,0
51596,0
248731,0
132605,0
332009,0
279817,0
212779,0
77974,0
24642,0
188820,0
364693,0
330179,0
165135,0
337642,0
359179,0
256052,0
248648,0
6030,0
71097,0
334097,0
337287,0
132802,0
264761,0
84904,0
232492,0
277716,0
116318,0
24482,0
329724,0
260555,0
6805,0
146281,0
367651,0
311120,0
232502,0
334163,0
94538,0
279149,0
103239,0
179579,0
170343,0
234354,0
305404,0
129489,0
322441,0
120620,0
100884,0
186956,0
59203,0
262301,0
134341,0
327012,0
1063,0
68633,0
18413,0
316233,0
68037,0
344760,0
219583,0
15161,0
95624,0
108779,0
269830,1
100368,0
77576,0
75139,0
117977,0
97161,0
276960,0
268733,0
70260,0
361070,0
283308,0
139509,0
93369,0
259969,0
102257,0
72305,0
204038,0
289886,0
64740,0
211659,0
232246,0
171892,0
248801,0
172468,0
358540,0
178570,0
346054,0
114140,0
134334,0
170937,0
279562,0
351739,0
61818,0
46456,0
303813,0
306027,0
57770,0
52263,0
366642,0
210921,0
232025,0
131703,0
323787,0
188052,0
250272,0
218866,0
345573,0
390757,0
115408,0
36732,0
248127,0
138891,0
235464,0
206918,0
304902,0
332738,0
166562,0
134602,0
121512,0
157643,0
368978,0
48740,0
300645,0
260942,0
297984,0
256729,0
349477,0
111676,0
314881,0
98995,0
122102,0
13407,0
190635,0
290357,0
21493,0
390121,0
201575,0
45472,0
85391,0
329822,0
36527,0
97635,0
161184,0
122477,0
113258,0
128887,0
362963,0
21636,0
365459,0
64969,0
174059,0
283859,0
305074,0
270799,0
20551,0
120446,0
262040,0
113125,0
14708,0
289572,0
373715,0
187154,0
364476,0
300749,0
260459,0
81024,0
195212,0
31313,0
206013,0
48892,0
39352,1
339852,0
79547,0
247559,0
317639,0
371226,0
283050,0
331428,0
310068,0
217852,0
174040,0
228522,0
70154,0
325845,0
98251,0
217983,0
42166,0
358762,0
289919,0
125611,0
187386,0
356881,0
102812,0
240654,0
321731,0
365582,1
289855,0
57536,0
162226,0
42625,0
59506,0
183162,0
242295,0
154160,0
80370,0
13211,0
70545,0
304940,0
174596,0
386717,0
79368,0
105022,0
239371,0
263395,0
220641,0
323039,0
219411,0
28112,0
351867,0
144387,0
342204,0
106706,0
263467,1
205558,0
124190,0
179856,0
279814,0
258932,0
152061,0
338166,1
333704,0
366148,1
285698,0
267087,0
71235,0
236187,0
269516,0
261474,0
195645,0
170857,0
241638,0
199890,0
150023,0
111119,0
83824,0
308930,0
162615,0
115376,0
29810,0
201684,0
261457,0
347944,0
154029,0
77573,0
294987,0
317180,0
392884,0
245099,0
394633,0
242235,0
204649,0
245375,0
101711,0
265090,0
77819,0
308217,0
106745,0
153864,0
300302,0
134086,0
269353,0
30726,0
311273,0
147364,0
111441,0
148378,0
355135,0
309793,0
374230,0
239244,0
146911,0
114792,0
296987,0
147096,0
161794,0
303202,0
330728,0
344257,0
272213,0
68812,0
349605,0
131833,0
289246,0
250086,0
261187,0
321552,0
310762,0
14391,0
138283,0
37032,0
29830,0
142540,0
274851,0
255880,0
169099,0
148055,0
81017,0
1451,0
131897,0
342274,0
211187,0
228106,0
268257,0
303331,0
95638,0
102047,0
117892,0
61535,0
130245,0
306287,0
383161,0
138552,0
25885,0
118361,0
181518,0
245008,0
178528,0
334,0
251874,0
285314,1
243665,0
385465,0
75309,0
211155,0
167084,0
275495,0
339797,0
357280,0
357546,0
350397,0
205689,0
226762,0
96476,0
254650,0
40002,0
47218,0
22668,0
96982,0
42698,0
288805,0
197577,0
140022,0
189006,0
198897,0
155744,0
142406,0
141295,0
295195,0
152126,0
97053,0
138461,0
33627,0
309823,0
1061,0
31314,0
167614,0
388569,0
309987,0
288147,0
198507,0
26215,0
245112,0
10089,0
328944,0
117575,0
38005,0
257219,0
319260,0
27521,0
175165,0
220842,0
27292,0
384322,0
24547,1
220241,0
354937,0
157291,0
267321,0
89798,0
278095,0
106429,1
368289,0
20829,0
162132,0
39772,0
324795,0
114626,0
146629,0
264358,0
70336,0
96915,1
356883,0
176877,0
50096,0
380845,0
215873,0
392763,0
346605,0
333304,0
287178,0
5613,0
90888,0
371331,0
208930,0
44442,0
179461,0
140704,0
246134,0
84801,0
151541,0
283192,0
207528,0
40101,0
85247,0
346987,0
344463,0
28730,0
42955,0
163770,0
325269,0
239078,0
213624,0
121745,0
393675,0
322654,0
369583,0
340826,0
270992,0
279511,0
279538,0
35201,0
312187,0
11053,0
298632,0
78357,0
299401,0
230521,0
272817,0
390527,0
126554,0
311318,0
277339,0
295134,0
152588,0
345042,0
38829,0
217261,0
383373,0
85443,0
281940,0
111276,0
113671,0
324564,0
63419,0
381577,0
312473,0
339398,1
15245,0
312258,0
394672,0
394613,0
86659,0
70177,1
77964,0
92188,0
360042,0
59479,0
20561,0
194308,0
160288,0
220745,0
207325,0
303678,0
101788,0
247052,0
393898,0
47328,0
65005,0
386055,0
214932,0
77638,0
259463,0
152597,0
186087,0
77139,0
5224,0
64635,0
272205,0
291783,0
134743,0
154681,0
329908,0
309430,0
61096,0
227252,0
364521,0
272506,0
171539,0
44249,0
358362,0
232016,0
232677,0
227762,0
268677,0
182884,0
334916,0
167511,0
240718,0
247684,0
238575,0
210557,0
207045,0
296343,0
335057,0
345101,0
21940,0
22978,0
249355,0
142607,0
168655,0
235873,0
217782,0
23221,0
163118,0
14881,0
316425,0
267192,0
118853,0
116790,0
341954,0
8334,0
226325,0
369194,0
278506,0
190268,0
239875,0
18394,0
394948,0
122299,0
262839,0
393587,0
209912,0
3976,0
225095,0
1557,0
253546,0
276951,0
395196,0
151005,1
205704,0
335836,0
17862,0
152932,0
48958,0
388557,0
208759,0
153690,0
57463,0
265110,0
17064,0
48609,0
61168,0
97025,1
181229,0
59800,0
366776,0
50892,0
202550,0
289823,0
297831,0
174609,0
94311,0
299635,0
237425,0
152630,0
181466,0
8524,0
189193,0
88174,0
343603,0
270675,0
48205,0
138815,0
84294,0
37599,0
334605,0
9226,0
285674,0
312354,0
201131,0
311056,0
196134,0
111834,0
63974,0
197579,0
391769,0
240829,0
142493,0
153292,0
20007,0
379822,0
366185,0
381932,0
370275,0
277506,0
152334,0
60066,0
212446,0
156275,0
328656,0
142655,0
287969,0
57208,0
367415,0
367437,0
116862,0
305041,0
226705,0
233159,0
269233,0
201840,0
105648,0
77107,0
385660,0
98504,0
184043,0
122677,0
345048,0
101929,0
277219,0
183180,0
122890,0
173001,0
165049,0
119401,0
205343,0
123753,0
154518,0
73973,0
106301,0
15273,0
89074,0
135419,0
176025,0
242687,0
246393,0
321759,0
168162,0
359501,0
372113,1
34884,0
99526,0
108545,0
70430,0
10277,0
36230,0
280194,0
198478,0
209050,0
379417,0
12165,0
385271,0
163979,0
320908,0
139847,0
186616,0
377308,0
240662,0
266309,0
180471,0
390948,0
297987,0
25225,0
219170,0
125596,0
334031,0
284664,0
249640,0
55694,0
334084,0
55798,0
343482,0
206742,0
202846,0
95657,0
92476,0
384704,0
358510,0
201906,0
220643,0
255214,0
153060,0
41022,0
57615,0
138449,0
358467,0
376682,0
62469,0
223422,0
76231,0
359443,1
297416,0
327483,0
267143,0
248836,0
102639,0
234958,0
42517,0
43692,0
27066,0
21678,0
297385,0
328587,0
280409,0
185403,0
335261,0
315621,0
37050,0
293361,0
140465,0
66100,0
144933,0
338246,0
24673,0
163235,0
224451,1
37048,0
43324,0
68077,0
186576,0
138343,0
258971,0
359895,0
66221,0
336179,0
288098,1
332670,0
274445,0
259841,0
11538,0
73187,0
293580,0
217294,0
365136,0
105166,0
246810,0
242971,0
334958,0
307398,0
130807,0
311508,0
11697,0
48027,0
299158,0
208781,0
373097,0
114905,0
23630,0
368720,0
183615,0
287364,0
227007,0
94827,0
256057,0
247613,0
32861,0
390585,0
183136,0
252082,0
206696,0
68209,0
353464,0
246397,1
255273,0
7697,0
47356,0
25604,0
124533,0
129405,0
40643,0
191687,0
5474,0
67922,0
282063,0
334198,0
20327,0
312840,0
324622,0
251704,0
25689,0
8474,0
36881,0
350956,0
122555,0
269823,0
230948,0
4395,0
327477,0
338000,0
237338,0
97666,0
122964,0
281046,0
271307,0
260034,0
93579,0
360735,0
41934,0
251370,0
156419,0
276686,0
219830,0
93054,0
365909,0
369620,0
198282,0
116572,0
167399,0
289561,0
105232,0
78166,0
304198,0
128003,0
198656,0
77875,0
81803,0
43108,0
7304,0
140793,0
356482,0
58105,0
245838,0
188100,0
74690,0
236941,0
394679,0
134922,0
138865,0
12865,0
73570,0
391537,0
88665,0
342327,0
135052,0
139619,0
172215,0
194637,0
102586,0
162176,0
380071,0
72076,0
151116,0
114400,0
103364,0
25330,0
2824,0
128285,0
44878,0
175858,0
300611,0
87164,0
68217,0
89528,0
127630,0
90947,0
341304,0
286171,0
298665,0
360430,0
335582,0
304077,0
365862,0
59697,0
253000,0
68834,0
314869,0
34779,0
220494,0
150561,0
165840,0
44809,0
352762,0
194963,0
296916,0
326589,0
55776,1
148081,0
311721,0
166877,0
273062,0
34590,0
113117,0
91695,0
389296,0
1848,0
351832,0
394765,0
243773,0
377825,0
64099,0
110925,0
118595,0
157793,0
245878,0
19646,0
298791,0
206256,0
339065,0
37119,0
216658,0
238758,0
138986,0
84356,0
56958,0
16967,0
250590,0
37043,0
49344,0
307083,0
162027,0
126048,0
330168,0
124923,0
155245,0
321084,0
196090,0
194667,0
208422,0
383943,0
304004,0
349440,0
369636,0
133902,0
338848,0
158136,0
351598,0
150315,0
201873,0
9590,0
369024,0
169928,0
105085,0
290127,0
119331,0
368791,0
228185,0
368169,0
19750,0
206485,0
71200,0
272094,0
109665,0
161294,0
174462,0
275065,0
224198,0
323163,0
59497,1
13411,0
351341,0
167091,0
373959,0
226467,0
204917,0
98409,0
151863,0
247760,0
295647,0
395654,0
140307,0
210443,0
336046,0
150965,0
88195,0
53924,0
97963,0
284481,0
69880,0
158071,0
172925,0
389830,0
55773,0
387692,0
80306,0
294991,0
23391,0
219494,0
338154,0
384100,0
253034,0
32049,0
281685,0
160542,0
313347,0
293482,0
191677,0
293410,0
273263,0
385690,0
305874,0
381876,0
179768,0
334317,0
49839,0
342973,1
379799,0
197855,0
102585,0
258430,0
364938,0
387176,0
329669,0
378018,0
54225,0
36277,0
246374,0
243625,0
136962,0
61065,0
384983,0
114541,0
369127,0
320160,0
127392,0
125739,0
269101,0
304370,0
355527,0
277804,0
30887,0
241861,0
316441,0
301497,1
250265,0
55952,0
220674,0
244157,0
202258,0
230821,0
199394,0
223168,0
48881,0
56193,0
156153,0
378099,0
99341,0
259499,0
129302,0
371644,0
251340,0
9288,0
27198,0
167985,0
364595,0
318054,0
170613,0
55631,0
103476,0
354257,0
67427,0
88295,0
281807,0
50426,0
178807,0
243325,0
94220,0
117979,0
252493,0
151103,0
371656,0
150405,0
343985,0
218505,0
306553,0
294685,0
80383,0
54559,0
366751,0
288820,0
259625,0
104123,0
71399,0
272408,0
117674,1
223386,0
25582,0
244568,0
300427,0
359377,0
183183,0
202366,0
120265,0
74565,0
75359,0
84609,0
347151,0
44804,0
157174,0
88548,0
215761,0
152255,0
253818,0
143029,0
395800,0
186545,0
269697,0
204857,0
332777,0
273514,0
221648,0
48929,0
46678,0
104236,0
307749,0
168086,0
93225,0
383119,0
256222,0
93020,0
149738,0
287444,0
374832,0
322500,0
352927,0
528,0
360347,1
44370,0
157875,0
237417,0
363713,0
334007,0
79580,0
89865,0
228038,0
253531,0
9111,0
359831,0
179658,0
147064,0
384131,0
47751,0
265774,0
205753,0
392433,0
63334,0
111467,0
80048,0
353237,0
44757,0
232933,0
284954,0
367266,0
82312,0
325036,0
199884,0
194085,0
67718,0
131526,0
201908,0
220020,0
181226,0
351139,0
332202,0
232518,0
346448,0
211442,1
212595,0
175,0
96293,0
320008,0
175636,0
73303,0
193978,0
270492,0
42966,0
104377,0
271618,0
192335,0
109499,0
240357,0
272597,0
210892,0
178898,0
211259,0
181618,0
135963,0
315003,1
55421,0
162700,0
126915,0
290825,0
36178,0
34343,0
309240,0
34642,0
229522,0
163317,0
62724,0
363933,0
42851,0
281978,0
177663,0
61745,0
318650,0
340423,0
277650,0
72085,0
392537,0
169443,0
136978,0
97206,0
301255,0
103733,0
385449,0
297745,0
8649,0
3520,0
12048,0
203192,0
78117,0
225334,0
192487,0
223385,0
107403,0
387556,0
356640,0
38341,0
183008,0
380391,0
162950,1
288337,0
195084,0
208245,0
360757,0
105036,0
222060,0
292789,0
74558,0
198467,0
10015,0
306152,0
95108,0
385518,0
108651,0
66462,1
8602,0
36600,0
100534,0
19564,0
380488,0
169966,0
70615,0
380063,0
380460,0
159859,0
203432,0
243176,0
96442,0
283023,0
69731,0
145614,0
120919,0
78873,0
105102,0
47062,0
231340,0
94271,0
121775,0
352746,1
93132,0
137555,0
226227,0
58487,0
107149,0
92225,0
92875,0
154261,0
54673,0
196710,0
187905,0
115532,0
200683,0
302397,0
112792,0
131574,0
323527,0
157509,0
260493,0
218333,0
166862,0
313353,0
219916,0
22062,0
65725,0
349933,0
73299,0
179925,0
58415,0
60795,0
78086,1
329093,0
171612,0
364696,0
128677,0
106605,0
9580,0
371997,1
298620,0
93837,0
173132,0
93060,0
51663,0
100738,0
118825,0
331509,0
2387,0
381574,0
158757,0
268522,0
268833,0
149040,0
359893,0
388692,0
125614,0
371337,0
188101,0
6520,0
271904,0
301529,0
264269,0
17391,0
180424,0
135344,0
293635,0
42300,0
122230,0
382286,0
301918,0
260041,0
335670,0
324644,0
204406,0
348828,0
126157,0
73494,0
327247,0
233521,0
102408,0
6785,0
179431,0
85530,0
37373,0
6491,0
192557,0
178081,0
375709,0
365613,0
49535,0
265714,0
42238,0
10187,0
69894,0
157167,0
189943,0
122669,1
124666,0
135102,0
367846,0
308430,0
254959,0
353371,0
84303,1
76878,0
364786,0
24625,0
137956,0
293189,0
96600,0
181589,0
150624,0
217882,1
106667,0
388529,0
218959,0
300035,0
11188,0
329808,0
40742,0
28898,0
97743,0
307691,0
0,0
8438,1
302856,0
375908,0
151224,0
274322,0
2496,0
187410,0
196184,0
95951,0
366649,0
146224,0
75212,0
340471,0
14523,0
349714,0
268947,0
289548,0
254830,0
331298,0
135021,0
142682,0
290440,0
5526,0
79500,1
127312,0
116481,0
155385,0
321528,0
173967,0
160672,0
254676,0
158176,0
75932,0
214668,0
16498,0
287495,0
381110,0
173899,0
300589,0
157831,0
229507,0
72622,0
191737,0
362364,0
147150,0
143906,0
10408,0
13025,0
195457,0
385290,0
42686,0
152076,0
256333,0
25136,0
310594,0
323918,0
147111,1
296332,0
136944,0
168625,0
225817,0
254282,0
246312,0
228816,0
233707,0
261855,0
166592,0
199237,0
161183,0
319133,0
87717,0
260368,0
79992,0
388032,0
205514,0
322732,0
68786,0
290926,0
44882,0
74973,0
122063,0
261762,1
379134,0
157277,0
286904,0
276620,0
34811,0
212028,0
241725,0
246083,0
389317,0
220213,0
130079,0
236159,0
84016,0
36735,0
289449,0
283764,0
365239,0
82937,0
365947,0
6952,0
192669,0
323049,0
22159,0
252596,0
222239,0
93270,0
188300,0
155872,0
361054,0
360046,0
114231,0
350821,0
388379,0
197206,0
109165,0
196735,0
121897,0
370348,0
268355,0
118681,0
177887,0
298208,0
228337,0
224618,0
169300,0
221866,0
219047,0
68406,1
270202,0
21664,0
382161,0
12008,0
220673,0
1015,1
293228,0
52879,0
282962,0
112157,0
176340,0
301753,0
124222,0
102222,0
300619,0
269285,0
320641,0
209548,0
305380,0
79507,0
283454,0
126198,0
4506,0
39294,0
120178,0
139417,0
147742,0
16626,0
338562,0
368764,0
22190,0
285645,0
16158,0
294709,0
360111,0
385127,0
323789,0
179108,0
243398,0
96396,0
153062,0
341058,0
192029,0
250342,0
29065,0
351083,0
72387,0
307654,0
242333,0
111778,0
353775,0
89381,0
356830,0
165544,0
305796,0
390523,0
355946,1
16153,0
392534,0
343071,0
102162,0
273990,0
114921,0
308299,0
283505,0
264621,0
2688,0
266841,0
96605,0
261261,0
387302,0
221448,0
119104,0
359612,0
248545,1
125869,0
364650,0
22347,0
185175,0
264673,0
16362,0
270842,0
256907,0
363189,0
135900,0
207883,0
170202,0
172049,0
257339,0
136926,0
64021,0
295785,0
215865,1
287271,0
46632,0
351748,0
332612,0
337689,0
289362,0
267540,0
367264,0
250657,0
30799,0
27974,0
200445,0
74802,0
67214,0
337289,0
24382,0
221696,0
349152,0
273647,0
292883,0
356736,0
192597,0
317127,0
113673,0
38820,0
56554,0
131113,0
295980,0
145377,0
218794,0
334127,0
26553,0
330134,0
370136,0
365602,0
90426,0
157021,0
65557,0
268803,0
251543,0
316862,0
163008,0
21358,0
4123,0
13921,0
277327,0
166911,0
389144,0
241507,0
63978,0
172715,0
215103,0
74355,0
157264,1
1684,0
46528,0
351323,0
93626,0
325135,0
140522,0
25087,0
298910,0
230829,0
375520,0
273039,0
167768,0
333837,0
384638,0
274844,0
286322,0
196362,0
61118,0
227629,0
245989,0
218826,0
282525,0
94784,0
94962,0
353130,0
369132,0
280625,0
106349,0
11119,0
380132,0
362131,0
315867,0
136755,0
328555,0
347390,0
14929,0
192374,0
344438,0
158687,0
379937,0
64795,0
350342,0
31939,0
332539,0
284334,1
142980,0
288445,0
384986,0
193727,0
224274,0
65518,0
133889,0
143117,0
291725,0
331483,0
272624,0
257014,0
394359,0
34408,0
105685,0
177120,0
167208,0
56935,0
87901,0
169990,0
359924,0
353180,0
362971,0
140437,0
169052,0
203659,0
28861,0
333705,0
296379,0
278999,0
343501,0
131954,0
321270,0
395203,0
331397,0
295464,0
202808,0
368428,0
255196,0
58594,0
289987,0
368707,0
180574,0
290892,0
355129,0
361854,0
159408,0
9422,0
123707,0
244167,0
152910,0
307218,0
298530,0
23735,0
106860,0
151610,0
50987,0
317153,0
313609,0
204249,0
309052,0
272374,0
336570,0
55667,0
145888,0
165636,0
88392,0
296621,1
176245,0
321887,0
345734,0
355809,0
99768,0
259356,0
346060,0
227910,0
96566,0
44058,0
278615,0
198531,0
316418,0
91431,0
379727,0
181989,0
240774,0
20300,0
58644,0
223207,0
234035,0
319570,0
338723,0
110737,0
43634,0
337163,0
282236,0
22306,0
196436,0
327065,0
38455,0
252537,0
264667,0
233893,0
124208,0
273130,0
374970,0
93263,0
130564,0
37674,0
192830,0
356894,0
384655,0
2082,0
301066,0
78198,0
205696,0
139094,0
355870,0
53937,1
63398,1
94925,0
79909,0
139185,0
211231,0
32101,0
222669,0
245880,0
199024,0
214979,0
247935,0
358556,0
117492,0
183026,0
72403,0
26642,0
110972,0
103766,0
118875,0
283348,0
215400,0
368422,0
8328,0
133208,0
47861,0
359359,0
209196,0
193437,1
227819,0
293744,0
168364,0
387636,0
383039,0
122573,0
391636,0
255061,0
314623,0
156880,0
155398,0
7246,0
355750,0
150874,0
147023,0
113772,0
343094,0
267280,0
64258,0
309505,0
308051,0
166759,0
48606,0
388600,0
218675,0
218242,0
69044,0
385726,0
292005,1
134531,0
33598,0
133418,0
111387,0
196656,0
25203,0
316770,0
349838,0
99498,0
71482,0
342151,0
198070,0
105259,0
129817,0
206230,0
262115,0
216642,0
221388,0
273663,0
267995,0
89271,0
209157,0
160327,0
90062,0
43025,1
50920,0
200890,0
230038,0
768,0
345071,0
211876,0
73711,1
108625,0
207779,0
72940,1
139855,0
325019,0
392769,0
312457,0
296724,0
389379,0
231054,0
215923,0
173203,0
361273,0
330845,0
213673,0
282169,0
327309,0
136130,0
228139,0
301570,0
261586,0
163248,0
237715,0
135821,0
259024,0
229367,0
280090,0
237956,0
130674,0
41486,0
131696,0
10132,0
387878,0
61640,1
361804,0
225120,0
123990,0
365781,0
200948,0
16586,0
282316,0
40723,0
140305,0
58151,0
11237,0
47368,0
76112,0
117193,0
81181,0
302896,0
257440,0
73443,0
389155,0
236161,0
4223,0
391715,0
343703,0
59307,0
309803,0
158635,0
181632,0
2813,0
88788,0
318504,0
166980,0
377202,0
364939,0
184131,0
121756,0
78281,0
59275,0
95121,0
22365,0
65355,0
273656,0
117369,0
285493,0
134722,0
184332,0
89312,0
81812,0
108884,0
346575,0
270234,0
10812,0
386078,0
90454,0
149403,0
26205,0
53335,0
17129,0
78069,0
389903,0
70904,0
324253,0
123115,0
238959,0
247413,0
392556,0
141226,0
104962,0
115503,0
369179,0
121783,0
56932,0
298031,0
52651,0
42619,0
246826,0
35686,0
85621,0
59049,0
374032,0
350333,0
148787,0
223880,0
282297,1
354139,0
338668,0
44002,0
305098,0
76530,0
106870,0
206075,0
102603,0
379939,0
171502,0
195864,0
252777,0
209923,0
6043,0
272558,0
175178,0
235158,0
280549,0
154723,0
66107,0
226853,0
274629,0
176825,0
197092,0
69047,0
4421,0
267955,0
71577,0
104319,0
279159,0
302461,0
17488,0
123948,0
378082,0
350951,0
55392,0
155787,0
344721,0
82463,0
395395,0
178492,0
105762,0
36727,0
179557,0
110716,0
395270,0
82975,0
289257,0
166863,0
285268,0
75960,0
295346,0
229298,0
379427,0
256289,0
30739,0
46337,0
77758,0
27911,1
230373,0
345608,0
97744,0
256056,0
3551,0
165253,0
262386,0
5112,0
211138,0
261630,0
288642,0
11405,0
324658,0
49134,0
345914,0
381761,0
7239,0
45249,0
127816,1
364437,0
166707,0
99881,1
148898,0
301955,0
72785,1
380324,0
182161,0
189021,0
370694,0
14978,0
154099,0
364488,0
251253,0
112946,0
56658,0
383205,0
36376,0
89935,0
186867,0
91587,0
166125,0
27405,0
372743,0
41914,0
376160,0
277416,0
140917,0
302154,0
118341,0
274046,0
157247,0
162010,0
234521,0
207933,0
275142,0
140839,0
147296,0
166410,0
121489,0
199859,0
240535,0
90061,0
165345,0
103681,0
270712,0
292368,0
223624,0
377935,0
224670,0
365364,0
337922,0
234570,0
279770,0
95971,0
63910,0
306462,0
149317,0
324360,0
347924,0
305627,0
162683,0
392474,0
352408,0
265411,1
293935,0
88504,0
314936,0
176670,0
125006,0
382799,0
282074,0
115268,0
283904,0
165469,0
245215,0
217044,0
378213,0
316158,0
187368,0
286535,0
43065,0
41546,0
194873,0
336986,0
108273,0
265677,0
152805,0
195922,0
376854,1
338084,1
190258,0
47443,0
33588,0
61844,1
96886,0
14006,1
111560,0
252094,0
219482,0
185726,0
52867,1
242338,0
3868,0
89038,0
29078,0
292751,0
323361,0
25924,0
347245,0
379082,0
97810,0
47167,0
10789,0
122035,0
217578,0
27930,0
272449,0
189336,0
379223,0
147732,0
19270,0
318532,0
350652,0
113278,0
156258,0
374360,0
104929,0
325576,0
81511,0
218906,0
66609,0
261837,0
151051,0
14386,0
377118,0
302478,0
46268,0
82168,0
354532,0
192867,0
260504,0
127100,0
394407,0
320278,0
329644,0
236056,0
211244,0
283274,0
49251,0
65740,0
104560,0
241270,0
45165,0
266349,0
16143,0
163586,0
243042,0
360572,0
63892,0
62198,0
354282,0
11295,0
39377,0
222344,0
329054,0
177882,0
93478,1
244036,0
113063,0
386326,0
221896,0
194936,1
76757,0
7297,0
309153,0
351467,0
109141,0
355867,0
3097,1
197958,0
220131,0
84497,0
262359,1
264769,0
222409,0
155002,0
184817,0
206897,0
110615,0
112726,0
139065,0
371446,0
56837,0
54464,0
322928,0
117544,0
276748,0
188569,0
14501,0
394512,0
165702,0
334787,0
215984,0
150060,0
27203,0
86021,0
35119,0
195121,0
18370,0
302210,0
110885,0
293845,0
92430,0
269510,0
267000,0
388192,1
163070,0
158902,0
336174,0
58344,0
174110,0
204661,0
233514,0
308934,0
50582,0
354104,0
179422,0
178263,0
111633,0
321127,0
181051,1
80220,0
340639,0
53677,0
358456,0
99619,0
66565,0
49469,0
290132,0
149430,0
10168,0
289619,0
220453,0
72810,0
263583,0
356792,0
323484,0
242193,0
51259,0
355244,0
49171,0
286988,0
117267,0
321843,0
93919,0
269956,0
333037,0
34639,0
107529,0
294906,0
123098,0
269442,0
282674,0
277474,0
395939,0
152508,0
305842,0
148638,0
1189,0
380209,0
122079,0
80011,0
356474,0
210484,0
61852,0
242332,0
85084,0
40,0
151091,0
344466,1
100135,0
243051,0
318473,0
196625,0
163735,0
236979,0
45446,0
336788,0
65678,0
250145,0
183831,1
185180,0
135395,0
306369,0
103584,0
249687,0
369909,0
237017,0
313461,0
381624,1
198369,0
213823,0
48850,0
275959,0
104766,0
394950,0
288334,0
63462,0
156112,0
193111,1
103740,0
348247,0
269569,0
354231,0
376002,0
47064,0
225309,0
274700,0
360766,0
208733,0
202737,0
296947,0
202458,0
328775,0
374204,0
51732,0
276679,0
334145,0
370229,0
124668,0
91236,0
105162,0
387727,0
57547,0
187788,0
77325,0
178621,0
220570,0
124634,0
366871,0
223280,0
331762,0
46224,0
173537,0
284646,0
167188,0
338265,0
15080,0
119014,0
188368,0
364008,0
49585,0
181559,0
204523,0
115356,0
193758,0
376805,0
152647,0
85012,0
339109,0
77447,0
318260,0
305843,0
312525,0
13214,0
160401,0
5785,0
247706,0
237447,0
272626,0
323894,0
158753,0
265645,0
136285,0
380796,0
22747,0
169040,0
332244,0
288049,0
257503,0
2523,0
136153,0
287479,0
125400,0
82022,0
136466,0
390296,0
215907,1
28315,0
79493,0
225459,0
172822,0
182354,1
152376,0
20596,0
361745,0
35444,0
202890,0
309456,0
74052,0
71541,0
332918,0
109455,0
368835,0
327770,0
128652,0
298452,0
90750,0
225274,0
274858,0
148762,0
341673,0
23236,0
94638,0
240431,0
93858,0
257956,0
262967,0
209156,0
249612,0
307939,0
348315,0
286341,0
177278,0
81589,0
8699,0
96428,0
83062,0
112648,0
349118,0
45594,0
235949,0
233983,0
21184,0
21995,0
275775,0
168443,0
352115,0
99494,0
226974,0
286118,0
191595,0
96255,0
220691,1
114386,0
292559,0
218777,0
138601,0
194907,0
235358,1
395087,0
387187,0
391664,0
295197,0
56268,0
195486,0
299373,0
236950,0
294093,0
178488,1
326536,0
329107,0
37170,0
24010,0
292972,0
159097,0
256916,0
4596,0
36831,0
19049,0
209120,0
246509,0
38231,0
389990,0
248888,0
326463,0
11255,0
183480,0
76733,0
333239,0
161137,0
179848,0
329717,0
273324,0
362117,0
388402,0
54297,0
120984,0
29323,0
335931,0
280873,0
57097,0
326785,0
56255,0
185588,0
46884,0
213902,0
250173,0
90538,0
88832,0
87415,0
283227,0
297830,1
140687,0
55988,0
76668,0
95415,0
378385,0
308561,0
45837,0
323074,0
251774,0
352449,0
56998,0
18557,0
357405,0
52754,0
277348,0
124652,0
393435,0
79961,0
268871,0
103309,0
163480,0
306834,0
200775,0
173737,0
21514,0
220703,0
242288,0
356239,0
64395,0
322685,0
132659,0
279983,0
244583,0
98303,0
44358,0
302940,0
304672,0
163696,0
105047,0
267212,0
306482,0
269606,0
254256,0
90931,0
276474,0
341449,0
48476,0
37787,0
270839,0
333557,0
95243,0
134087,0
11257,0
167213,0
369119,0
97697,0
262625,0
276093,1
332747,0
293922,0
380982,0
86657,0
77953,0
364608,0
224414,0
176660,0
282132,0
168052,0
101035,0
79159,0
134264,0
231909,0
179490,0
269687,0
280559,0
392850,0
69187,0
59436,0
175593,0
214912,0
165332,0
276941,0
251156,0
375837,0
139713,0
232022,0
243027,0
321471,0
362148,0
182642,0
351790,0
233208,0
1892,0
132383,0
232826,0
179288,0
74578,0
292036,0
328119,0
65752,0
150248,1
67455,0
109840,0
118827,0
168564,0
390688,0
327832,0
180848,0
176821,0
127385,0
88430,0
223852,0
64217,0
102544,0
382854,0
105096,0
308333,0
235374,0
14578,0
173868,0
391223,0
76149,0
265614,0
21691,0
87346,0
150087,0
347946,0
60831,0
341423,0
120357,0
217872,0
183765,0
378059,0
162890,0
270620,0
180026,0
394010,1
324308,0
392085,0
302507,0
365309,0
53270,0
97980,0
279932,0
152338,1
41397,0
376223,0
383741,0
352091,0
174312,0
259731,0
363528,0
146562,0
286557,0
86720,0
327074,0
56424,0
192244,0
138628,0
328892,0
152568,0
383434,0
386514,0
280429,0
225805,0
254182,0
370778,0
127735,0
361617,0
174814,0
288914,0
354759,0
174838,0
120501,0
303771,0
242237,0
177970,0
69127,0
45530,0
189949,0
232578,0
243269,0
395640,0
199217,1
96624,0
197053,0
94637,0
159173,0
324335,0
32540,0
218527,0
180477,0
223825,0
345229,0
210800,0
135964,0
375037,0
69593,0
70133,0
191243,0
108339,1
326856,0
378587,0
141536,0
304842,0
92173,0
240920,0
323855,0
247816,0
203817,0
385163,0
90779,0
229284,0
196000,0
51461,0
389423,0
77253,0
70144,1
245233,0
319714,0
191544,0
66765,0
94849,0
212841,0
287916,0
126899,0
390110,0
76983,0
282623,0
148976,0
110023,0
230856,0
132690,0
253554,0
102868,0
390896,0
162737,0
131110,0
178733,0
341011,0
17175,0
65042,0
288566,0
76307,0
357579,0
100799,0
128592,0
80768,0
131501,0
95580,0
77161,0
185353,0
68546,0
135864,0
204161,0
334794,0
289031,0
328426,0
201827,0
365963,0
214976,0
263967,0
215221,0
315230,0
303656,0
148282,0
284878,0
40112,0
31192,0
324237,0
163076,0
93027,0
29598,0
394643,0
381729,0
90276,0
56790,0
374190,0
189185,0
149500,0
50197,0
306062,0
302987,0
265945,0
87800,0
269715,0
209150,0
388752,0
263870,0
205195,0
208556,0
46089,0
92366,0
220229,0
12601,0
25424,0
336857,0
76918,0
291423,0
151312,0
330763,0
150109,0
394662,0
126012,0
344649,0
213445,0
101945,0
180998,0
245494,0
267825,0
152918,0
38952,0
416,0
153593,0
249254,0
180347,0
92274,0
313052,0
5018,0
186907,0
18361,0
121011,0
247955,0
382053,0
21167,0
389386,0
113010,0
314569,0
382781,0
293951,0
353851,0
222394,0
18713,0
339336,0
351990,0
19336,0
318678,0
121191,0
371880,0
300723,0
382209,0
19523,0
236423,0
94410,0
207310,0
367190,0
284086,0
132523,0
69451,0
285325,0
92499,0
213635,0
17408,0
207639,0
148723,0
70872,0
210294,0
122324,0
242505,0
336273,0
105149,0
46717,0
304856,0
5509,0
354058,0
89378,0
346176,0
329475,0
374428,0
62145,0
6444,0
251039,0
258595,0
31706,0
294823,0
392569,0
63567,0
301811,0
246325,0
257670,0
267319,0
383570,0
372764,0
215712,0
140453,0
23545,0
377644,0
74749,0
2872,0
209169,0
143515,0
306601,0
169460,0
164232,0
152719,0
163880,0
191019,0
38479,0
323090,0
158215,0
276920,0
297388,0
313259,0
268026,0
312590,0
118282,1
181191,0
185770,0
159442,0
346952,0
210250,0
364847,0
386053,0
212661,0
273890,0
20011,0
88233,0
162227,0
102857,0
235104,0
344159,0
59115,0
388596,0
338889,0
240782,0
338132,0
292997,0
336302,0
91404,0
12205,0
359349,0
76393,0
162503,0
119936,0
324525,1
194803,0
354694,0
236334,0
142911,0
241483,0
244247,0
125544,0
215972,0
226858,0
201170,0
372602,0
186745,0
139275,1
7011,0
218375,0
47209,0
354602,0
212937,0
308331,0
292983,0
191706,0
366389,0
245887,0
197551,0
328099,0
42876,0
213885,0
379840,0
395494,0
95193,0
275676,0
278972,0
220975,0
108521,0
160322,0
101168,0
274132,0
272196,0
143343,0
358938,0
180559,0
282615,0
26861,0
125205,0
132785,0
9538,0
65514,0
223609,0
388913,0
292473,0
22640,0
71791,0
224003,0
207405,0
104793,0
328722,0
110740,0
294389,1
369640,0
252145,0
204313,0
375939,0
360906,0
363186,0
206714,0
68092,0
79917,0
117252,0
137350,0
223728,0
321478,0
133916,0
304138,0
358016,0
386930,0
342332,0
377517,0
344577,0
380127,0
100029,0
41219,0
248078,0
361327,0
155982,0
120699,0
251176,0
226007,0
332479,0
280694,0
275149,0
120579,0
251244,0
255263,0
128430,0
38290,0
328819,0
98141,0
153191,0
8219,0
258669,0
349739,0
197059,0
145779,0
102952,1
76506,0
186573,0
272853,0
360276,0
65192,0
205355,0
224589,0
260920,0
173747,1
317549,0
212807,0
6514,0
296442,0
26286,0
207967,0
98226,0
342256,0
329768,0
332378,0
91796,0
312364,0
49243,0
371442,0
313393,0
377679,0
186463,0
371753,0
215150,0
62039,0
268921,0
94065,0
224994,0
59272,0
294167,0
354955,0
319935,0
314092,0
155493,0
240349,0
14113,0
196197,0
377376,0
386231,0
41729,0
355680,0
23783,0
73461,0
356916,0
121399,0
4709,0
316084,0
122686,0
188069,0
285796,0
181031,0
48217,0
277043,0
394021,0
5245,0
239360,0
152398,0
13053,0
339279,0
16860,0
258069,0
175629,0
143219,0
244742,0
10533,0
36689,0
295984,0
253530,0
29837,0
299891,0
26164,0
90033,0
326385,0
24580,0
321559,0
338580,0
383230,0
273919,0
270235,0
328933,0
72602,0
388679,0
245349,0
331828,0
179676,0
155305,0
227339,1
75317,0
308857,0
115893,0
134094,0
95749,0
106393,0
213098,0
321621,0
298256,0
132623,0
257177,0
298932,0
125090,0
228554,0
141704,0
299779,0
374620,0
378563,0
35226,0
245753,0
227172,0
311864,0
156615,0
218998,0
299353,0
325498,0
281888,0
252402,0
253129,0
5910,0
45583,0
264090,0
70724,0
246457,0
264332,0
361375,0
49235,0
345881,0
241397,0
137062,0
373404,0
340150,0
273456,0
188220,0
100019,0
4398,0
380237,0
242381,0
271113,0
390146,0
148077,0
393163,0
36923,0
21069,0
202670,0
391916,0
316677,0
90136,0
361470,0
394461,0
274726,0
333759,0
151709,0
138824,0
9562,0
71376,0
21971,0
331262,0
360801,0
39269,0
322036,0
307974,0
341209,0
224769,0
179542,0
350343,0
292929,0
298139,0
150061,0
8873,0
171237,0
387267,0
97495,0
165052,0
323586,0
256089,0
9925,0
315305,0
371089,0
324899,0
155367,0
163441,0
161971,0
294793,0
105371,0
69173,0
87240,0
247430,1
147137,0
217050,0
314079,0
254632,0
298371,0
245733,0
12856,0
291128,0
52953,0
135485,1
115988,0
142857,0
239942,0
292855,1
203768,0
31625,0
341986,0
377260,0
319930,0
375426,0
263964,0
279799,0
359090,0
184678,0
169539,0
36272,0
66150,0
224075,0
289607,1
97097,1
121608,0
263313,0
182830,0
365385,0
390011,0
84495,0
11943,0
213569,0
142037,0
245412,0
373623,0
228706,0
290103,0
79113,0
395347,0
56948,0
263336,0
194507,0
38537,0
2189,0
305665,0
157220,0
165087,0
51347,0
22863,0
145317,0
95430,0
97408,0
258273,0
184072,0
42269,0
44639,0
299685,0
240429,0
136840,0
267819,0
138084,0
307343,0
48107,0
91716,0
246917,0
290037,0
368969,0
83127,0
59285,0
383463,0
321799,0
347005,0
328116,0
9757,0
271168,0
166291,0
28193,0
17561,0
11722,0
205870,0
68433,0
207615,0
262332,0
225980,0
227882,0
260121,0
185656,0
211307,0
64614,0
106846,0
185053,0
55961,0
83792,0
255947,0
152144,0
313726,0
178035,0
112449,0
73545,0
350966,0
110678,0
114372,0
309611,0
184364,0
216238,0
36094,0
121233,0
113273,0
362946,0
64206,0
303650,0
108664,0
258752,0
82264,0
55193,0
392276,0
253972,0
25219,0
351876,0
335331,0
164563,0
234522,0
203884,0
46979,0
24655,0
55247,0
240656,0
5990,0
290333,0
21242,0
261999,0
36385,0
191853,0
121481,0
122867,0
189589,0
230073,0
340656,0
139630,0
170970,0
153063,0
306658,0
20780,0
253148,0
360749,0
174849,0
339910,0
151489,0
232970,0
151190,0
250969,0
269122,0
23253,0
393453,1
90421,0
347220,1
78530,0
202901,0
375066,0
158325,0
381542,0
235271,0
328396,0
147068,0
133111,0
6371,0
268876,0
310746,0
207825,0
268963,0
270159,0
32570,0
391452,0
276513,0
153230,0
157579,0
352529,0
176320,0
302411,0
345686,0
204665,0
332007,0
86038,0
159186,0
65702,0
188558,0
2026,0
318200,0
87668,0
217043,0
380918,0
282983,0
167169,0
326872,0
362507,0
392826,0
381776,0
195481,0
272313,0
386268,0
239878,0
249438,0
283106,0
311083,0
115607,0
393391,0
357085,0
163576,0
71902,0
77359,0
158646,0
976,0
392734,1
243561,0
248594,0
136193,0
170570,0
305197,0
182952,0
14827,0
320465,0
207518,0
109094,0
381337,0
204601,0
166153,0
119247,0
379659,0
237918,0
284467,0
215249,1
340290,0
304691,0
375304,0
42650,0
247388,0
334252,0
250770,0
35748,0
314843,0
131173,0
142889,0
260828,0
372616,0
15756,0
343315,0
39213,0
344620,0
195573,0
45909,0
190617,0
334034,0
22061,0
344924,0
32286,0
77019,0
15527,0
57944,0
128843,0
6152,0
171167,0
50062,0
339901,0
345274,0
300397,0
221276,0
372072,0
193676,0
311388,0
110313,0
3334,0
25386,0
265829,0
356089,0
245825,0
234067,0
343402,0
301693,0
69422,1
110576,0
332831,0
33873,0
131848,0
111816,0
262219,0
133661,0
152260,0
231871,0
47755,0
99281,0
215464,0
373804,0
163083,0
83661,0
90626,0
189172,0
106535,0
221398,0
144207,0
152829,0
81063,0
66422,0
121650,0
385741,0
317690,0
394400,0
333472,0
62180,0
289532,0
152745,0
291670,0
130335,0
163718,0
240149,0
298960,0
77661,0
107596,0
365384,0
373012,0
205252,0
55673,0
174341,0
81373,0
38847,0
269283,0
246558,0
166102,0
160503,0
266483,0
287668,0
84395,0
67462,0
189642,0
364613,0
115302,0
330002,0
39574,0
335531,0
178042,0
141798,0
349161,0
141148,0
250857,0
100620,0
143859,0
275228,0
125475,0
173101,0
35770,0
211851,0
335726,0
84317,0
56228,0
45064,0
302395,0
576,0
388161,0
357788,0
377094,0
326606,0
83720,0
215675,0
326854,0
245680,0
91672,0
342776,0
336354,0
313451,1
169879,0
49072,0
66679,0
105633,0
173692,0
213683,0
356653,0
60859,0
64584,0
199076,0
18431,0
105406,0
392367,0
301969,0
9420,0
357753,0
168395,0
375303,0
210536,0
119198,0
364118,0
375624,0
40260,0
364374,0
126829,0
302757,0
311423,0
384127,0
321633,0
76810,0
350069,0
26490,0
251196,0
181537,0
141677,0
333591,0
330427,0
40823,0
28629,0
362486,0
98429,0
316138,0
9603,0
119602,0
344935,0
143807,0
330048,0
333212,1
263319,0
307303,0
345326,0
58043,0
273080,0
168548,0
363381,0
91545,0
238450,0
72058,0
169731,0
282573,0
177619,0
35865,0
350336,0
313186,0
153204,0
105338,0
344909,0
293005,0
9951,0
19477,0
154355,0
25171,0
300292,0
345660,0
238223,0
174665,0
88036,0
6135,0
277277,0
238508,0
272444,0
230953,0
87895,0
198126,0
21418,0
342645,0
141478,0
104606,0
279036,0
212058,0
174487,0
125839,0
250361,0
111392,0
32587,0
148057,0
226797,0
173754,0
292,0
390179,0
366981,0
359374,0
161327,0
298193,0
54416,0
330794,0
181232,0
3540,0
199451,0
283056,0
233876,0
253280,0
276796,0
169355,0
208007,0
3840,0
341349,0
170387,0
291583,0
247741,0
154250,0
66622,0
177055,0
362966,0
77436,0
321746,0
35613,0
254292,0
283949,0
287615,0
108552,0
359565,0
338108,0
145260,0
44899,0
353088,0
348489,0
115003,0
167600,0
33446,0
84277,0
111623,0
281682,0
92745,0
188473,0
177566,0
325209,0
113471,0
251998,0
148279,0
366055,0
11975,1
342584,0
373631,0
251026,0
353221,0
378600,0
102171,0
217981,0
145044,0
329965,0
283133,0
352175,0
163453,0
54628,0
307943,0
309082,0
184659,0
115773,0
40604,0
320781,0
296927,0
46558,0
167392,0
332311,0
109948,0
318354,0
42231,0
259400,0
180737,0
186555,0
4995,0
129945,0
117928,0
226089,0
299402,0
149746,0
390226,0
261636,0
344802,0
31875,0
282831,0
187258,0
12386,0
375967,0
291525,0
379720,0
315186,0
351391,0
192580,0
259602,0
376457,0
349298,0
160748,0
35595,0
21974,0
259430,0
128735,0
148127,0
67226,0
198404,0
320875,0
142020,0
1621,0
98762,0
287154,0
155204,0
11340,0
243529,0
4525,0
131423,0
167760,0
149629,0
309403,0
219950,0
317670,0
292584,0
53299,0
4983,0
269915,0
318031,0
149555,0
222137,0
141365,0
230672,0
123512,0
386436,0
390214,0
30095,0
314776,0
271570,0
197750,0
294453,0
64760,0
155097,0
330958,0
112479,0
275784,0
327186,0
329816,0
69249,0
7974,0
94185,0
121370,0
165239,0
308236,0
38115,0
250132,0
17589,0
158534,0
332568,0
63668,0
4148,0
24184,0
170705,0
274279,0
106552,0
206586,0
173336,0
37361,0
1297,0
234911,0
388675,0
252252,0
164674,0
332236,0
356675,0
316451,0
269148,0
240089,0
382878,0
218108,0
218612,0
199733,0
92960,0
326529,0
181651,0
49031,0
198960,0
230279,0
331939,1
391572,0
204270,0
247051,0
133301,0
211012,0
386835,0
88284,0
31992,0
126583,0
55956,0
349533,0
359446,0
25480,0
22173,0
236534,0
224532,0
203625,0
334673,0
264278,0
284135,0
349836,0
40812,0
179093,0
374099,0
54443,0
111099,0
365216,0
73171,0
215667,0
131877,0
377475,0
2486,0
45593,0
273061,0
79448,0
62684,0
169719,0
86589,0
61527,0
382893,0
649,0
252862,0
53302,0
259460,0
285068,0
25431,0
154835,0
5377,0
126606,0
65108,0
43949,0
91470,0
106015,0
194410,0
269399,0
137212,0
240975,0
277779,0
368152,0
325984,0
16803,0
253744,0
64339,1
375853,0
183839,0
634,0
358767,0
327131,0
263528,0
117556,0
240552,0
366529,0
113418,0
272331,0
322849,0
311612,0
104530,0
49524,0
293423,0
275211,0
200226,0
313012,0
383535,0
225930,0
108365,0
75713,0
140932,0
228103,0
384829,0
248505,0
37215,0
223297,0
285422,0
190570,0
220971,0
181970,0
230567,0
13641,0
351412,0
86885,0
109062,0
339743,0
68537,1
243344,0
76123,0
131134,0
358932,0
34524,0
141595,0
379879,0
85705,0
121818,0
383773,0
153525,0
125715,0
364283,0
132096,0
201644,0
326695,0
262572,0
79305,1
178022,0
332346,0
280236,0
245274,0
59916,0
348755,0
318271,0
265114,0
115363,0
61138,1
256100,0
250850,0
156792,0
315854,1
6004,0
311563,0
165690,0
25160,0
161869,0
69968,0
198574,0
21020,0
247667,0
142270,0
327837,0
353182,0
41624,0
203975,0
330943,0
18966,0
384401,0
17435,0
285500,0
155322,0
336154,0
183209,0
208158,0
161330,0
90262,0
28174,0
391867,0
287198,0
377852,0
388783,1
168142,0
27001,0
161249,0
199594,0
62861,0
96200,0
254361,0
302333,0
178677,0
128142,0
234796,0
240305,0
154018,0
78607,0
371022,0
140317,1
313993,0
125824,0
371959,0
383996,0
147424,0
180735,0
200590,0
48875,0
125309,0
193920,0
173007,0
184432,0
84494,0
222984,0
135248,1
339503,0
168957,0
186900,0
315144,0
284552,1
353166,0
235258,0
126019,0
116130,1
368994,0
341004,0
337211,0
214247,0
247252,0
334697,0
296776,0
369098,0
236260,0
286304,0
215208,0
172918,0
232638,0
215541,0
177270,0
198746,0
172625,0
63566,0
242538,0
226517,0
139516,0
246475,0
46754,0
6794,0
339168,0
217977,0
37555,0
389033,0
266609,0
271721,0
283613,0
90544,0
189563,0
363620,0
252093,0
154908,0
12793,0
327950,0
373248,0
223627,0
355906,1
274460,1
156771,0
250608,0
184374,0
287139,0
78139,0
180413,0
342637,0
31142,0
215550,0
110158,0
187632,0
162042,0
186326,0
163941,0
372055,0
380354,0
309541,0
291433,0
317559,0
367595,0
313415,0
87843,0
384484,0
156376,0
17773,0
67313,0
91806,0
271322,0
108854,0
309964,0
254367,0
254163,0
343589,0
4523,0
147104,0
246306,0
188190,0
40722,0
95222,0
318478,0
337483,0
264884,0
18895,0
120923,0
83583,0
124580,0
251856,0
261519,0
82918,0
357858,0
68538,1
52958,0
132436,0
84537,0
305474,0
278995,0
297859,0
305513,0
133881,0
151268,0
135798,0
196386,0
208651,0
393538,0
316676,0
302546,0
385748,0
201686,0
218589,0
337431,0
366208,0
310842,0
110654,0
15367,0
125029,0
381561,0
388607,0
47633,0
51851,0
196183,0
363042,0
263360,0
134316,0
211839,0
186730,0
101093,0
303300,0
306980,0
271914,0
147187,0
207637,0
87269,0
27097,0
25628,0
195499,0
278086,0
141980,0
59650,0
215392,0
123918,0
12643,0
43534,0
121774,0
366405,0
374070,0
158442,0
167587,0
12059,0
85407,0
207146,0
147333,0
394372,0
349390,0
367099,0
42317,0
329624,0
240708,0
389650,0
273914,0
39643,0
100423,0
69983,0
163210,0
268187,0
343705,0
182380,0
380099,0
64545,0
17024,0
27324,0
71320,0
81592,0
106848,0
175364,0
287102,0
117911,0
261353,0
100657,0
310211,0
346667,0
338116,0
268479,0
58561,0
390905,0
381332,0
95697,0
174689,0
69442,0
131973,0
126863,0
274317,0
286300,0
170934,0
99823,0
360969,0
54507,0
52819,0
254606,0
328899,0
216946,0
341193,0
249263,0
185400,0
37830,0
278487,0
342892,0
180497,0
231930,0
174037,0
58454,1
114922,0
17996,0
207202,0
232717,0
190739,0
133593,0
56736,0
952,0
338500,0
2582,0
33187,0
2990,0
267500,0
209976,0
263779,0
325640,0
162901,0
17384,0
44926,0
394544,0
356191,0
122046,0
55531,0
137276,0
197301,0
325230,0
91406,0
315219,0
82911,0
323685,0
6769,0
290490,0
57339,0
49286,0
164887,0
224587,0
298185,0
217262,0
278587,0
220158,0
206577,0
246620,0
140051,0
18018,0
36407,0
30358,0
30922,1
59037,0
191479,0
244052,0
366515,0
96424,0
277095,0
371882,0
103077,0
11371,0
292561,0
21999,0
218917,0
253074,0
308941,0
258922,0
237487,0
47742,0
25280,0
112817,0
85777,0
74091,0
245310,0
26579,0
181441,0
278515,0
344269,0
377166,0
378047,0
382292,0
181224,0
198004,0
113584,0
143136,0
326538,0
323290,0
365146,0
378594,0
121085,0
76862,0
294431,0
35592,0
20841,0
85486,0
393438,0
136065,0
270048,0
362830,0
353106,0
112606,0
126608,0
296002,0
227145,0
210807,0
220097,0
264858,0
55865,0
371940,0
198497,0
343712,0
181896,0
162024,0
293454,0
92725,0
48922,0
246342,0
123357,0
62539,0
28243,0
8054,0
303174,0
24150,0
76843,0
217394,0
345783,1
271635,0
268850,0
208621,0
95256,0
92428,0
176601,0
59619,0
98565,0
158401,1
79311,0
223111,0
67282,0
28371,0
257228,0
166957,0
306517,0
101419,0
263397,0
267110,0
231978,0
80163,0
27118,0
287455,0
382003,0
124814,0
389535,0
394007,0
23261,0
255633,0
54087,0
123602,0
151517,0
129066,0
366660,0
239995,0
347293,0
383884,0
284994,0
18511,0
91308,0
49129,0
49527,0
105991,0
169635,0
115665,0
303826,0
181747,0
157838,0
130828,0
167161,0
232121,0
267588,0
227464,0
271161,0
290196,0
267807,0
336300,0
147744,0
309662,0
283040,0
278558,0
355854,0
31006,0
268213,0
391920,0
333195,0
275616,0
250470,0
236479,0
362710,0
328150,0
135860,0
224918,0
45560,0
348777,0
172638,0
47610,0
138376,0
18272,1
259533,0
183658,0
347333,0
270109,0
142691,0
356336,0
39144,0
139358,0
280557,0
229348,0
392577,0
326349,0
380018,0
330404,0
62230,1
354993,0
264360,0
164185,0
350947,0
227592,0
25803,0
168892,0
11630,0
63805,0
227111,0
381661,0
214622,0
72529,0
259308,0
328271,0
310349,0
323151,0
352364,0
160078,0
217498,0
34293,0
391152,1
320778,0
278484,0
131601,1
366367,0
81091,0
222329,0
337054,0
8153,0
285040,0
164374,0
51961,0
314720,0
339976,1
78430,0
196091,0
204703,0
310937,0
184339,0
89048,0
225802,0
25102,0
105598,0
236091,1
177475,0
280197,0
68206,0
311540,0
364813,0
179988,0
242208,0
381414,0
9862,0
323717,0
206778,0
267513,0
47051,0
394483,0
177883,0
105617,0
250454,0
41599,0
142686,0
203167,0
305241,0
258500,0
170153,0
236195,0
113385,0
232916,0
109364,0
93018,0
106247,0
382985,0
252515,0
370413,0
95765,0
66777,0
295601,0
182506,0
362591,0
17764,0
141275,0
56772,0
55097,0
194654,0
182436,0
319382,0
184252,0
24564,0
327228,0
306687,0
31707,0
104931,0
203038,0
261017,0
87883,0
19087,0
285463,0
303894,0
293086,0
257327,0
135811,0
162147,0
124613,0
213977,0
44625,0
297440,0
26351,0
154265,0
94831,0
349051,0
57224,0
44085,0
373961,0
151752,1
237358,0
373813,0
379891,0
319710,0
121732,0
90719,0
134970,0
168992,0
361232,0
348104,0
330390,0
370094,0
88241,0
393319,0
275994,0
360532,0
322867,0
316213,0
29464,0
190577,0
120982,0
290611,0
104661,0
82125,0
115101,0
137273,0
265250,0
1283,0
153391,0
4271,0
157032,0
338560,1
282482,0
172790,0
228580,0
392328,0
64862,0
223740,0
70882,0
386402,0
96704,0
32345,0
171053,0
305482,1
107762,0
260428,0
383323,0
188959,0
56613,0
379046,0
301110,0
206880,0
180301,0
232256,0
379852,0
226371,0
182833,0
311652,0
242336,0
216895,0
282775,0
378170,0
102322,0
97252,0
200344,0
101618,0
179973,0
6915,0
156956,0
362096,0
312752,0
21993,0
8965,0
186749,0
78024,0
290779,0
39143,1
88553,0
191554,0
395951,0
287688,0
360632,0
312784,0
345992,1
161328,0
283446,0
143543,0
98568,0
114161,0
183461,0
192317,0
370565,0
119243,0
388301,0
378381,0
297161,0
16219,1
268043,0
107112,0
85260,0
53297,0
180118,0
213686,0
222328,0
111683,0
121088,0
319263,0
355410,0
351778,0
372225,0
299900,0
374317,0
128804,0
368197,0
167648,0
332031,0
219385,0
37691,0
275643,0
242371,0
48916,0
180706,0
350491,0
220280,0
359655,0
60653,0
372725,0
240995,0
322332,0
312434,0
130537,0
106049,0
184916,0
139416,0
83184,0
27344,0
380484,0
207644,0
229448,0
359155,0
393661,0
187985,0
308194,0
385377,0
97539,0
258145,0
381489,0
268624,0
19437,0
220164,0
240405,0
89080,0
118295,0
186249,0
321142,0
304923,0
357538,0
275209,0
53365,0
269921,0
105428,0
215900,0
228010,0
75262,0
37179,1
231487,0
314537,0
341317,0
100096,0
106766,0
352868,0
182482,0
47722,0
221051,0
271824,0
256862,0
190238,0
154193,0
201331,0
101189,0
95592,0
172621,0
57796,0
330589,0
159330,0
127811,0
359920,0
277798,0
115106,0
50646,0
155814,0
221700,0
82202,0
100238,0
119878,0
163006,0
131292,0
121959,0
86755,0
42512,0
85528,0
287285,0
230595,0
26952,0
87753,0
394644,0
307572,0
342177,0
333760,0
185546,0
215695,0
2007,0
349020,0
365073,0
188224,0
241320,0
84915,0
117669,0
267654,0
172091,0
190156,0
314892,0
94309,0
248852,0
239945,0
170524,0
80462,0
162298,0
216109,0
81611,0
251612,0
65544,0
363095,0
101119,0
395136,0
199259,0
121660,0
81952,0
210743,0
326531,0
271449,0
318788,0
40115,0
33980,0
358070,0
358056,1
377978,0
41274,0
352540,0
333859,0
379232,0
237846,0
110697,0
343284,0
69931,0
367072,0
120460,0
339078,0
120888,0
376745,0
143448,0
320236,0
193141,0
281644,0
179575,0
141471,0
136024,0
294914,0
171314,1
132178,0
27504,0
55026,0
302519,0
175785,0
120282,0
394447,0
147603,0
109269,0
8648,0
209323,0
270508,0
92402,0
176674,0
48013,0
92807,0
238753,0
280726,0
360096,0
113744,1
287040,0
249061,0
36977,0
78987,0
373758,0
340866,0
345900,0
117621,0
297880,0
393115,0
190673,0
78323,0
9874,0
362603,0
335873,0
216041,0
146912,0
377616,0
304612,0
353333,0
341019,0
281042,0
172881,0
109497,0
342277,0
135349,0
61492,0
315945,0
319440,0
171303,0
3469,0
237085,0
176602,0
248684,0
297,0
42202,0
147216,1
173670,0
61397,0
387384,0
107289,0
375356,0
97741,0
26461,0
290724,0
127297,0
92273,0
146091,0
50455,0
364022,0
230392,0
28234,0
309305,0
178217,0
264111,0
342948,0
208561,0
79994,0
74892,0
191400,0
166788,0
70879,0
21821,0
76239,0
45608,0
334420,0
297312,0
313911,0
208822,0
224214,0
33936,0
142667,0
344777,0
322353,0
116331,0
236208,0
233529,0
98789,0
147147,0
11461,0
276151,0
325426,0
82768,0
220670,0
98797,0
45920,0
178297,0
81132,0
358952,0
173190,0
11891,0
258432,0
228244,0
197878,0
60115,0
42307,0
40840,0
175191,0
181680,0
195792,0
43680,0
244019,0
365989,0
355207,0
155017,0
9570,0
163399,0
283696,0
34646,0
182938,0
386943,0
65538,0
189954,0
250592,0
187440,0
71936,0
9868,0
276707,0
346641,0
50520,0
248038,0
211747,0
327983,0
355913,0
160802,1
204825,1
108475,0
8133,0
257423,0
71500,0
48066,0
5655,0
192596,0
30960,0
200029,0
59488,0
326417,0
277165,0
62731,0
166544,0
326682,0
82085,0
52305,0
275813,0
306831,0
238423,0
280610,0
208750,0
159150,0
389824,0
270693,0
127318,0
320507,0
195193,0
168435,0
45886,0
214434,0
380733,0
56640,0
338828,0
164302,0
44122,0
183212,0
178867,0
150037,0
247125,0
106108,0
250916,0
264099,0
337561,0
259749,0
339104,0
297005,0
272895,0
44230,0
162237,0
91767,0
360519,0
44150,0
127550,0
216131,0
92582,0
390020,0
250839,0
285622,0
34980,0
339549,0
199824,0
81268,0
163801,0
19858,0
209353,0
225845,0
264481,0
35079,0
297979,0
284933,0
386104,0
196687,0
71693,0
371724,0
278936,0
299334,0
220355,0
219645,0
15086,0
201934,0
25133,0
266383,0
341720,0
43357,0
359256,1
361936,0
393470,0
72881,0
131608,0
386110,0
106145,1
313539,0
279824,0
92827,0
85953,1
88538,0
23807,0
69111,1
257375,0
32960,1
94,0
395058,0
322494,0
50958,0
104813,0
102560,1
12963,0
258401,0
315049,0
245082,0
297962,0
158187,0
293409,0
321420,0
148661,0
377830,0
177077,0
55676,0
60713,1
54215,0
122257,0
225443,0
210853,0
121054,0
123702,0
123701,0
209407,0
242516,0
112063,0
268652,0
369993,0
204695,0
53296,1
374786,0
119963,0
362711,0
384277,0
263581,0
356564,0
386926,0
93673,0
100349,0
374502,0
189598,0
85892,0
70731,0
231100,0
187075,0
29321,0
283599,0
35697,0
121092,0
317550,0
365101,0
165037,0
372651,0
253954,0
252469,0
234735,0
311106,0
83339,0
44642,0
252966,0
77469,0
68715,0
384369,0
313638,0
70673,0
273223,0
297084,0
83881,0
296189,0
128950,0
97573,0
38158,0
363541,0
299515,0
78829,0
372172,0
88023,0
149361,0
32867,0
350066,0
391491,0
146270,0
31796,0
124570,0
109328,1
288287,0
311448,0
104099,0
62437,0
119616,0
51274,0
13278,0
141687,0
114570,0
342248,0
322033,0
192191,0
141988,0
323954,0
379499,0
156805,0
95573,0
395389,0
133738,0
90165,0
183511,0
233474,0
198454,0
104285,0
207408,0
267264,0
71827,0
43919,0
283976,0
100344,0
264431,0
339150,0
356379,0
370091,0
243892,0
15510,0
127766,0
216255,0
56390,0
284632,0
67273,0
305518,0
89347,0
374655,0
64369,0
300638,0
320737,0
359610,0
135510,0
312909,0
44479,0
80729,0
307687,0
347619,0
360072,0
231802,0
217444,0
144094,0
52241,0
32372,0
7483,0
285515,0
142236,0
193932,0
278816,1
371075,0
239510,0
187612,0
286457,0
42370,0
255097,0
228144,0
227133,0
263010,0
103497,0
58439,0
106643,0
349920,0
301929,0
281420,0
101583,0
340299,0
272669,0
67004,0
391420,0
202817,0
13515,1
172497,0
193004,0
308203,0
331819,0
37030,0
187606,0
101225,0
53752,0
311399,0
279848,0
156371,0
51667,0
35052,0
163609,0
3445,0
155312,0
99847,0
33075,0
60275,0
140774,0
17732,0
53737,0
3317,0
77582,0
209879,0
288408,0
298350,0
101105,0
206373,0
15796,0
258783,0
12127,0
82059,0
204896,0
344566,0
302300,0
45311,0
114397,0
388880,0
386101,0
63989,0
273214,0
208505,0
122273,0
136927,0
207546,0
33071,0
35887,0
192140,0
388846,0
171013,0
76748,0
134815,0
87064,0
34331,0
107197,0
199862,0
168539,0
365580,0
192492,0
197601,0
351435,0
135285,0
49401,0
145693,0
19192,0
385369,0
86287,0
64403,0
83137,0
124574,0
345422,0
147239,0
3206,0
315801,0
158562,0
39389,0
220750,0
395745,0
133299,0
334250,0
8497,0
155499,0
125688,0
174705,0
226158,0
16707,0
265826,0
70462,0
274353,0
51130,0
77822,0
212743,0
284975,0
225778,0
365044,0
270230,0
390176,0
143607,0
3079,0
280907,0
296497,0
15936,0
266299,0
324333,0
39582,0
356592,0
388281,0
359665,0
253046,0
74904,0
45975,0
135345,0
180878,0
114901,0
363519,0
287322,0
390159,1
346570,0
280434,0
64176,0
18793,0
183169,0
305026,0
301716,0
95171,0
254231,0
379066,0
35455,0
172238,0
122375,0
41627,0
105108,0
385179,0
62294,1
162483,0
95927,0
291851,0
20667,0
292417,0
385977,0
277731,0
103543,0
247342,0
258828,0
332603,0
203396,0
92626,0
305337,0
146895,0
36557,0
230872,0
164556,0
346892,0
230058,0
340895,0
244958,0
164117,0
256397,0
238617,0
47848,0
284569,0
183416,0
317147,0
395447,0
152044,0
125478,0
97082,0
118039,0
242403,0
157036,0
206350,0
180159,0
334879,0
330720,0
299196,0
324812,0
295436,0
382579,0
256360,0
59137,0
65083,0
250477,0
88169,0
102410,0
46958,1
138957,1
30115,0
1789,0
195777,0
367554,0
317881,0
183395,0
267512,0
132195,0
16852,0
37958,0
115655,0
262385,0
7227,0
262490,0
65277,0
154958,0
39795,0
63818,0
195238,0
60183,0
138435,0
38415,0
380345,0
223316,0
353896,0
162744,0
247105,0
170864,0
154338,0
293950,0
140461,0
353793,0
330817,0
150950,0
5520,0
202059,0
341035,0
279033,0
276174,0
119257,0
169173,0
303640,0
390708,0
131436,0
293083,0
386698,0
219311,0
89921,0
3662,0
77027,0
289824,0
301463,0
249190,0
285229,0
49829,0
189247,0
68865,0
263516,0
97164,0
45402,0
185637,0
282700,0
41867,0
106284,0
162527,0
329606,0
523,0
59186,0
162980,0
7776,0
251417,0
182993,0
72681,0
170001,0
280862,0
98679,0
362560,0
180928,0
94225,0
58013,0
265043,0
237477,0
28763,0
218163,0
138841,1
296041,0
67231,0
42177,0
166820,0
66424,0
31020,0
70327,0
105241,0
74765,0
96185,0
81254,0
251077,0
267669,0
94940,0
274032,0
197295,0
304505,0
61418,0
54134,0
289549,0
349549,0
319364,0
201069,0
368768,0
302483,0
198357,0
133068,0
251680,0
288993,0
355000,0
226124,0
152163,0
95722,0
51319,0
37848,0
229300,0
96734,0
344342,0
95855,0
291299,0
315753,0
147145,0
111999,0
375937,0
48571,0
12777,0
108769,0
84420,0
94191,0
155330,0
338584,0
16857,0
125077,0
167766,0
106400,0
57721,0
343562,0
125700,0
24977,0
95307,0
290263,0
343406,0
2861,0
14557,0
64418,0
39254,0
391485,0
343889,0
113475,0
202303,0
321908,0
104080,0
249710,0
4343,0
122672,0
77443,0
2169,0
241246,0
310945,0
315897,0
355070,0
52936,0
123716,0
52591,0
58245,1
203555,0
293136,0
246310,0
134311,0
80825,0
93209,0
372547,0
11084,0
308500,0
100318,0
16814,0
36317,0
18796,0
8984,0
212741,0
199319,1
119807,0
49382,0
121456,0
373900,0
67742,0
290859,0
178093,0
361787,0
265081,0
209261,0
313026,1
160346,0
158873,0
53806,0
98880,0
284085,0
235471,0
298091,0
372078,0
343599,0
328419,0
169285,0
227961,0
99640,0
158047,0
205692,0
169062,0
194418,0
332212,0
342129,0
291022,0
361802,0
82156,0
251184,0
25008,0
189379,0
38210,0
165957,0
119308,0
387171,0
299603,0
198869,0
287360,0
173553,0
89824,0
166772,0
132819,0
267287,0
194470,0
204770,0
229442,0
389843,0
378431,0
320743,0
61981,0
164595,0
6878,0
68044,0
258479,0
90930,0
85359,0
335114,0
91329,0
172955,0
57641,0
367826,0
90043,0
160198,0
119260,0
43146,0
385144,0
7407,0
257185,0
4476,0
268706,0
42148,0
172661,0
162626,0
52100,0
332531,0
239211,0
335879,0
258586,0
152134,0
235049,0
314031,0
211275,0
192251,0
83735,0
200544,0
270961,0
86268,0
201189,0
91159,1
313826,0
269054,0
153731,0
101483,0
172480,0
229926,0
394812,0
276738,0
146591,0
155483,0
236372,0
380121,0
21435,0
309847,0
201858,0
157068,0
172719,0
371672,0
359293,1
276487,0
222283,0
17611,0
323211,0
146087,0
19385,0
184107,0
99364,0
322657,0
187562,0
341882,0
258322,0
258164,0
83947,0
323255,0
81117,0
54973,0
105026,0
322731,0
222918,0
339537,0
389930,0
66169,0
340659,0
92051,0
115191,0
171608,0
112163,0
61845,0
333645,0
120052,0
108448,0
131678,0
312420,0
161227,0
18590,0
54600,0
225967,0
41747,0
276136,0
45016,1
20613,0
118351,0
166094,0
139820,0
278042,0
204731,0
140348,0
186420,0
309373,0
247799,0
365119,0
391481,0
107162,0
40632,0
330097,0
280229,0
38720,0
261814,0
78364,0
393983,0
196646,0
257358,0
144895,0
47888,0
211027,0
78652,0
326818,0
206353,0
127897,0
344451,0
123513,0
103602,0
179644,0
268093,0
239838,0
183282,0
312873,0
341797,0
30016,0
395948,0
160611,0
385459,0
318801,0
65478,0
267307,0
319027,0
364101,0
135469,0
222706,0
108981,0
270772,0
332650,0
69885,0
266992,0
200093,0
285176,0
141402,0
12470,0
242600,0
75426,0
123521,0
55993,0
257865,1
172230,0
151602,0
392043,0
46509,0
142654,0
314544,0
117410,0
341212,0
125285,0
27537,0
29386,0
27613,0
382226,1
90526,0
117365,0
177269,0
289022,0
293350,0
18857,0
382374,0
242060,0
88106,0
35224,0
64602,0
142318,0
312739,0
357536,0
30463,0
230174,0
173823,0
368947,0
45826,0
293727,0
266431,0
174102,0
298676,0
345581,0
101264,0
131435,0
232507,0
122544,0
83768,0
72857,0
179992,0
69022,0
167866,0
242313,0
80236,1
239501,0
381252,0
375247,0
278639,0
235202,0
322117,0
365357,0
1617,0
92206,0
47343,0
319895,0
56802,0
47908,0
268608,0
159430,0
202038,0
110172,0
65549,0
44892,0
289042,0
14785,0
161076,0
287310,0
54335,0
251788,0
6764,0
328341,0
118407,0
171308,0
179128,0
20540,0
238988,0
80733,0
107806,0
254590,0
140182,0
95731,0
3837,0
228517,0
306531,0
40497,0
212858,0
236103,0
325513,0
218486,0
359413,0
263223,0
233169,0
233323,0
254199,0
308168,0
56604,0
65676,0
92254,0
351437,0
82276,0
279500,0
385882,0
87278,0
326947,0
70851,0
151236,0
359406,0
322613,0
1239,0
106452,1
28133,0
146172,0
80573,0
48447,0
85642,0
372446,0
5713,0
348956,0
304926,0
46272,0
292256,0
102020,0
203704,1
33708,0
72492,0
328096,0
274849,0
167201,0
299400,0
57686,0
298497,0
385148,0
121517,0
115055,0
122344,0
153971,0
56461,0
217234,0
255340,0
45833,0
295420,0
384049,0
222007,0
277771,0
260684,0
103363,0
5340,0
264585,0
358591,0
37560,0
386649,0
103234,0
263910,0
121883,0
309619,0
295851,0
313952,0
218893,1
194019,0
381135,0
102111,0
255709,0
75707,0
166944,0
200266,0
386787,0
29469,0
71150,0
3725,0
108615,1
177001,0
372557,0
35145,0
242320,0
366787,1
204996,0
374543,0
40771,0
157708,0
8380,0
348482,0
100838,0
390062,0
285784,0
92537,0
27298,0
377730,0
105019,0
338802,0
145926,1
221272,0
273092,0
245416,0
40268,0
142365,0
231119,0
29914,0
24851,1
163067,0
309190,1
68243,0
181738,0
209846,0
297236,0
246376,0
305673,0
262997,0
193395,1
168795,0
279854,0
36163,0
351808,0
51194,0
2761,0
299205,0
156263,0
114316,0
59594,0
67312,0
318639,0
67386,0
193211,0
38278,0
113054,0
291177,0
185756,0
217627,0
41034,0
320761,0
293376,0
221502,0
296215,0
16325,0
21645,0
205841,0
290284,0
119345,0
129734,0
34582,0
13076,0
355131,0
250996,0
270672,0
388776,0
302511,0
335201,0
68322,0
159492,0
317017,0
125671,0
371291,0
35225,0
238526,0
389851,0
234047,0
214403,0
262817,0
287973,0
265152,0
336443,0
25929,0
108818,0
168639,0
2162,1
75136,0
4301,0
55671,0
82688,0
100395,0
347932,0
221103,0
320823,0
110183,0
204364,0
195672,0
3490,0
73862,0
56234,0
113834,0
73280,0
50791,0
140224,0
65665,0
98919,0
307220,0
171826,0
97372,0
50047,0
75844,0
224060,0
6381,0
37136,0
199027,0
126000,0
236491,0
105999,0
200211,0
32801,0
271108,0
226848,0
69687,0
5255,0
120606,0
369827,1
298852,0
225819,0
18585,0
166565,0
330707,0
383908,0
318438,0
189115,0
167326,0
102731,0
364369,0
319747,0
48207,0
260964,0
208435,0
354016,0
174125,0
36688,0
24299,0
323911,0
74261,0
11305,0
149468,0
21278,0
294568,0
311341,0
20257,0
244755,0
373628,0
115297,0
229946,1
360755,0
258135,0
232565,0
167228,0
213960,1
325021,0
121951,0
226850,0
365278,0
239482,0
32791,0
32022,0
51055,0
81691,0
378447,1
54558,0
184179,0
234044,0
151113,0
6315,0
139953,0
197190,0
286737,0
152895,0
75582,0
316674,0
19703,0
377419,0
333589,0
346743,0
50236,0
198628,0
254636,0
265952,0
216586,0
197297,0
278216,0
75730,0
275206,0
211593,0
149109,0
326159,0
94114,0
39762,0
201619,0
74263,0
193704,0
89933,0
239913,0
322614,0
243513,0
17804,0
333321,0
253860,0
96368,0
162621,0
45912,0
146891,0
110025,0
365301,0
336333,0
251142,0
253696,0
328811,0
138685,0
232173,0
58693,0
139984,0
145165,0
102042,0
110113,0
299622,0
71282,0
120471,0
97250,0
147656,0
181509,0
314583,0
198794,0
45097,0
307899,0
10802,0
167179,0
157486,0
119371,1
353133,0
307519,0
171487,0
207048,1
284033,0
221589,0
29325,0
269947,0
281432,0
326129,0
311425,0
324848,0
346280,0
318385,0
72772,0
82573,0
252417,0
47423,0
89634,0
216753,0
359988,0
208463,0
104494,0
1922,0
65455,0
19463,0
18567,0
340783,0
344887,0
257593,0
88475,0
135459,0
309071,0
212689,0
118698,0
372255,0
228719,0
98421,0
277081,0
317209,0
172394,0
167320,0
179160,0
143012,0
14214,0
16563,0
26974,0
221020,0
167244,0
66255,1
121010,0
132727,0
96192,0
61050,0
208900,0
311826,0
178777,0
44550,0
76488,0
213268,0
150084,0
6119,0
41102,0
96546,0
72146,0
101489,0
313373,0
134786,0
132136,0
177448,0
21200,0
79878,0
123508,0
255052,0
182847,0
177292,0
349255,0
44485,0
182997,0
332513,0
120691,0
385609,0
392509,0
328395,0
80145,0
177345,0
336836,0
385356,0
239522,0
139622,0
314548,0
52638,0
248271,1
8184,0
248160,0
187131,0
13402,0
264135,0
57873,0
254385,0
156284,0
316717,0
146765,0
48374,0
199866,0
271500,0
83830,0
330129,0
4171,0
243407,0
227811,0
346277,0
77670,0
359805,0
225457,0
304357,0
159403,0
107004,0
272541,0
153943,0
182731,0
7901,0
355721,1
348311,0
388200,0
173922,0
49953,0
172908,0
224431,0
226455,0
186039,0
346968,0
78823,0
60025,0
301590,0
171074,0
373824,0
171904,0
286948,0
78731,0
263891,0
341012,0
137909,0
348412,0
348422,0
95087,0
50194,0
252074,0
387429,0
112713,1
214041,0
222794,0
26135,0
216212,0
196714,0
176353,0
324590,0
156095,0
217387,0
61524,0
242976,0
391785,0
237451,0
251935,0
13001,0
200940,0
192193,0
303030,0
203015,0
194287,1
272442,0
94428,0
162430,0
280025,0
223658,0
382593,0
356120,0
67860,0
59898,0
354327,0
392973,0
366038,0
275117,0
57927,0
54931,0
346063,0
246657,0
140555,0
153528,0
148311,0
350560,0
167062,0
144608,0
173364,0
280886,0
161684,0
168484,0
186937,0
141580,0
51922,0
327266,0
87070,0
299672,0
343916,0
178243,0
300534,0
71558,0
72231,0
94004,0
272668,0
211748,0
189817,0
384980,0
359715,0
293964,0
303559,0
205743,0
269390,0
342187,0
82352,0
276673,0
204582,0
215929,0
270208,0
239901,0
350027,0
225041,0
258637,0
189899,0
50653,0
208666,0
368652,0
379912,0
344020,0
39270,0
311907,0
290608,0
161512,0
362491,1
111789,0
264548,0
166667,0
335744,0
137892,0
280927,0
73073,0
122734,0
175821,0
391991,0
306623,0
364720,0
212945,0
12221,0
81871,0
334388,0
17854,0
95140,0
55998,0
76370,0
216346,0
106862,0
133563,0
55647,0
240817,0
297868,0
269700,0
269745,0
350806,0
208201,0
179214,1
379715,0
114993,0
149452,0
215057,1
155412,0
175325,0
114876,0
368133,0
202225,0
377963,0
205501,0
12942,0
118826,0
330515,0
9053,0
342549,0
169709,0
93698,0
375295,0
3166,0
20987,0
226736,0
369471,0
358549,0
319653,0
96036,0
166145,0
59163,0
111439,0
242044,0
113904,0
334635,0
275963,0
383538,0
145672,0
121068,0
203556,0
341264,0
135516,0
232188,0
97224,0
184163,0
286459,0
90595,0
202516,0
59505,1
90706,0
100018,0
339425,0
39816,0
152484,0
17251,0
381608,0
165377,0
328569,0
261891,0
83138,0
8374,0
2951,0
299249,0
54608,0
60028,0
6060,0
346205,0
99959,0
66425,0
152032,0
170475,0
121359,1
231793,0
270994,0
282387,0
279128,0
277715,0
335430,0
197199,0
58636,0
354447,0
12049,0
105053,0
249456,0
293251,0
261807,0
102034,0
7379,0
355638,0
46354,0
132923,0
275167,0
157281,0
53025,0
304458,0
236770,0
123176,0
229915,0
375810,0
356963,0
8007,0
154688,0
373398,1
36762,0
115413,0
321613,0
37790,0
148534,0
163023,0
105543,0
73573,0
236897,0
276471,0
50301,0
269151,0
159561,0
22214,0
91261,0
179593,0
315028,0
329155,0
330501,0
278188,0
52957,1
84923,0
82274,0
270293,0
224337,0
387405,0
26763,0
194892,0
133044,0
258914,0
345301,0
204955,0
69410,0
321506,0
175771,0
196558,0
273373,0
349432,0
193276,0
238073,0
153875,0
384919,0
378321,0
58820,0
81339,0
18452,0
186431,0
88345,0
225247,0
144361,0
214419,0
288663,0
163720,0
117794,0
352406,0
57140,0
173685,0
19700,0
374748,0
12595,0
63433,0
14351,0
202733,1
178594,0
9157,0
168002,0
13789,0
27070,0
296911,0
369607,0
226637,0
382033,0
317082,0
365017,0
318920,0
386077,0
19925,0
256250,0
197021,0
11911,0
311006,0
312874,0
361409,0
286618,0
69681,0
268136,0
300379,0
386513,0
667,0
154866,0
334327,0
51084,0
41098,0
14464,0
283311,0
240160,0
229403,0
35306,0
173804,0
104356,0
1368,0
253544,0
190488,0
110763,0
248913,0
309123,0
222610,0
369975,0
60152,0
735,0
199305,0
178668,0
197845,0
40580,0
69332,0
170355,0
349866,0
334883,0
328114,0
260604,0
180364,0
287395,1
184941,0
158371,0
308326,0
89436,0
311984,0
13681,0
234280,0
335616,0
20765,0
233363,0
296977,0
358746,0
90209,0
355304,0
189353,0
362552,0
379460,0
74400,0
13366,0
217386,0
285164,0
183215,0
262959,0
348786,0
152552,0
274248,0
262980,0
389378,0
264012,0
99124,0
380113,0
97474,0
318763,0
266012,0
144274,0
262198,0
143106,0
294592,0
91148,0
70955,0
132302,0
37744,0
297776,0
356307,0
214598,0
104293,0
161093,0
42399,0
293166,0
59183,0
245250,0
30483,0
224204,0
324675,0
89864,0
257244,0
1569,0
165260,0
334507,0
344770,0
314412,0
221744,0
213679,0
161716,0
58163,0
104207,0
122729,0
70413,0
7288,1
263328,0
302279,0
158997,0
113857,0
276172,0
136993,0
231156,0
280719,0
294211,0
369849,0
367215,0
206096,0
74175,0
335532,0
21173,0
170755,0
223972,0
133937,0
71994,0
162124,0
174430,0
356178,0
132121,0
307261,0
275153,0
39569,0
234755,0
231280,0
348495,0
348826,0
60067,0
179830,0
159710,0
365932,0
195168,0
58554,0
86047,0
314899,0
290453,0
11743,0
253936,0
133678,0
365512,0
130054,0
352105,0
308612,0
304950,0
111821,0
286783,0
248169,0
90401,0
162910,0
209046,0
48865,0
325262,0
250915,0
55106,0
314795,0
227258,0
369053,0
81438,0
171157,0
45390,0
77741,0
312397,0
381999,0
313630,0
68241,0
147554,0
275920,0
110569,0
10427,0
181781,0
296360,0
179667,0
299316,0
192640,0
336349,0
202692,0
113833,0
28225,0
221128,0
290081,0
226317,0
57124,0
359891,0
249902,0
360462,0
683,0
364468,0
247507,0
286455,0
170104,0
216121,0
222822,0
362069,0
331380,0
97769,1
253598,0
97897,0
248544,0
5133,0
205191,0
139490,0
33833,0
98221,0
297034,0
99895,0
152473,0
287054,0
40848,0
25299,0
279120,0
315527,0
165205,0
108730,0
138659,0
334135,0
383343,0
32085,0
332147,0
288465,0
313010,0
103425,0
123120,0
393233,0
389700,0
53886,0
342702,0
90801,1
25258,0
16245,1
90277,0
174951,0
213973,0
44920,0
236216,0
69445,0
152175,0
23427,0
200862,0
333796,0
257285,0
5115,0
67970,0
247833,0
204100,0
277420,0
161848,0
247587,0
42341,0
284946,1
224861,0
92761,0
69956,0
66836,0
277814,0
283200,0
384778,0
176293,0
96768,0
36036,0
236552,0
199155,0
321338,0
331547,0
218520,0
227071,0
187806,0
339232,0
364316,0
131432,0
134995,0
121768,0
269944,0
9608,0
2263,0
140487,0
391461,0
193414,0
275262,0
258195,0
197886,1
282997,0
247680,0
288846,0
130811,0
388801,0
247328,0
389201,0
225969,0
329231,0
262916,0
163647,0
184355,0
300717,0
122953,0
184967,0
91474,0
164749,0
215679,0
113267,0
100012,0
220867,0
125576,0
395802,0
278041,0
34319,0
255050,0
144167,0
117320,0
231762,0
395451,0
260038,0
134260,0
29711,0
57428,0
27794,0
251611,0
107848,0
93647,0
240470,0
154534,0
323347,0
243612,0
272112,0
291699,0
140025,1
1227,0
312165,0
304741,0
108293,0
364093,0
268891,0
116952,0
383662,0
169356,0
173794,0
376689,0
134634,0
339343,0
394529,0
362481,0
136366,0
191987,0
162096,0
182693,0
296075,0
314731,0
125456,0
260446,0
258937,0
29920,0
204631,0
247090,0
206818,0
15804,0
313542,0
73454,0
24739,0
307394,0
272886,0
348293,0
239719,0
240237,0
158628,0
248841,0
51728,0
295053,1
20380,0
320240,0
247490,0
292301,0
308658,1
231007,0
320104,0
2099,0
317309,0
294099,1
319117,0
60268,0
236061,0
356159,0
234166,0
377506,0
109463,0
154918,0
382081,0
36864,0
201481,1
4477,0
176074,0
101338,0
369272,0
83435,0
37968,0
14828,0
317063,1
185549,0
40300,0
197000,0
356556,0
98476,0
95164,0
189551,0
329290,0
251526,0
70112,0
353607,0
221860,0
132765,0
182957,0
184943,0
204472,0
183989,0
96516,0
101509,0
216687,0
92083,0
277372,0
333104,0
314929,0
337929,0
11113,0
157612,0
95986,0
359426,0
144099,0
235790,0
207713,0
199542,0
56217,0
29090,0
352671,0
171912,0
238855,0
81666,0
265892,0
253575,0
220886,0
296499,0
115782,0
110320,0
62424,0
335771,0
393196,0
352526,0
214742,0
169683,0
386869,0
292534,0
239348,0
178268,0
200262,0
326049,1
367470,0
20848,0
179498,0
1247,0
116169,0
272631,0
249591,0
117152,0
309442,0
142630,0
219336,0
329837,0
330772,0
217533,0
82263,0
138759,0
118668,0
4479,0
94586,0
86232,0
304958,0
239757,0
362975,0
373172,0
220638,0
177068,0
200974,0
133353,0
368701,0
137756,0
237040,0
1117,0
315375,0
81662,0
44108,0
340552,0
45756,0
42059,0
96537,0
386667,0
53404,0
222842,0
363952,1
394024,0
287953,0
226279,0
314429,0
218631,0
204256,0
3700,0
74076,0
364780,0
363777,0
8205,0
80561,0
337467,0
220254,0
193114,0
41592,0
76631,0
68574,0
219357,0
354182,0
125263,0
141888,0
180810,0
6382,0
43385,0
168472,0
193654,0
177505,0
245049,0
171277,0
125370,0
388149,0
31678,0
393860,0
6041,0
273933,0
390886,0
89882,0
73846,0
10652,0
160424,0
304790,0
250299,0
168626,0
121500,0
66600,0
319225,0
33241,0
165211,0
312726,0
381214,0
95698,0
282763,0
295117,0
114387,0
334796,0
361077,0
133960,0
301086,0
221481,0
226506,0
185626,0
24137,0
140908,0
336376,1
199081,0
320007,0
304307,0
351774,0
188447,0
24063,0
275135,0
264151,0
338435,0
134649,0
61911,0
156109,0
30261,0
272934,0
336871,0
197032,0
311533,0
220146,0
381952,0
191071,0
172375,0
233620,0
280041,0
272896,0
350494,0
325931,0
230059,0
373338,0
27676,0
187023,0
147427,0
263017,0
372422,0
3204,0
2404,0
176002,0
82539,0
190992,0
120774,0
172186,0
3106,0
120939,0
211647,0
200481,0
249387,0
302197,0
348579,0
29095,0
110509,0
305071,0
362411,0
348789,1
246725,0
288322,0
4158,0
194850,0
229301,0
258171,0
31390,0
54626,0
129748,0
192901,0
248283,0
157049,0
185703,0
67861,0
12140,0
282642,0
142150,0
3017,0
322326,0
337332,0
299802,0
18285,0
235536,0
354328,1
111329,0
349069,0
314685,0
348619,0
78579,0
331646,0
147290,0
139159,0
238157,0
16389,0
311950,0
171422,0
166128,0
385897,0
276631,0
394727,0
317645,0
158885,0
119108,0
278621,0
186369,0
361308,0
222459,0
245197,0
333807,0
5485,0
62851,0
289435,0
15946,0
43628,0
50158,0
206042,0
75999,0
323363,0
184949,0
334141,0
308181,0
119901,0
127508,0
35243,0
195413,0
311770,0
346727,0
131385,0
282785,0
336345,0
305950,0
197087,0
318103,0
220362,0
360949,0
113768,0
291529,0
15918,0
116362,0
35385,0
86372,0
289319,0
341257,0
193521,1
95521,0
352519,0
136730,0
139383,0
71990,0
58187,0
388951,0
116030,0
215687,0
140518,0
32523,0
234596,0
383204,0
25760,0
259418,0
11447,0
230290,0
180320,0
188920,0
299852,0
246220,0
268435,0
182630,0
263529,0
259151,0
288771,0
142073,0
381651,0
36523,0
184303,0
213340,0
300529,1
106900,0
57567,0
339565,0
332046,0
38627,0
347105,0
358475,0
128897,0
258964,0
275086,0
242306,0
209771,0
125681,0
324955,0
294547,0
362530,0
141233,1
233927,0
69110,0
171230,0
189011,0
121726,0
193339,0
148733,0
237489,0
272073,0
383129,0
291557,0
121044,0
156998,0
65039,0
43107,0
221749,0
393498,0
122452,0
258254,0
95370,0
300984,0
298902,0
163812,0
189515,0
128366,0
145155,0
387532,0
335018,0
180495,0
319223,0
366206,0
379531,0
213071,0
271315,0
255638,0
343398,0
35555,0
88042,0
322797,0
154776,0
261823,0
75711,0
79248,0
163442,0
18469,0
366303,0
35694,0
204493,0
154992,0
311402,0
88293,1
56016,0
19734,0
143749,0
250419,0
26281,0
288310,0
350044,0
262716,0
42894,0
159203,0
224501,0
253730,0
314464,0
373952,0
193701,0
72642,0
380556,0
99448,0
300952,0
246477,0
66855,0
233626,0
386763,0
361485,0
189512,0
97332,0
283305,0
366903,0
233874,0
377158,0
340140,0
382245,0
311620,1
226229,0
256589,0
269874,0
176044,0
39381,0
11957,0
149553,0
219096,0
150910,0
43062,0
192753,0
172994,0
102282,0
383213,0
116655,0
335542,0
82319,0
281419,0
169818,0
219574,0
254918,0
1770,0
238923,0
17052,0
244128,0
249287,0
199611,0
325728,0
369952,0
147249,0
304877,0
336577,0
391933,0
349089,0
357748,0
124661,0
309084,0
59841,0
57890,0
32388,0
371565,0
322290,1
110174,0
307260,0
156718,0
217901,0
142163,0
96646,0
13455,0
65636,0
301266,0
386883,0
107675,0
33554,0
316240,0
242078,0
128700,0
98684,0
294902,0
73068,0
288458,0
359880,0
112701,0
297061,0
199520,0
386951,1
130902,0
383651,0
390567,0
240500,0
152202,0
140362,0
294415,0
57507,0
134837,0
312147,0
55810,0
206738,0
24423,0
158250,0
293436,0
173859,0
381244,0
35348,0
116355,0
248500,0
210538,0
156060,0
56386,0
90429,0
357315,0
221106,0
360395,0
178047,0
24531,0
215512,0
152853,0
366825,0
260203,0
369778,0
354073,0
307228,0
256848,0
341978,0
393051,0
93948,0
139165,0
17870,0
73792,0
48120,0
60308,0
129648,0
302384,0
353612,0
365467,0
160192,0
344333,0
12661,1
241220,0
124251,0
39021,0
148271,0
218822,1
380269,0
101632,0
302464,0
288433,0
201195,0
288931,0
210795,0
142718,0
13257,0
33883,0
283342,0
230954,0
112354,1
222393,0
303476,0
29443,0
145447,0
255889,0
99825,0
262699,0
128521,0
358346,0
205016,0
215424,0
383887,0
295708,0
212597,0
200928,0
382906,0
218435,0
229534,0
214720,0
94147,0
173862,0
88103,0
65735,0
288109,0
41840,0
78691,0
243425,0
108762,0
121161,0
50160,0
20683,0
182384,1
130904,0
81279,0
395207,0
199231,0
250715,0
22188,0
368817,0
185891,0
171198,0
378858,0
229182,0
250625,0
231067,0
210642,0
362512,0
77354,0
60038,0
273833,0
177565,0
374309,0
270742,0
167567,0
468,0
306785,0
273162,0
172816,1
76274,0
329357,0
234896,0
233852,0
307686,0
245036,0
364425,0
267066,0
245128,0
50573,0
159763,0
143673,0
80229,0
392201,0
140585,0
281701,0
81798,0
243442,0
46765,1
69079,0
44539,0
388771,0
10190,0
348005,0
34802,0
129462,0
162184,0
308283,0
387873,0
378619,0
11592,0
316815,0
232568,0
33251,0
127593,0
214566,0
184416,0
268207,0
172233,0
125179,0
23602,0
358884,0
92306,0
32814,0
256903,0
346236,0
75700,0
352988,0
85106,0
343971,0
348394,0
267785,0
282057,0
386757,0
93198,1
223931,0
351455,0
83195,0
75993,0
231203,0
35329,0
40653,0
76099,0
347397,0
143908,0
276663,0
240434,0
198625,0
301754,0
211056,0
185705,0
166833,0
7440,0
53691,0
278170,0
105358,0
4281,0
271076,0
6927,0
209924,0
369678,0
165757,0
225519,0
27016,0
380481,0
7329,0
126251,0
32199,0
59440,0
64825,0
322385,0
356037,0
318871,0
147188,0
392455,0
361489,0
120415,0
72950,0
311839,0
357353,0
378687,0
305449,0
375962,0
330301,0
41077,0
372125,0
5977,0
167112,0
368934,0
269328,0
229865,0
170514,0
37452,0
142430,0
311876,0
18697,0
311446,0
202788,0
74676,0
30199,0
394589,0
166241,0
135041,0
253652,0
372406,0
246420,0
208661,0
203628,0
368988,0
248571,0
11096,0
244769,0
136176,0
192401,0
221375,0
208761,0
162562,0
16608,0
143111,0
365066,0
44530,0
384210,0
149791,0
80090,0
178966,0
356253,0
211478,0
188221,0
94629,0
69129,0
50875,0
188584,0
32718,0
235944,0
23991,0
376344,0
153307,1
288326,0
207085,0
143311,0
330221,0
80933,0
8214,0
379290,0
269240,0
43981,0
335802,0
362030,0
49437,0
212304,0
70378,0
145079,0
309749,0
198697,0
22680,0
150843,0
264678,0
292919,0
255251,0
6961,0
321415,0
7343,1
52828,0
204846,0
129681,0
141875,0
87599,0
224030,0
41287,0
264679,0
322373,0
10143,0
236282,0
348675,0
345196,0
340277,0
323152,0
293848,0
125856,0
165569,0
307054,0
57237,0
117888,0
206915,0
243283,0
232091,0
97105,0
328814,0
14920,0
230001,0
107471,0
393547,0
139436,0
359868,0
297629,0
249962,0
361322,0
209542,0
61035,0
181462,0
280671,0
131063,0
311159,0
208816,0
310259,0
29629,0
97609,0
88050,0
328164,0
134994,0
352580,0
270053,0
231575,0
140476,0
11285,0
121247,0
315173,0
24057,0
236997,0
205287,0
234434,0
202700,0
15101,0
71739,0
183130,0
360640,0
279338,0
361716,0
261642,0
104291,0
194757,0
260913,0
95918,0
237318,0
236465,1
208068,0
257975,0
122074,0
332339,0
286070,0
141894,0
246542,0
73689,0
98953,0
268798,0
259432,0
85447,0
295801,0
213745,0
67665,0
81676,0
117708,0
64869,0
45978,0
371004,0
57374,0
356975,0
139958,0
76147,0
256121,0
268789,0
160505,0
71075,0
36652,0
168744,0
395453,0
337791,0
219010,0
54162,0
269209,0
64132,0
369107,0
316616,0
232108,0
359766,0
69569,0
325268,0
299049,0
30915,0
68297,0
233701,0
338517,0
128994,1
183759,1
243819,0
326976,0
228326,0
50011,0
382636,0
247008,0
224482,0
57002,0
345760,0
138452,0
383140,0
9187,0
9673,0
212265,0
326805,0
159352,0
305932,0
317222,0
64848,0
384602,0
377222,0
351803,0
204555,0
81584,0
226163,1
268974,0
104189,0
181183,0
161376,0
92418,0
353663,0
268834,0
121414,0
161236,0
75247,0
11602,0
333870,0
350557,0
17985,0
185176,0
328917,0
42214,0
78819,0
81923,0
169849,0
313695,0
87579,0
34138,0
143490,0
366429,0
389655,0
292753,0
282046,0
194950,0
336281,0
209322,0
160457,0
107396,0
297093,0
275932,0
395128,0
12892,0
246779,0
378513,0
368631,0
223531,0
287888,0
289647,0
306837,0
210014,0
41890,0
128351,0
122284,0
82739,0
49794,0
166007,0
275100,0
257446,0
232792,1
129762,0
314592,0
59325,0
290648,0
370415,0
290456,0
356225,0
383457,0
74040,0
381484,0
108878,0
177767,0
8733,0
21486,0
254516,0
321477,0
211488,0
57849,0
21574,0
139265,0
180047,0
235816,0
340307,0
382092,0
72984,1
385867,0
139559,0
288014,0
236664,0
72822,0
266249,0
183954,0
920,0
45781,0
84951,0
336794,0
119954,0
180271,0
93366,0
188500,0
349147,0
245078,0
280664,0
330766,0
238545,0
287596,0
306615,0
161692,0
307530,0
250326,0
11047,0
212598,0
230230,0
321992,0
386968,0
124844,0
282077,0
30652,0
375562,0
120568,0
284708,0
113245,1
227721,0
152573,0
280718,0
42249,0
155192,0
110425,0
239953,0
51929,1
110959,0
382352,0
107512,0
285259,0
288621,0
227476,0
311857,0
260774,0
26900,0
272827,0
215995,0
291223,0
247807,0
121584,0
177125,0
185399,0
470,0
160990,0
22416,0
1499,0
196706,0
141449,0
24765,0
392013,0
255363,0
172650,0
174731,0
68254,0
385960,0
334309,0
298758,0
274699,0
81818,0
180727,0
165000,0
294636,0
15184,0
336679,0
955,0
103451,0
75650,0
202625,0
80396,0
352695,0
116507,0
223616,0
54307,0
334238,0
161065,0
63596,0
143125,0
150161,0
168660,0
160609,0
292865,0
284712,0
294894,0
197954,0
285538,0
94229,0
273446,0
125159,0
28875,0
322536,0
120934,0
276340,0
341037,0
23393,0
292414,0
106522,0
191767,0
366842,0
366995,0
214355,0
247186,0
36934,0
369106,0
245940,0
311549,1
24896,0
240725,0
74301,0
101970,0
126327,0
201070,0
69450,0
231086,0
62388,0
380383,0
28713,0
10761,0
137502,0
369437,0
255075,0
216803,0
218094,0
33398,0
231292,0
39513,0
239380,0
376733,0
344684,0
174919,0
319432,0
14540,0
349060,0
82162,0
379336,0
169491,0
369685,0
319092,0
278776,0
29937,0
63065,0
343654,0
37133,0
59759,0
296695,0
312993,0
154394,0
112006,0
206549,0
356616,0
26610,0
306555,0
27380,0
88850,0
201583,0
340236,1
393308,0
7531,0
384231,0
342219,0
185218,0
119466,0
252889,0
161118,0
230820,0
14915,0
367964,0
122593,0
386987,0
39710,0
26347,1
50901,0
53121,0
45503,0
358651,0
376019,0
88712,0
94604,0
98709,0
358249,0
348536,0
200879,0
27127,0
193881,0
6885,0
323752,0
25612,0
265395,0
248233,0
32349,0
19739,0
272953,0
344845,0
281885,0
95208,1
110374,0
306503,0
267640,0
219114,0
75030,0
260414,0
386946,0
375818,0
169605,0
61363,0
101652,0
285342,0
313562,1
327879,0
29841,0
187660,1
66140,0
267916,0
190995,0
73227,0
202824,0
357929,0
255642,0
111317,1
66203,0
127004,0
90641,0
143317,0
22494,0
367925,0
321708,0
181150,0
137789,0
237611,0
226134,0
165566,0
269014,1
217620,0
97098,0
194532,0
96391,0
1077,0
114070,0
374497,0
195351,0
249713,0
188410,1
30056,0
316632,0
1487,0
265038,0
245895,0
286902,0
372324,0
385762,0
345556,0
51927,0
150895,0
299761,0
209326,0
278922,0
371023,0
186148,0
280572,0
284484,1
257624,0
45703,0
388825,0
71434,0
298673,0
72514,0
135172,0
331442,0
201004,0
349888,0
294070,0
283926,0
285254,0
211903,0
268866,0
54381,0
115768,0
299467,0
55163,0
234470,0
385413,0
52769,0
58468,0
168606,0
383447,0
119034,0
57917,0
262537,0
132247,1
338240,0
29614,0
38221,0
360366,0
186539,0
160476,0
125117,0
183311,0
380501,0
376789,0
164208,0
187014,0
176170,0
47691,0
77324,0
71961,0
287341,0
372101,0
282818,0
17301,0
243508,0
294028,0
131797,0
153280,0
154662,0
136610,0
191720,0
294613,0
271473,0
265675,0
173689,0
149432,0
180075,0
18048,0
220859,0
254223,0
273226,0
329339,0
201574,0
148084,0
392621,0
68928,0
125885,0
315024,0
251146,0
299210,0
304398,0
205342,0
12335,0
305955,0
91108,0
215716,0
331577,0
209934,0
228823,1
134643,0
187419,0
15272,0
155750,0
34341,0
380708,0
353108,0
225881,0
54405,0
45812,1
201191,0
284120,0
21925,0
300762,0
288987,0
16431,0
266700,0
335578,0
312754,0
275743,1
221223,0
313380,0
240672,0
82279,0
22877,0
335420,0
266308,0
27622,0
248911,0
11056,1
31176,0
309649,0
377001,0
339455,0
82293,0
373809,0
298227,0
16879,0
297661,0
268283,0
144636,0
203535,0
47799,0
40094,0
9579,0
314481,0
78644,0
304050,0
22366,1
312869,0
217140,0
86770,0
211585,0
350662,0
6609,0
30166,0
223987,0
315581,0
380893,0
211582,0
27045,0
224747,0
21309,0
192680,0
262068,0
197974,0
307958,0
98231,0
19210,0
195135,0
98306,1
55560,0
110689,0
301174,0
96777,0
106958,0
280062,0
335103,0
293317,0
388898,0
239521,0
18758,0
385718,0
244327,0
27409,0
88379,0
63860,0
286638,0
148605,0
142830,0
226962,0
281171,0
260547,0
323725,0
317575,0
2297,0
341296,0
46108,0
285563,0
257390,0
178020,0
208971,0
140842,0
277067,0
151975,0
315161,0
43768,0
324302,0
305357,0
323972,0
113194,0
137868,0
395084,0
165629,0
140818,1
289528,0
156980,0
280733,0
351043,0
106747,0
338608,0
131420,0
50337,0
385702,0
394385,0
160121,0
366969,0
260226,0
300381,0
199036,0
273212,0
219210,0
192116,0
149379,0
365219,0
10777,0
27563,0
368980,0
50255,0
325254,0
364302,0
308550,0
145791,0
333060,0
268425,0
35193,0
339273,0
265308,0
251941,0
108835,0
148886,0
304754,0
216829,0
165925,0
41567,0
394358,0
45173,0
54759,0
95038,0
48212,0
22401,0
175307,0
71212,0
140660,0
107357,0
253791,0
141050,0
366040,0
349942,0
35272,0
199983,0
25724,0
148649,0
232840,0
123803,0
101412,0
108449,0
355676,0
130789,0
378586,0
55289,0
206808,0
191227,0
344434,0
82936,0
212455,0
28326,0
230882,0
279940,0
247442,0
93883,0
344105,0
185219,0
17868,0
212448,0
46857,0
280819,1
305248,0
298188,0
142809,0
102819,0
294503,0
368541,0
328108,0
39929,0
35265,0
198409,0
324619,0
55426,0
53894,1
187950,0
94094,0
108813,0
222566,0
146738,0
240678,0
237300,0
262340,0
181971,0
364273,0
93815,0
39932,0
336097,0
33996,0
131903,0
67849,0
380457,0
316373,0
41480,0
82823,0
348929,0
271709,0
287610,0
323187,0
54159,0
234895,0
241693,0
55190,0
39642,0
84943,0
328540,0
102261,0
327301,0
390986,0
138006,0
272002,0
247727,0
137611,0
4819,0
271468,0
36654,0
261424,0
213163,0
208352,0
345494,0
92443,0
246207,0
214493,0
336539,0
100709,0
52884,0
231107,0
177266,0
57043,0
216742,0
348177,0
64436,0
11306,0
109252,0
257664,0
13234,0
308881,0
334492,0
175621,0
307269,0
104010,0
63755,0
134773,0
317485,0
67087,0
35939,0
62583,1
361285,0
118352,0
281655,0
233207,0
381682,0
294815,0
265285,0
208115,0
391624,0
64059,0
14530,0
314357,0
192050,0
327246,0
272186,0
130747,0
49242,0
304051,0
262992,0
196048,0
106479,0
236138,0
258862,0
2691,0
177024,0
187537,0
292739,0
224721,0
82818,1
289745,0
278876,0
85071,0
317721,0
189311,0
141389,1
299746,0
132059,0
283244,0
274573,0
336029,0
393280,0
310353,0
282847,0
368194,0
268704,0
175692,0
314107,0
320957,0
257653,0
272153,0
344978,0
309441,0
110305,0
47521,0
219707,0
233105,0
258244,0
318514,0
167379,0
172604,0
311064,0
317521,0
45342,0
233994,0
56194,0
288570,0
333121,0
119748,0
36877,0
123933,0
93382,0
46286,0
36016,0
42489,0
116326,0
202975,0
182076,0
23712,0
204989,0
377866,0
330982,0
241573,1
294259,0
329706,0
29621,0
66919,0
144533,0
289538,0
245027,0
183623,0
373174,0
273564,0
317539,0
132977,0
27534,0
31745,0
311385,0
225174,0
37745,1
279592,0
257172,0
63600,0
107160,0
210385,0
389992,0
374462,0
63966,1
362150,0
277296,0
57970,0
343445,0
196788,0
155841,0
123486,0
77365,0
386744,0
278519,0
51284,0
197090,0
352438,0
242483,0
318730,0
235482,0
386444,1
320817,0
388457,0
31521,0
147728,0
327801,0
110926,0
43827,0
16064,0
280054,1
207702,1
391431,1
16570,0
152433,0
118380,0
43292,1
37519,0
213157,0
276040,0
166069,0
303915,0
185604,0
180811,0
186933,0
155715,0
309118,0
337112,0
65488,0
362487,0
40192,0
184620,0
315879,0
57350,0
369185,0
322428,0
318606,0
259130,0
390588,0
338117,0
262421,0
318974,0
350094,0
242901,0
147696,0
275726,0
370816,0
157093,0
343230,0
387613,0
338493,0
2464,0
347047,0
20754,0
343309,1
125173,0
310786,0
169862,0
6278,0
306988,0
156623,0
250380,0
358658,0
98822,0
201944,0
51239,0
160499,0
8813,0
366932,0
385942,0
347389,0
138154,0
205349,0
263993,0
353548,0
222627,0
2073,0
17066,0
279157,0
279729,0
112087,0
393990,0
199433,0
87646,0
160276,0
234532,0
39012,0
149006,1
354021,0
327302,0
194656,0
340348,0
25217,0
303592,0
262846,0
86178,0
355437,0
116520,0
79350,0
247915,0
105746,0
52386,0
140411,0
256152,0
160362,0
211820,0
217912,0
305169,0
38286,0
79870,0
38700,0
138778,0
141956,0
120191,0
268039,0
179347,0
380047,0
217356,0
148574,0
321123,0
108912,0
166685,0
252066,0
340003,0
160867,0
160340,0
108129,0
100753,0
270775,0
266170,0
162824,0
313856,0
366950,0
322211,0
180839,0
285480,0
113078,0
31902,0
281333,0
254914,0
41710,0
149649,0
339758,0
127370,0
298987,0
217969,0
318588,0
299531,0
44837,0
143147,0
34567,0
294000,0
172473,0
86033,0
350796,0
20715,0
16841,0
184035,0
228268,0
97486,0
131461,1
186143,0
60381,0
294185,0
269412,0
201317,0
292034,0
23276,0
210512,0
147825,0
272006,0
43774,0
175303,0
276374,0
283980,0
94814,0
209176,0
298578,0
377847,0
238493,0
46598,0
305279,0
308714,0
260014,1
141029,0
68324,0
94861,0
5219,0
241676,0
93747,0
211116,0
81136,0
116183,0
7122,1
395252,0
224499,0
351758,0
309989,0
74103,0
142242,0
206871,0
3177,0
199963,0
20809,0
387096,0
91247,0
150339,0
385278,0
226920,0
21206,0
197110,0
124915,0
132746,0
115566,0
228693,0
99118,0
193489,0
101624,0
297908,0
219971,0
262360,0
336317,0
303591,0
52202,0
63262,0
273797,0
346040,0
281062,0
235350,0
68805,0
88381,0
164860,0
321376,1
278546,0
249848,0
267709,0
203407,0
377358,0
353350,0
365840,0
47522,1
226355,0
31174,0
322717,0
327040,0
364625,0
35415,0
54498,0
145256,0
257591,0
70563,0
185907,0
13535,0
363499,0
267989,0
215882,0
270100,0
14200,0
278023,0
17948,0
331903,0
284969,0
305684,0
127780,0
83381,0
362438,0
121806,0
9895,0
122673,0
295500,0
326512,0
177121,0
232902,0
194239,0
321798,0
320787,0
157508,0
155310,0
180622,0
114809,0
311441,1
129657,0
344022,0
33769,0
356795,0
222895,0
343723,0
23458,0
223103,0
240563,0
343119,0
294428,0
366698,0
219893,0
344170,0
331701,0
212273,0
317021,0
343176,0
191537,0
374205,0
196975,0
387826,0
301687,0
230746,0
268727,0
173996,0
334816,0
369274,0
298638,0
298167,0
134632,0
207288,0
249711,0
257304,0
13818,0
23172,0
384756,0
386261,1
43678,0
328274,0
342238,0
84067,0
250157,0
367822,0
139744,0
246343,0
321711,0
128525,0
178221,0
379999,0
305457,0
391230,0
290703,0
226490,0
380263,0
280674,0
127564,0
172053,0
185983,0
355995,0
233813,0
104609,0
54552,0
119155,0
104129,0
52616,0
302964,0
190781,0
172501,0
381778,0
88853,0
237082,0
253974,0
64098,0
241219,1
226542,0
370440,0
241010,0
86665,0
205312,0
383215,0
130038,0
77914,0
51049,0
227044,0
39567,0
109939,0
224923,0
179227,0
296806,0
301603,0
350380,0
134460,0
287224,0
312904,0
309978,0
78824,0
330999,0
321772,0
360681,0
154663,0
167785,0
138963,0
227377,0
372379,0
67382,0
14569,0
303073,0
316481,0
12244,0
220025,0
330538,0
94633,0
119409,0
208938,0
218347,0
260710,0
239802,0
369549,0
151275,0
2197,1
367973,0
86946,1
50139,0
356695,0
330206,0
355376,0
295324,0
272498,0
296820,0
122992,0
163883,0
228074,0
344237,0
372568,0
192486,0
260580,0
84508,0
140954,0
287017,0
75393,0
167104,0
124280,0
93542,0
64256,0
133809,0
63030,0
263703,0
383289,0
70727,0
310692,0
143879,0
318361,0
113049,1
29722,0
25018,0
269277,0
252522,0
91733,0
326330,0
170456,0
259988,0
178526,0
66930,0
210946,0
369995,0
308691,0
99140,0
371939,0
205542,0
266293,0
343312,0
75985,0
80880,0
189884,1
96002,0
32729,0
261993,0
241747,0
66219,0
114242,0
183316,0
326601,0
214218,0
74150,0
394015,0
381085,0
322179,0
45788,0
8429,0
209837,0
30653,0
56509,0
96705,0
1879,0
117641,0
152383,0
187383,0
306890,0
350345,0
186805,0
221290,0
101266,0
324655,0
337437,0
291365,0
242720,0
346408,0
295156,0
362413,0
177822,0
388208,0
63658,0
360389,0
232731,0
211673,0
284645,0
88080,0
187765,0
341989,0
53283,0
203219,0
10327,0
160318,0
182613,0
307789,0
190825,0
140730,0
189780,0
338160,0
198420,0
207629,0
333601,0
208749,0
25853,0
132790,0
7922,0
251055,0
46388,0
285804,0
189795,0
363266,0
202400,0
35146,0
262179,0
230927,0
237831,0
265060,1
45452,0
273261,0
275015,0
198927,0
195789,0
264908,0
259307,0
360418,0
230737,0
217693,0
175726,0
275841,0
85349,0
328767,1
140291,0
137524,0
294947,0
200791,0
66967,0
5299,0
25076,0
375811,0
350136,0
307244,0
321030,0
259015,0
124224,0
14618,0
319772,0
42428,0
262964,0
381213,0
79777,0
5302,0
182358,0
116612,0
251293,0
162999,0
385462,0
124497,0
332754,0
177638,0
1635,0
272366,0
267213,0
239550,0
349845,0
67433,0
285408,0
137707,0
177540,0
291882,0
384972,0
359597,0
176772,0
7684,0
644,0
322489,0
226970,0
44034,0
280798,0
325053,0
254284,0
21626,0
226696,0
181245,0
301846,0
75619,1
8666,0
391041,0
291735,0
4412,0
62227,0
64359,0
365479,0
230870,0
36568,0
365747,0
292335,0
295087,0
391373,0
172705,0
28418,0
276874,0
352832,0
368029,0
147599,0
255439,0
243250,0
326174,0
98768,0
61029,0
17574,0
138698,0
340854,0
35878,0
160136,0
227461,0
197279,0
49712,0
248883,0
70686,0
60416,0
58337,0
215111,0
254070,0
218416,0
333956,1
84742,0
85998,0
79584,0
40673,1
287391,0
67568,0
292032,0
97658,0
188772,0
240850,0
31908,0
236522,0
25321,0
316665,0
186038,0
46205,0
365165,0
81215,1
46488,0
376750,0
335486,0
172435,0
344866,0
97920,0
106705,0
362165,0
15974,0
305232,0
278857,0
225255,0
177108,0
119573,0
76031,0
186895,0
206439,0
138922,0
163061,0
194990,0
342662,0
49701,0
139413,0
115002,0
272760,0
142674,0
185290,0
21513,0
95089,0
257561,0
327993,0
175719,0
164927,0
5270,0
264267,0
20053,0
302903,0
142894,0
211401,0
71835,0
10299,0
265874,0
290328,0
302895,0
68316,0
238704,0
65583,0
200026,0
148398,0
163115,0
144418,0
378008,0
349081,0
347023,0
39347,1
293827,0
350075,0
61530,0
107814,0
145839,0
18957,0
207893,0
242736,0
347167,0
205167,0
111498,0
33909,0
84182,0
71802,0
327487,1
358686,0
385103,0
329815,0
256693,0
225779,0
318870,0
185264,0
366163,0
162746,0
288038,0
138078,0
161158,0
132987,0
49661,0
113413,0
78698,0
18736,0
276568,0
3235,0
210048,0
112396,0
173625,0
241003,0
55929,0
212875,0
9746,0
3581,0
235449,0
252109,0
223462,0
120694,0
218116,0
81322,0
178288,0
339195,0
66562,0
198606,0
198891,0
251088,0
111022,0
170077,0
353666,0
161786,0
101214,0
131033,0
135163,0
328956,0
387685,0
21374,0
377005,0
383713,0
376995,0
80029,0
19292,0
378445,0
50867,0
362319,0
327750,0
134904,0
210099,0
351423,0
177542,0
44752,0
13765,1
375789,0
213443,0
191740,0
357979,0
8101,0
243183,0
270786,0
259726,0
205710,0
90721,0
277517,0
138917,0
326243,0
345690,0
149156,0
319253,0
337950,0
312467,0
39299,0
72118,0
34509,0
222476,0
358623,0
386469,0
35212,0
68642,0
53237,0
353844,0
272402,0
211879,0
168633,0
54330,0
14543,0
155553,0
259607,0
348025,0
122875,0
382912,0
236333,0
196769,0
49499,0
371448,0
366820,0
49737,0
306589,0
200479,0
374097,0
281570,0
143183,0
109811,0
315966,0
379470,0
188437,0
106382,0
276850,0
307459,0
7511,0
64812,0
167666,0
8383,0
155619,0
147319,0
325749,0
190114,0
128144,0
299318,0
323222,0
63575,0
379436,0
363842,0
220650,0
112313,1
99455,0
158061,0
6763,0
323986,0
129977,0
230542,0
251988,0
327043,0
169843,0
99834,0
268811,0
348835,0
565,0
377699,0
34717,0
250474,0
126925,0
123643,0
318849,0
307207,0
284689,0
108898,0
375821,0
111114,0
329456,0
145190,0
293483,0
117065,0
87826,0
78515,0
19082,0
192398,0
229016,0
9537,0
46421,0
110642,0
207136,1
350299,0
221056,0
373953,0
331395,0
318487,0
194644,0
95838,0
153936,0
219135,0
132647,0
388561,0
260592,0
170157,0
166569,0
55980,0
39195,0
164835,0
149126,0
280832,0
351856,0
290525,0
386647,0
7093,0
26126,0
60892,0
222171,0
252684,0
2021,0
389734,0
300031,0
199688,0
200020,0
113111,0
161290,0
199751,0
370834,0
23540,0
295916,0
234983,0
334609,0
119196,0
391851,0
51760,0
83709,0
203094,0
73063,0
364674,0
371046,0
289052,0
29314,0
273965,0
380707,0
254145,0
275648,0
140766,0
330699,0
90239,0
174395,0
172423,0
107133,0
98153,0
11044,0
198396,0
287522,0
158476,0
180236,0
44825,0
322684,0
337466,0
109873,0
52187,0
269336,0
222318,1
314925,0
290694,0
120323,0
57957,0
103780,0
119572,0
159096,0
88473,0
203936,0
13587,0
17457,0
154707,0
393255,0
232083,0
191130,0
205751,0
392934,0
372364,0
92828,0
160512,0
45012,0
311765,0
303242,0
307595,0
281883,0
81427,0
364410,0
17088,0
234806,0
159843,0
389146,0
99382,0
125776,0
51151,0
54537,0
326981,0
295581,0
314091,0
147363,0
333509,0
143796,0
146984,0
343509,0
179155,0
162776,0
331251,0
183735,0
65381,0
233603,0
158084,0
387596,0
23309,0
178199,0
117908,0
348877,0
45219,0
222841,0
46079,0
393604,0
382903,0
162345,0
333463,0
133306,0
298804,0
142116,0
607,1
95371,0
281998,0
75049,0
80215,0
282496,0
193488,0
219447,0
231198,0
248474,0
166914,0
273200,0
355176,1
286205,0
375198,0
20131,0
375701,0
142613,0
242066,0
339387,0
160094,0
273750,0
255778,0
58606,0
350839,0
55199,0
291606,0
299613,0
105778,0
222341,0
218229,0
68015,0
41338,0
131617,1
99587,0
100500,0
310834,0
150911,0
182197,0
277668,0
34071,0
84343,0
371665,0
377445,0
218566,0
93734,0
242148,0
33346,0
195998,0
212994,0
182331,0
229081,0
335752,0
261246,0
313981,0
265512,0
214895,0
316376,0
35845,0
75687,0
41600,0
376103,0
108253,0
6861,0
339967,0
252950,0
217982,0
372639,0
167636,0
33979,0
388279,0
231694,0
261092,0
163899,0
183909,0
161924,1
332818,0
11254,0
317846,0
25263,0
295077,0
314135,0
250130,0
188339,0
382535,0
198803,0
165955,0
239559,0
315500,0
136295,0
173493,0
285000,0
180999,0
129074,0
184891,0
166498,0
305494,0
302430,0
156309,0
64973,0
381649,0
134498,0
80987,0
19765,0
142341,0
375672,0
366736,0
322537,0
168195,0
99060,0
368862,0
335634,0
50801,0
116694,0
5381,0
225699,0
101106,0
343355,0
265282,0
203991,0
171107,0
152717,1
315451,0
270211,0
105236,0
200297,0
147842,0
262275,0
230272,0
187924,0
139966,0
269623,0
204892,0
35977,0
283322,0
311010,0
320357,0
178064,0
235066,0
167360,0
373282,0
161427,0
275375,0
2367,0
331506,0
310906,0
27002,0
162001,0
241353,0
66637,0
138536,0
62189,0
170845,0
59822,0
268562,0
155812,0
277336,0
205121,0
369596,0
252381,0
191138,0
214277,0
56407,0
153941,0
327544,0
148582,0
210044,0
297068,0
163316,1
386358,0
176795,0
320101,0
285413,0
153673,0
113981,0
40935,0
384414,0
290602,0
277489,0
235021,0
101745,0
154623,0
377512,0
12455,0
109578,0
283721,0
284644,0
93612,0
324250,0
116627,0
326028,0
228231,0
251585,0
130773,0
345551,0
354304,0
98094,0
157080,0
118275,0
28877,0
15198,0
22753,0
308918,0
10175,0
49840,0
379420,0
243487,0
102511,0
115022,0
238581,0
114051,0
295740,0
119728,0
139346,0
312683,0
296196,0
381038,0
201093,1
220040,0
281695,0
411,0
171736,0
236383,0
51872,0
278124,0
339911,0
292521,0
129862,0
364311,0
199492,0
51226,0
303660,0
256759,0
15824,0
31878,0
33933,0
265380,0
20577,0
157525,0
94435,0
159635,0
356469,0
287768,0
99205,0
22577,0
252322,0
96003,0
359227,0
8592,0
218570,0
33676,0
345368,1
220084,0
295474,0
88931,0
170361,0
155108,0
270063,0
357881,0
353503,0
105801,0
99388,0
254563,0
159575,1
214510,0
6573,0
96087,0
129755,0
386391,1
288766,0
186135,0
26902,0
314407,0
39651,0
102156,0
293536,0
225321,0
258141,0
223908,0
297353,0
112943,0
62497,0
288244,0
187681,0
164026,0
191984,0
263666,0
39122,0
103178,0
342388,0
45831,0
302025,0
323724,0
328168,0
23617,0
9517,0
227803,0
201924,0
318881,0
720,0
55863,0
296488,0
162886,0
72496,0
33900,0
60585,0
198130,0
121409,0
157481,0
367751,0
34023,1
9360,0
299489,1
276171,0
263353,0
42025,0
234552,0
66883,0
379749,0
251137,0
310866,0
87893,0
119110,0
215347,0
234015,0
59787,0
356112,0
194218,0
321015,0
256820,0
122325,0
334853,0
267204,0
110502,0
343516,0
51221,0
180018,0
55712,0
150799,0
83109,0
372634,0
57828,0
64524,0
292297,0
219263,0
102483,0
82471,0
31342,0
327617,0
94593,0
149350,0
263541,0
185807,0
276203,0
228813,0
93929,0
139611,0
134055,0
253132,0
95040,0
194707,0
179624,0
61091,0
358064,0
231004,0
19522,0
319238,0
268801,0
136384,0
104502,0
326001,0
40906,0
92063,0
347281,0
83568,0
18198,0
385076,0
110712,0
100161,0
320699,0
386555,0
311429,0
70975,0
195804,0
342199,0
342082,0
187941,0
217367,0
369726,0
384694,0
265254,0
82360,0
353509,0
279781,0
140545,1
135072,0
262911,0
97753,0
342390,0
253307,0
98203,0
38656,0
36487,0
320947,0
309173,0
22500,0
271006,0
302533,0
268579,0
19393,0
382969,0
257970,0
100658,0
207350,0
266740,0
245127,0
316824,0
163624,0
60329,0
260934,0
181088,0
36870,0
301494,0
350160,0
163170,0
325510,0
11998,0
295021,0
208918,0
278123,0
246000,0
115073,0
113188,0
25363,0
16574,0
62382,0
324081,0
39659,0
366388,0
40479,0
324968,0
226688,0
188315,0
234830,0
356465,0
110857,0
270476,0
66401,0
143787,0
36343,0
373904,0
30622,1
196333,0
13184,0
32253,0
277004,0
229571,0
168025,0
102773,0
309529,0
170779,0
211186,0
83285,0
117467,0
258616,0
125633,0
339363,0
69017,0
168131,0
208931,0
354635,0
190311,0
10035,0
187315,0
26102,0
23250,0
179568,0
242979,0
93101,0
223388,0
312259,0
10160,0
355655,0
11724,0
390940,0
186381,0
305768,0
365609,0
82014,0
80417,0
33759,0
318962,0
106895,0
38260,0
276485,0
167053,0
279222,0
29819,0
208831,0
369572,0
28536,0
189005,0
158144,0
366706,0
233383,0
350139,0
316460,0
154206,0
283898,0
350851,0
344913,0
289804,0
153771,0
155749,0
145356,0
316607,0
230362,1
238160,1
290847,0
155830,1
11394,0
1186,0
252120,0
270921,0
147433,0
337870,0
367006,0
382519,0
24135,0
192555,1
129651,0
68624,0
251504,1
249450,0
306844,0
265597,0
377696,0
223592,0
244035,0
333925,0
268802,0
250406,0
157366,0
53920,1
355193,0
365370,0
125155,0
179231,0
7644,0
227579,0
375237,0
323401,0
239688,0
355036,0
34729,0
192871,0
111009,0
358289,0
239927,0
372299,1
262866,0
312801,0
364596,0
153518,0
247938,0
132501,0
255338,0
311987,0
394443,0
289252,0
29421,0
362904,0
188873,0
251054,0
75190,0
212541,0
303854,0
310442,0
3882,0
19017,0
308006,0
33122,0
299310,0
173423,0
194309,0
95395,1
376358,0
276,0
249607,0
97954,0
147546,0
140738,0
211229,0
70796,0
393770,0
229923,0
313691,0
63495,0
19662,0
140703,0
309503,0
279481,0
312151,0
81853,0
392992,0
296961,0
189538,0
12971,0
226140,0
325582,0
382057,0
245043,0
252524,0
5641,0
272721,0
329872,0
314787,0
310720,0
231075,0
271222,0
328320,0
165537,0
173540,0
5798,0
274013,0
19658,0
349449,0
381469,0
208961,0
41394,0
234024,0
143954,0
372417,0
103063,0
146139,0
205861,0
245655,0
140405,0
329200,0
126622,0
241958,0
306241,0
4666,0
123996,0
48449,0
241284,0
121004,0
58201,0
155961,0
24847,0
293469,0
393375,0
6163,0
307925,0
230018,0
177290,0
216178,0
207488,0
383958,0
277811,0
352531,0
219338,0
35656,0
383196,0
326188,0
198052,0
54213,0
115309,0
359275,0
336897,0
328732,0
134863,0
30015,0
116385,0
130686,0
215781,0
138230,0
68055,0
182038,0
130556,0
132872,0
263939,1
158430,0
315001,0
34861,0
102094,0
128228,0
140822,0
369958,0
52631,0
122932,0
147254,0
6496,0
73927,0
51804,0
177417,0
192397,0
40481,0
244026,0
84194,0
32893,0
49812,0
98109,0
303990,0
238249,0
219795,0
204441,0
154102,0
151867,0
325298,0
116993,0
317519,0
386014,0
217443,0
385851,0
363706,0
213592,0
329936,0
393656,0
241474,0
132822,1
217945,0
111748,0
244153,0
369889,0
317552,0
286698,0
343806,0
286035,0
386374,0
356911,0
281166,0
270806,0
124593,0
91553,0
22417,0
330774,0
379887,0
290159,0
266716,0
97340,0
103714,0
307428,1
62334,0
31999,0
81309,0
358085,0
25952,0
201349,0
248195,1
98044,0
235166,0
312070,0
148176,0
334693,0
188514,0
264543,0
99099,0
93565,0
20114,0
374746,0
110263,0
386431,0
44317,0
55413,0
331173,0
45095,0
275989,0
366386,0
369268,0
229439,0
361434,0
177312,0
244940,0
290146,0
82041,0
180416,0
217552,0
71498,0
33426,0
155540,0
165416,0
58412,0
220991,0
37784,0
385166,0
349514,0
164129,0
350006,0
231342,0
85754,0
375448,0
238747,0
25415,0
243827,0
332640,0
46566,0
65165,0
275397,0
49323,0
391602,0
320571,1
181082,0
23923,0
180287,0
137812,0
36588,0
218657,0
188538,0
242724,0
269995,0
163306,0
99586,0
54599,0
190112,0
193749,0
297423,0
157956,0
134042,0
380667,0
234008,0
189738,0
20445,0
214258,0
389961,0
320529,0
168556,1
28589,0
286505,0
11148,0
11082,0
126713,0
180478,0
114960,0
293758,0
92559,0
254381,0
312905,0
394522,1
387607,0
243419,0
145118,0
16953,0
202046,0
180077,0
34879,0
361379,0
113892,0
29092,0
249321,0
369200,0
389753,0
376208,0
259462,0
330516,0
156561,0
285584,0
121952,0
295409,0
384139,0
123211,0
360492,0
360115,0
371910,0
11832,0
85235,0
8795,0
9700,0
315786,0
136096,0
142534,0
250402,0
207522,0
68902,0
176719,0
151842,0
118459,0
287511,0
370125,0
221085,0
265313,0
375800,0
173909,0
204714,0
343969,0
74610,0
360965,0
196806,0
260909,0
276511,0
339877,0
321565,0
63896,0
345501,0
10382,0
163337,0
389984,0
286383,0
148777,0
122106,0
257224,0
153584,0
194555,0
66523,0
369494,0
111708,0
395724,0
143888,0
323756,0
139492,0
233178,0
37453,1
267240,0
183581,0
63084,0
291067,0
46741,0
125526,0
226654,0
261415,1
118762,0
358775,0
140784,0
24658,0
220450,0
132244,0
94878,0
346554,0
51214,0
316899,0
73282,0
151180,0
138080,0
314185,0
65652,0
86690,0
139589,0
345594,0
309273,0
159015,0
100751,0
48918,0
19026,1
184187,0
22034,0
126487,0
215620,0
190593,0
393054,0
114139,0
140378,0
44294,0
232822,0
2961,0
129507,0
178647,0
337441,0
377184,0
184801,0
197099,0
187144,0
336736,0
276879,0
111846,0
131467,0
145826,0
61940,0
52753,0
194858,0
1644,0
275623,0
242709,0
192873,0
336206,0
44687,0
234290,0
55487,0
288434,0
164515,0
176204,0
270901,0
224239,0
223409,0
335051,1
157241,0
7131,0
239009,0
305312,0
276668,0
337433,0
342627,0
181645,0
336332,0
342423,0
377040,0
31085,0
33057,0
211051,0
57407,0
111365,0
9275,0
267582,0
193408,0
161951,0
170134,0
339971,0
17167,0
381131,0
22681,1
299678,0
167753,0
306157,0
202752,0
24868,0
329360,0
88046,0
109335,0
345687,0
188048,0
126577,1
72958,0
321146,0
154100,0
245741,0
133858,0
146423,0
255395,0
376609,0
335764,0
263699,0
95621,0
169591,0
300349,0
302266,0
71172,0
349121,0
233173,0
20199,0
4085,0
374441,0
284808,0
358768,0
225644,0
234077,0
301078,0
327511,0
21303,0
228576,0
143039,0
214677,0
31573,0
356559,0
74180,0
354857,0
374814,0
275305,0
31354,0
200488,0
45309,0
178817,0
76042,0
105001,0
212136,0
31994,0
5528,0
67407,0
177889,0
202757,0
204216,0
82632,0
226694,0
294695,0
285787,0
186552,0
55907,0
241038,0
280701,0
284255,0
102290,0
341575,0
159014,0
337682,0
348135,0
363159,0
272391,0
389464,0
207363,0
348662,0
343476,0
27638,0
147408,0
299278,0
207996,0
283179,1
253410,0
343203,0
216232,0
215864,0
149057,0
287807,0
239852,0
328731,0
392089,0
94134,1
39501,0
123462,0
187492,0
359163,0
144754,0
246264,0
143643,1
27281,0
374588,0
334022,0
50666,0
206930,0
272740,0
384232,0
232746,0
349351,0
231641,0
129279,0
14186,0
358261,1
187707,0
162522,0
235023,0
326047,0
335238,0
197023,0
179202,0
53359,1
16831,0
254592,0
320918,0
239879,0
183352,0
56251,0
170096,0
22205,0
157771,0
225349,0
208487,0
77578,0
30096,0
236730,0
72211,0
288636,0
28161,0
347886,0
79802,1
117440,0
316764,0
188116,0
57098,0
208216,0
368312,0
155860,0
129022,0
193803,0
122612,0
167216,0
189533,0
45903,0
364871,0
362509,0
129621,0
319249,0
310654,0
50368,0
3885,0
277913,0
234206,0
116175,0
16458,0
288112,0
364880,0
102521,1
329344,0
10588,0
60006,0
77218,0
349013,1
335743,0
258495,0
253995,0
62417,0
86709,0
277090,0
244400,0
206838,0
317411,0
313529,0
294114,0
365102,1
291833,0
271250,0
5848,0
40354,0
315364,0
2581,0
308751,1
308184,0
299582,0
170708,0
268509,0
113576,0
93810,0
76018,0
129837,0
31318,0
50044,0
67241,0
137446,0
76991,0
306990,0
36226,0
178224,0
345414,0
262126,0
35028,0
192358,0
234000,0
32375,0
8167,0
339338,0
283213,0
33937,0
170655,0
35566,0
134002,0
30160,0
378466,0
95082,0
394617,0
148867,0
203139,0
216691,0
144761,0
114492,0
55517,0
237392,0
23560,0
98577,0
136165,0
33044,0
84992,0
206690,0
388303,0
5993,0
161933,0
39427,0
108033,0
367817,0
222383,0
99305,0
166396,0
79253,0
359384,0
166688,1
215146,0
101824,0
129586,0
202876,0
239065,0
378325,0
134655,0
158819,0
11478,0
29114,0
231459,0
172269,0
332200,0
69175,0
186433,0
40158,0
26728,0
365706,1
29740,0
91179,0
25578,0
355795,0
225054,1
57788,0
78433,0
166327,0
243515,0
204284,0
249754,0
18268,0
97974,0
15214,0
102024,1
120796,0
15940,0
145632,0
79683,0
392810,0
369800,0
184370,0
299715,0
1160,0
209433,0
224430,0
48162,0
196147,0
186234,0
369520,1
315310,0
44597,0
152904,0
35412,0
300357,0
57678,0
30860,0
300831,0
75923,0
92770,0
131666,0
274854,0
321863,0
356595,0
314827,1
21945,0
142271,0
175536,0
232218,0
2788,0
115631,0
17682,0
269758,0
44160,0
73809,0
110232,0
91621,0
263452,0
273273,0
87815,0
142934,0
175939,0
163072,0
328664,0
282658,0
385102,0
392190,0
208075,0
6439,0
127912,0
27825,0
310111,0
262085,0
355356,0
257174,0
279674,0
43435,0
169239,0
16485,0
86987,0
322721,0
225928,0
46068,0
331174,0
141078,0
187040,0
177320,0
373124,0
247407,0
89230,0
328191,0
147545,0
67020,0
21886,0
97158,0
297323,0
214556,0
155020,0
170923,0
58186,0
161809,0
357067,0
206774,0
371044,0
303851,0
131584,0
186833,0
152530,0
300458,0
309319,0
15109,0
63230,0
304166,0
121240,0
301196,0
10412,0
56540,0
240261,0
335622,0
260114,0
115157,0
51475,0
163740,1
365721,0
38358,0
113373,0
247199,0
90957,0
50191,0
305939,0
361973,0
183102,0
11133,0
264996,0
232725,0
285019,0
256837,0
219897,1
262531,0
150094,0
233022,0
366884,0
268489,0
198386,0
308232,0
219412,0
380434,0
78109,1
242389,0
201925,0
377248,0
13580,0
96965,0
283343,0
134274,0
201256,0
198463,0
209858,0
9884,0
205481,0
264989,0
346590,0
159665,0
212511,0
70330,0
25994,0
323404,0
388704,0
82266,0
130389,0
123233,0
89277,0
395033,0
154443,0
241059,0
261905,0
291765,0
254337,0
287172,0
184600,0
71676,0
201618,0
347669,0
174879,0
45523,0
221204,0
248831,0
198037,0
332044,0
322153,0
40519,0
285409,0
264522,0
304024,0
272577,0
281246,0
247216,0
299130,0
131167,0
45918,0
390419,0
76055,0
133060,0
193864,0
374894,0
128100,0
151083,0
11020,0
127518,0
279061,0
178947,0
186211,0
389006,0
256321,0
178220,0
384797,0
174048,0
34623,0
350098,0
298299,0
282757,0
343088,0
23656,0
262112,0
344394,1
229401,0
163284,0
119534,0
63271,0
303534,0
11221,0
82514,0
126247,0
168097,0
325638,0
87931,0
217103,0
292760,0
174673,0
209943,0
266927,0
145171,0
60436,0
244449,0
166314,0
117940,0
280561,0
274552,0
216652,0
250914,0
313512,0
244746,0
208040,0
100086,0
337949,0
16378,0
193918,0
284932,0
390043,1
392426,0
55923,0
178880,0
329504,0
67592,0
297241,0
349497,0
68234,0
75815,0
50058,0
190647,0
268255,0
249127,0
334923,0
151642,0
262243,0
374086,0
217959,0
246940,0
325806,0
122038,0
265726,0
333598,0
291983,0
340235,0
1860,0
252372,0
31288,0
170257,0
85971,0
357968,0
67948,0
354410,0
318171,0
342540,0
128859,0
214321,0
6409,0
350795,0
245471,0
259812,0
336347,0
281664,1
110648,0
136710,0
235533,0
291504,0
43773,0
257348,0
376568,0
1685,0
115427,0
302780,0
255416,0
354020,0
185892,0
273815,0
76299,0
258298,0
182951,0
190789,0
206908,0
60222,0
12359,0
256422,0
120145,0
189832,0
260044,0
276932,0
77421,0
236832,0
246107,1
283427,0
331117,0
145335,0
21160,1
352521,0
344046,0
152501,0
244013,0
252929,1
183231,0
255328,0
180963,0
232400,0
317440,0
205865,0
44201,1
275382,0
210948,0
167153,0
152120,0
112488,0
147342,0
88250,0
33265,0
363886,0
262022,0
110616,0
224009,0
287844,0
112079,0
118292,0
335654,0
124908,0
167716,0
39664,0
114559,0
273367,0
352083,0
306295,0
216017,0
134011,0
47594,0
361982,0
224170,0
88039,0
334832,0
159740,0
136359,0
253400,0
273044,0
12688,0
238514,0
275317,0
152086,0
316148,0
115656,0
165325,0
219662,0
31219,0
163626,0
63526,0
311193,0
373028,0
103206,0
28594,0
35006,0
292190,0
272401,1
134082,0
362167,0
227074,0
86059,0
254911,0
64149,0
153260,1
78085,0
16199,0
73272,0
275184,0
358066,0
123125,0
60032,0
38851,0
313879,0
110528,0
64497,0
65816,0
22748,0
293402,0
332350,0
335613,0
383202,0
5631,0
161397,0
92816,0
368719,0
90495,0
192987,0
186131,0
324947,0
351693,0
50140,0
42484,0
100850,0
162567,0
257506,0
293096,0
260130,0
61782,0
193555,0
55087,0
118680,0
229811,0
154360,0
199138,0
115184,0
204907,0
338091,0
17368,0
270196,0
253312,0
127578,0
232996,0
373867,0
166436,0
93364,0
298619,0
244088,0
349551,0
15085,0
362320,0
176063,0
308564,0
1335,0
367320,0
263306,0
345477,0
188454,0
120946,0
359143,0
97599,0
84419,0
265909,0
159535,0
226788,0
150160,0
361805,0
255339,0
39356,0
280347,0
217447,0
306793,0
81449,0
223183,0
214693,0
305104,0
49955,0
253190,0
291274,0
51891,0
6013,0
34373,0
225685,0
161776,0
258172,0
68330,0
112476,0
107890,0
275940,0
148194,0
138307,0
56737,0
119740,0
214231,0
126397,0
67998,0
141475,0
178141,0
25499,0
88488,0
146102,0
263553,0
283525,0
16215,0
3034,0
301015,0
295650,0
258776,0
241281,0
373687,0
8889,0
280276,0
352634,0
199752,0
183086,0
88260,0
143534,0
22562,0
8684,0
258748,0
94131,0
315185,0
31151,0
338215,0
130083,0
117122,0
225920,0
268524,0
395093,0
177580,0
160952,0
260617,0
270192,0
218925,0
201286,0
74444,0
114618,0
266065,0
358279,0
287188,0
355034,1
142734,0
298074,0
270936,0
175280,0
141659,0
115097,0
329325,0
214841,0
365860,0
352441,0
171426,0
11671,0
265797,0
166726,0
283693,0
19105,1
116900,0
169985,0
48630,0
38757,0
243679,0
376553,0
7857,0
45673,0
116967,0
161606,0
245615,0
216064,0
217278,0
69801,0
238893,0
61824,0
150601,0
245601,0
223273,0
259978,0
85325,0
196844,0
204562,0
230981,0
127826,0
40711,0
13299,0
184409,0
94017,0
351702,0
79206,0
124833,0
160879,0
238640,0
353893,0
376203,0
283658,0
263999,0
157376,0
305744,0
377511,0
334116,0
279333,0
78423,0
224610,0
33921,0
388374,0
117705,0
311674,0
326782,0
352729,0
76132,0
174944,0
316496,0
64188,0
122855,0
253850,0
74199,0
1999,0
325114,0
227607,0
113577,0
164722,0
142452,0
250677,0
64467,1
201371,0
381669,0
82889,0
196583,0
48593,0
249804,0
369986,0
231088,0
282434,0
147084,0
341733,0
84584,0
87776,1
282868,0
185963,0
73752,0
84404,0
252964,0
130420,0
277464,0
93255,0
340026,0
61792,0
283072,0
307262,0
10087,0
15994,0
189881,0
92680,0
154579,0
99589,0
19542,0
236331,0
182348,0
329201,0
287775,0
238595,0
349887,1
237444,0
74517,0
125901,0
9088,0
347460,0
260519,0
283025,0
147098,0
265486,0
232900,0
332719,0
300838,1
173449,0
268117,0
372666,0
3770,0
191412,0
125025,0
160870,0
103983,0
78449,0
83096,0
216482,0
106491,0
88398,0
59584,0
256572,0
105606,0
167397,0
378339,0
326144,0
46665,0
138909,0
70788,0
276591,0
21732,0
364742,0
34918,0
24060,0
211099,0
287955,1
283079,0
382814,0
61420,0
43365,0
323702,0
387014,0
320688,0
268555,0
152706,1
171822,0
131168,1
60567,0
202705,0
141696,0
331377,0
95020,0
189143,0
247637,0
84549,0
315920,0
368021,0
18819,0
297330,0
112773,0
347794,0
133912,0
262825,0
68536,0
147359,0
139476,0
142144,0
51520,0
38719,1
291885,0
99826,0
41800,0
232809,0
280750,0
40304,0
130315,0
61983,0
315519,0
367286,0
304826,0
57572,0
276393,0
15972,0
66367,0
134761,0
133921,0
368207,0
66860,0
179595,0
292216,1
360402,0
296700,0
281204,0
24843,0
300430,0
55549,0
330188,0
109957,0
323850,0
272139,0
170922,0
21778,0
37946,0
387203,0
84073,1
205423,1
140338,0
167693,0
75979,0
219341,0
191406,0
76389,0
74686,0
265291,0
36947,0
277238,0
174741,0
156819,0
333023,0
235218,0
155736,0
32472,0
392135,0
16489,0
231742,0
259493,0
267061,0
5059,0
134408,0
319428,0
280804,0
130782,0
156976,0
64838,0
30345,0
266993,0
129463,0
320087,0
120692,0
371933,1
199553,0
352717,0
204418,0
343218,1
291626,0
105039,0
381074,0
11126,0
97466,0
148798,0
383728,0
105526,0
26301,0
195756,0
64881,0
25435,0
311877,0
247179,0
258498,0
334691,0
35334,0
267150,0
351500,0
146456,0
178890,0
344526,0
73590,0
126955,0
157681,0
143365,0
278620,1
157290,0
45667,0
346086,0
220416,0
241761,0
368493,0
165466,0
314139,0
375783,0
35087,0
296572,0
24928,0
98116,0
248113,0
156923,0
330358,0
185811,0
179059,0
380679,0
310048,0
378288,0
331163,0
63278,0
296287,0
244436,0
132200,0
264198,0
133031,0
393226,0
149666,0
330704,0
154869,0
102756,0
280672,0
289247,0
315477,0
137863,0
107393,0
104842,0
266918,0
99081,0
76520,0
51953,0
23426,0
213385,0
5065,0
348912,0
53165,0
237278,0
180181,0
252411,0
108918,0
367707,0
132406,0
67392,0
174205,0
171029,0
286185,0
44190,0
333159,0
279632,0
136403,1
311830,0
20591,0
208524,0
76630,0
329800,0
280390,0
345812,0
304374,0
163902,0
271958,0
9345,0
253025,0
168117,0
298123,0
129380,0
188721,0
328514,0
230705,0
316381,0
263214,0
95422,0
141432,0
78799,0
291216,0
185611,0
38306,0
206058,0
297088,0
222799,0
65434,0
17512,0
109587,0
121114,0
151287,0
231014,0
61152,0
115996,1
187520,0
158411,0
223349,0
258317,0
152871,0
157097,0
249534,0
92467,0
268854,0
89833,1
321001,0
72075,0
151770,0
23968,0
96253,0
354611,0
305131,0
200417,0
76454,0
290110,0
232580,0
254001,0
382163,0
14566,0
185512,0
50128,0
387930,0
34054,0
6166,0
296832,0
208411,0
60965,0
64154,0
9906,0
56258,0
223044,0
232708,0
259613,0
133940,0
268349,0
221071,0
237873,0
329066,0
30568,0
11580,0
192037,0
5814,0
52833,0
83186,0
191322,1
278421,0
211764,0
293912,0
15076,0
121177,0
313658,0
220727,0
312986,0
307701,0
288455,0
15767,0
215227,0
279851,0
81963,0
221674,0
191126,1
46744,0
139293,0
31552,0
355186,0
279301,0
89603,0
232973,0
127148,0
208362,0
321993,0
165493,0
48806,0
223540,1
391395,0
66923,0
267751,0
363295,0
315131,0
34299,0
148784,0
100153,0
86791,0
281607,0
248892,0
86809,0
20822,0
87087,0
198442,0
98945,0
17700,0
159917,0
247883,0
355403,0
29112,0
129417,0
321221,0
222857,0
286558,0
31768,0
178348,0
358964,0
176036,0
256066,0
258819,0
376190,0
152307,0
216965,0
3442,0
214647,0
94608,0
343837,0
23633,0
239112,0
66091,0
222430,0
76298,0
208834,0
195507,0
106564,0
80488,0
156035,0
189137,0
334797,0
336878,0
193511,0
39418,0
94314,0
289269,0
141796,0
41018,0
125678,0
77891,0
367858,0
165769,0
121452,0
125956,0
384702,0
314002,0
347160,0
295193,0
212795,0
279158,0
248123,0
80426,0
310722,0
395015,0
71644,0
75886,0
204850,1
275109,0
40010,0
228345,1
276972,0
276119,1
153716,0
223419,0
46504,0
368416,0
331178,0
262783,0
98498,0
180806,1
48788,0
141865,0
37128,0
130104,0
337242,0
236106,0
175231,0
79318,0
260023,0
181184,0
63682,0
344860,0
279900,0
73647,0
23655,0
195260,0
177587,0
76751,0
13797,0
307080,0
185054,0
280910,0
265969,0
392839,0
43695,0
12670,0
82210,0
73138,0
347913,0
229018,0
355165,0
43109,0
66674,0
173490,0
65771,0
390031,0
279359,0
224332,0
131836,0
327887,0
88170,0
172957,0
348772,0
187083,1
214786,0
92200,0
183835,0
38297,0
323433,0
87235,0
210049,0
268153,0
98700,0
94481,0
368629,0
154917,0
253748,0
157171,0
232630,0
97034,0
248330,0
148444,0
293841,0
299302,0
38244,0
15690,0
109243,0
119002,0
315821,0
349163,0
295589,0
61542,1
393855,0
259676,0
315365,0
221347,0
50111,0
73551,0
115364,0
149207,0
388650,0
311044,0
351746,0
290337,0
34797,0
361632,0
325710,0
348743,0
219260,0
253994,0
2519,0
191396,0
68467,0
257352,0
380151,0
315018,0
56014,0
263898,0
394548,0
178050,0
184268,0
117914,0
347376,0
379048,0
59371,0
216301,0
34154,0
263280,0
72625,0
292557,0
356540,0
237585,0
359234,0
137004,0
235452,0
34624,0
284515,0
183863,0
321216,0
378195,0
168167,0
251675,0
270896,0
349821,0
140968,0
85453,0
339401,0
232099,0
173429,0
381675,0
329751,0
187223,1
38985,0
314021,0
49738,0
51306,0
273198,0
372213,0
75876,0
371562,0
77519,0
151325,0
227782,0
268745,0
27276,0
284216,0
66762,0
79965,0
157673,0
275164,0
268823,0
208962,0
220270,0
335082,0
181753,0
19375,0
187457,0
3886,0
244749,0
306603,0
272551,0
291034,0
15651,0
358386,1
237998,0
109410,0
383051,0
368441,0
358547,1
292125,0
291309,0
322097,0
380283,0
47561,0
392502,0
228386,1
318086,1
1677,0
63187,0
68512,0
378621,0
368391,0
145722,0
368455,1
185612,0
12885,0
332039,0
333391,0
340327,0
68822,0
220281,0
228069,0
174811,0
60445,0
295755,0
114156,0
159109,0
110133,0
335273,0
39046,0
26520,0
378548,0
363999,0
356462,0
95538,0
1877,0
302535,0
197575,0
204044,0
95981,0
87882,0
253016,0
273400,0
279189,0
45203,0
249908,0
346548,0
323835,0
106170,1
234593,0
54662,0
317067,0
307253,0
236654,0
318410,0
318909,0
66882,0
314885,0
64761,1
74216,0
93874,0
390951,0
283801,0
49835,0
217125,0
45105,0
356384,0
266008,0
73334,0
363532,0
253985,0
335450,0
270313,0
114794,0
216259,0
205916,0
340632,0
15848,0
23273,0
227491,0
297876,0
45389,0
102708,0
74623,0
318474,0
102474,1
172196,0
340735,0
107121,0
91309,0
324311,0
345649,0
291024,0
233939,0
288008,0
52770,0
185721,0
255432,0
120238,0
231209,0
13113,0
216509,0
275368,0
114572,0
285913,1
257519,0
141158,0
54041,0
54855,0
309628,0
301450,0
27747,0
384491,0
103325,0
287091,0
185723,0
246753,0
381480,0
269066,0
20098,0
291148,0
364388,0
328441,0
245428,0
235583,0
160216,0
31550,0
68934,0
384777,0
59425,0
131007,0
283746,0
211802,0
78239,0
77694,0
262747,0
167820,0
94276,0
181926,0
169288,1
244057,0
175279,0
377034,0
331664,0
169364,0
117392,0
177611,0
357864,0
36183,0
206140,0
361162,0
191139,0
11059,0
376220,0
256988,0
346093,0
175210,0
148710,0
378669,0
374213,0
246084,0
224786,0
65839,0
147943,0
109504,0
309717,0
238298,0
173450,0
99853,0
216900,0
359736,0
142139,0
192403,0
296957,0
267227,0
128543,0
110931,0
293353,0
45935,0
290344,0
76549,0
116261,0
65194,0
356642,0
180799,0
195026,0
79467,0
32709,0
394639,0
128486,0
58482,0
330971,0
254675,0
211739,0
32421,0
309741,0
274929,0
111348,0
183139,0
379392,0
119173,0
155915,0
26487,0
40575,0
129751,0
16250,0
3335,0
82871,0
92518,0
367617,0
105568,0
311371,0
146776,0
379002,0
115383,0
147601,0
264526,0
101217,0
129756,0
368398,0
296066,0
184795,0
184867,0
63839,0
272152,0
347535,0
240642,0
222680,0
227768,0
352921,0
40795,0
116577,0
368340,0
242049,0
58749,0
131975,0
40513,0
164889,0
158381,0
149701,0
102165,0
149125,0
119011,0
158020,0
194487,0
63066,0
29977,0
257963,0
108233,0
392009,0
72198,0
113743,0
243474,0
226915,0
55630,1
357219,0
75154,0
221238,0
18085,0
122570,0
108050,0
227571,0
346216,0
78481,0
13373,0
240381,0
88215,0
152237,0
128163,0
225846,0
357384,0
245318,0
168718,0
36428,0
374493,0
85228,0
246659,0
304047,0
139573,0
300598,0
363358,0
366643,0
309586,0
56443,0
39696,0
298537,0
346000,0
37362,0
51576,1
387936,0
28230,0
344019,0
151998,1
162233,0
145502,0
65135,0
363509,0
375147,0
315080,0
138644,0
141909,0
317756,0
183788,0
148208,0
246891,0
113967,0
366414,0
283296,0
131439,0
118971,0
189560,0
162041,0
112926,0
319412,0
8806,0
297918,0
340438,0
209086,0
66269,0
114617,0
38569,0
231602,0
196759,0
9293,0
384141,0
389498,0
393290,0
168529,0
145361,1
253421,0
372414,0
268021,0
226381,0
369201,0
335983,0
230087,0
394534,0
172243,0
267118,0
97402,0
126363,0
370514,0
7852,0
169667,0
266055,1
212287,0
125373,0
292145,0
334258,0
256141,0
245480,0
212539,0
296668,0
538,0
273589,0
304276,0
217004,0
218383,0
148410,0
11583,0
302426,0
258057,0
134493,0
368386,0
137144,0
162444,0
226650,0
75445,0
172655,0
207321,0
39789,0
171815,0
324615,0
246721,0
364205,0
95807,0
259784,0
206928,0
116466,0
233352,0
109927,0
244213,0
328234,0
375489,0
32564,0
252258,0
227863,0
176624,0
312744,0
185584,0
128452,0
312773,0
363739,0
195414,1
268003,0
249702,0
3096,0
275532,0
130131,0
116080,0
367348,0
69904,0
197384,0
223484,0
174667,0
38758,1
263386,0
74290,0
264598,0
136949,0
11643,0
268390,0
360338,0
382720,0
26650,0
356134,0
188629,0
308915,0
107957,0
174074,0
13229,0
370107,0
118699,0
272673,0
394566,0
384080,0
46601,0
15660,0
173290,0
258556,0
144631,0
68793,0
332223,0
226388,0
70947,0
128469,0
102709,0
77577,0
243219,0
352497,0
254503,0
309756,0
186718,0
103281,0
164960,0
52781,0
113094,0
199948,0
5454,0
139089,0
253142,0
60458,0
115294,0
31996,0
19802,0
199640,0
378221,0
133897,0
258587,0
31371,0
35955,0
92943,0
273213,0
125257,0
148598,0
62877,0
312229,1
293406,0
53885,0
141969,0
212837,0
136327,0
386156,0
22290,0
302716,0
41531,0
123973,0
358178,0
320625,0
38612,0
376779,0
213341,0
181640,0
365003,1
220328,0
145201,0
75151,0
29791,0
174680,0
72371,0
213455,0
161562,0
173783,1
262081,0
150440,0
335218,1
349462,0
390858,1
86441,0
190559,0
391966,0
198438,0
295051,0
104340,0
52364,0
180772,0
39633,0
392469,0
9454,0
197325,0
255758,0
283374,0
355412,0
387488,0
319134,0
130560,0
280226,0
281972,0
40282,0
253913,0
268746,0
136828,0
236069,0
298068,0
38401,0
293266,0
243059,0
249247,0
286216,0
343354,1
362859,0
128624,0
322545,0
105581,0
4379,0
28078,0
18083,0
205261,0
34437,0
299887,0
135407,0
282102,0
224534,0
2022,0
277776,0
228045,0
24159,0
354867,0
134843,0
26386,0
33162,0
384981,0
300704,0
389731,0
233731,0
311945,0
356103,0
208948,0
64575,0
8851,0
247043,0
74276,0
382665,0
78926,0
242546,0
44050,0
238939,0
278241,0
125543,0
253276,0
134927,0
33991,0
275942,0
376986,0
29943,0
40788,0
361539,0
159682,0
209343,0
232112,0
374295,0
265732,0
305884,0
89988,0
207358,0
45744,0
11610,0
113336,0
58338,1
103729,0
235668,0
113750,0
320280,0
224147,0
228235,0
242177,0
393060,0
259690,0
24786,0
33915,1
299918,0
294434,0
250722,0
324581,0
13484,0
57469,0
322765,0
79247,1
264948,0
322194,0
16151,0
169779,0
362558,0
290744,0
168021,0
379739,0
56825,0
145528,1
380459,0
161932,0
270706,0
225058,0
283048,0
161730,0
255997,0
117713,1
334001,0
117886,0
391305,0
335197,0
258940,0
179842,0
227161,0
42801,0
297083,0
395035,0
197912,0
249541,0
81270,0
102846,0
88603,0
167757,0
49493,0
49244,0
387317,0
322719,0
84593,0
199614,0
153031,0
135059,0
166841,0
81836,0
161834,0
159070,0
288446,0
250988,0
163821,1
316472,0
372791,0
292187,0
217944,0
372278,0
177569,1
377884,0
60328,0
12585,0
228789,0
134707,0
14350,0
24960,0
380107,0
118765,0
84368,0
68909,0
45300,0
353595,0
335148,0
296213,0
65200,0
35346,0
115289,0
252427,0
240207,0
229392,0
24393,0
376465,0
201389,0
393003,0
360106,0
296067,0
319008,0
323858,0
164767,0
347723,0
170676,0
68598,0
283897,0
392865,0
164409,0
75252,0
366400,1
280500,0
92973,0
243417,0
221503,0
26879,0
296078,0
20425,0
153998,0
233566,0
272550,0
38131,0
347497,0
140921,0
133618,0
114027,0
168206,0
276222,0
93926,0
75374,0
88153,0
272884,0
8707,0
20056,0
1156,0
68148,0
353125,0
83764,0
285010,0
225239,1
391637,0
389349,0
373956,0
325387,0
91222,0
388960,0
302697,0
168572,0
288516,0
72574,0
105800,0
293671,0
75622,0
382045,0
44099,0
255821,0
160750,0
54555,0
272396,0
18217,0
266506,0
117430,0
153942,0
141691,0
343908,0
88641,0
312027,0
345458,0
359364,0
25990,0
354022,0
84013,0
128629,1
277565,0
69960,0
224625,0
131338,0
30811,0
185936,0
391670,0
270608,0
12198,1
23092,0
337705,0
260069,0
283015,0
100890,0
303231,0
366753,0
153893,0
20294,0
365712,0
17667,0
64054,0
278178,0
338209,0
155755,0
64460,0
39714,1
31166,0
159414,0
277036,0
53837,0
386904,0
263431,0
342114,0
292489,0
68125,0
223507,0
30737,0
265400,0
41498,0
130325,0
202849,0
245040,0
363036,0
354457,0
149355,0
254669,1
116631,0
277755,0
249481,0
37225,0
25823,0
219651,0
195357,0
367766,0
334888,0
53280,0
121397,0
186799,0
311161,0
232985,0
167557,0
50132,0
165022,0
156135,0
88569,0
248878,1
311039,1
240048,0
74747,0
176326,0
98924,0
159968,0
66704,0
122864,0
157051,0
181524,0
309126,0
290304,0
194334,0
177414,0
227710,0
201516,0
94264,0
216187,0
75799,0
181294,0
372672,0
330863,0
246336,0
338259,0
299065,0
127867,0
172611,0
154808,0
140087,0
389863,0
21043,0
280002,0
119460,0
135965,0
27345,0
268459,0
153430,0
319997,0
380520,0
223267,0
335849,0
395014,0
195072,0
347621,0
163723,0
222785,0
355006,1
57156,0
258212,0
61300,0
319789,0
306564,0
335295,0
195652,0
107587,0
190594,0
376655,0
50277,0
290579,0
147313,0
56249,0
216811,0
67731,0
207596,0
333660,0
388247,0
113129,0
88065,0
1764,0
307842,0
76607,0
389497,0
126119,0
301220,0
109554,1
172432,0
66669,0
257258,0
394229,0
73769,0
263140,0
141569,0
102310,0
70999,0
336227,0
210776,0
341443,0
125296,0
340473,0
175410,0
155632,0
254574,0
85568,0
366481,0
369854,0
232987,0
316497,0
192913,0
84298,0
122423,0
199809,0
35279,0
229341,0
10138,0
183762,0
286631,0
390879,0
276097,0
107319,0
50000,0
231617,0
234957,0
387299,0
165024,0
69090,0
313047,0
383332,0
252667,0
109288,0
218975,0
115252,0
108716,0
265055,0
374612,0
260752,0
348054,0
163080,0
311189,0
393108,0
174544,0
230354,0
21783,0
164238,0
190127,0
353871,0
233429,0
371604,0
365569,0
4329,0
36582,0
32110,0
392705,1
356751,0
32722,0
196763,0
113086,0
102627,0
339913,0
236358,0
163387,0
173788,0
72750,0
323349,0
246179,0
217404,0
8281,0
222148,0
221633,0
207138,0
235441,0
306999,0
242594,0
201534,0
237366,0
43118,0
104849,0
348878,0
176942,0
4261,0
214527,0
356151,0
271582,0
276985,0
194542,0
67014,0
379826,0
217495,0
31069,1
109434,0
213352,0
155657,0
216584,0
173711,1
45002,0
45524,0
19378,0
116956,0
51100,0
346290,0
371505,0
73643,0
211885,0
368394,0
261449,0
114297,0
337869,0
253528,0
394558,0
266088,0
33685,0
386625,0
66383,0
150815,0
141881,0
108075,0
241957,0
98952,0
159142,0
318848,0
8743,0
2174,0
258315,0
206342,0
203561,0
298327,0
42021,0
394350,0
188864,0
165070,0
83728,0
204212,0
25474,0
362003,0
206207,0
59171,0
128409,1
198504,0
254837,0
11704,0
79376,0
351161,0
57055,0
284272,0
206046,0
317099,0
111660,0
130530,0
305395,0
56306,0
163874,0
383937,0
125654,0
33835,0
99393,0
145508,0
239705,0
354206,0
91109,0
211551,0
292342,0
332138,0
286172,0
207573,0
39317,0
92584,0
53514,0
6946,0
87154,0
193565,0
271474,0
280004,0
254398,0
117535,0
23796,0
148517,0
113691,0
337297,0
364614,0
93140,0
282243,0
220446,0
155075,0
73060,0
191980,0
7053,0
328519,0
40118,0
116473,0
35623,0
238671,0
226973,0
142932,0
1284,0
76308,0
129794,0
93920,0
178796,0
61261,0
354185,1
115166,0
62914,0
122009,0
109681,0
9334,0
243807,0
148320,0
315759,0
181219,0
177471,0
337469,0
305752,1
346274,0
22622,0
313446,0
66906,1
209865,0
253153,0
16105,0
343993,0
263590,0
313569,0
147781,0
228530,0
345742,0
363480,0
49531,0
63955,0
230440,0
279383,0
76304,0
359302,0
187503,0
259994,0
386632,0
56564,0
78919,0
142668,0
260850,0
110191,0
235280,0
53917,0
92899,0
10903,0
360373,0
362549,0
292303,0
384019,0
12922,0
364074,0
388543,0
257690,0
225409,0
191889,0
361674,0
337412,0
51527,0
367734,0
60480,0
234392,0
357054,0
213039,0
344651,1
26450,0
130057,0
208003,0
212342,0
276697,0
16122,0
32282,0
217871,0
137068,0
26103,0
11611,0
187993,0
120868,0
129898,0
181465,0
394924,0
265020,0
213260,0
273327,0
125125,0
368107,0
68517,0
111106,0
93483,0
202341,0
70241,1
207388,0
34221,0
318063,0
70642,0
350365,0
28318,0
49851,0
319929,0
71153,0
212258,0
206479,0
50565,0
95022,0
202487,0
214729,0
214298,0
289317,0
309088,0
225121,0
324278,0
364957,1
55994,0
345628,0
216543,0
292410,0
44619,0
329337,0
61938,0
133883,0
142633,0
190329,0
120780,0
162028,0
116525,0
221027,0
175098,0
221577,0
392668,0
361323,0
226863,0
264460,0
129484,0
206278,0
263478,0
160613,0
272507,0
364345,0
293054,0
340050,0
88602,0
244959,0
77983,0
261672,0
159225,0
59661,1
387202,0
135831,0
295698,0
232389,0
108934,0
372381,0
61797,0
343437,0
3730,0
123980,0
340679,0
192442,0
16772,0
124658,0
379965,0
375718,0
42154,0
295244,0
315066,1
277595,0
157642,0
155964,0
108144,0
204165,0
285469,0
375049,0
71564,0
5266,0
367373,0
344134,0
331982,0
53844,0
151397,0
4900,0
146596,0
27963,0
171143,0
156368,0
386206,0
147485,0
292392,0
57297,0
95289,0
95120,0
228388,1
209989,1
23175,0
112675,0
343641,0
226236,0
239391,0
391651,0
303374,0
279823,0
369615,0
107444,0
357964,0
98800,0
3374,0
20283,0
117727,0
143641,0
223903,0
131654,0
47844,0
12486,0
29182,0
304406,0
309973,0
372357,0
377156,0
360602,0
183221,0
360146,0
260474,0
114962,0
389233,0
73242,0
149058,0
90313,0
286823,0
294210,0
270850,0
18648,0
146206,0
102138,0
161300,0
270727,1
358881,0
254155,0
127927,0
160292,0
137584,0
259060,0
299889,0
304289,0
162014,0
167266,0
376262,0
303950,0
157180,0
337956,1
331160,0
381523,0
324596,0
283339,0
392126,0
1907,1
194089,0
42176,0
206574,0
127185,0
350234,0
325041,0
312128,0
263458,0
135255,0
206517,1
233578,0
251642,0
212196,0
77377,0
278950,0
25194,0
241210,1
375738,0
380322,0
298962,0
148446,0
132978,0
193712,0
92454,0
165879,0
44130,0
59247,0
139299,0
318104,0
65201,0
157333,0
360559,0
200868,0
274996,0
147965,0
111811,0
47264,0
378887,0
82030,0
6329,0
267465,0
193101,0
279055,0
379120,0
121629,0
372522,0
92372,0
140144,0
374175,0
142461,0
72129,1
386888,0
385301,0
17671,0
192379,0
376014,0
339866,0
239493,0
146418,0
270708,0
236752,0
377055,0
202173,0
246003,0
101023,0
185539,0
333026,0
50692,0
322943,0
331971,0
394268,0
12805,0
205108,0
273317,0
345146,0
201680,0
108535,0
151667,0
167261,0
23983,0
105243,0
206860,0
350033,0
295776,0
246524,0
112131,0
359165,0
47353,0
12364,0
238320,0
38570,0
318548,0
301336,0
368653,0
60722,0
12203,0
358627,0
127425,0
239956,0
267930,0
37663,0
122910,0
5961,0
388649,0
236692,0
172414,0
389525,0
338183,0
186278,0
362235,0
139216,0
198710,0
168659,0
327512,0
94169,0
282778,0
313910,0
73352,0
289009,0
260149,0
23639,0
1702,0
124115,0
122301,0
157426,0
252479,0
128081,0
309237,1
325343,0
235013,0
45441,0
78390,0
120856,0
128154,1
54793,1
10939,0
208493,0
59890,0
158026,0
43594,0
90068,0
234686,0
149439,0
328024,0
152788,0
318887,0
34412,0
77230,0
373394,0
219193,0
164760,0
190485,0
352841,0
25035,0
176116,0
297797,0
386484,0
293701,0
37933,0
206751,0
2600,0
172160,0
86496,0
137903,0
286132,0
175647,0
68416,0
142237,0
148472,0
4796,0
278073,0
327479,0
232030,0
21505,0
332260,0
241127,0
214304,0
151173,0
303431,0
359442,0
220395,0
334529,0
197893,0
27878,0
30409,0
198495,0
17704,0
381291,0
194145,0
335431,0
142080,0
47871,0
211662,0
360206,0
117640,0
177949,0
353769,0
256839,0
348163,0
344058,0
374680,0
297998,0
285329,0
100164,0
321405,0
169574,0
394779,0
243729,0
298608,0
69056,0
19483,0
10890,0
270451,0
282964,0
273380,0
333358,0
383696,1
58804,0
376747,0
139503,0
146,0
71578,0
392870,0
209491,0
222573,0
223947,0
222460,0
93302,0
272800,0
217055,0
294227,0
250814,0
24250,0
302034,0
127515,1
370099,0
124449,0
28720,0
64458,0
318837,0
7207,0
264433,0
338179,0
219657,0
237829,0
297454,0
339283,0
390608,0
253618,0
183628,0
59106,0
254129,0
74269,0
69627,0
13874,0
130795,0
46111,0
138537,0
60922,0
352995,0
393088,0
99053,0
245937,0
219194,0
138142,0
702,0
161242,0
270925,0
296292,0
139031,0
38808,0
395204,0
219441,0
315386,0
112882,0
332879,0
69446,0
262035,0
70829,0
110974,0
182607,0
242117,0
261529,0
238142,0
261409,0
307298,0
258478,0
388194,0
26407,0
238530,0
194616,0
365811,0
289003,0
315730,0
31423,0
195728,0
78349,0
121495,0
254689,0
287094,0
102671,0
50521,0
381396,0
229378,0
58567,0
94373,1
320172,0
43590,0
383655,0
177700,0
261870,0
137181,0
345717,0
318584,0
314463,0
265190,0
365568,0
116603,0
305166,0
364537,0
275691,0
318823,0
362933,0
91729,0
314142,0
356860,0
338343,0
234529,0
381553,0
85288,0
321674,0
2500,0
44318,0
116162,0
351016,0
188470,0
90235,0
363484,0
176143,0
242997,1
343166,0
86467,0
261847,0
337284,0
317113,0
31114,0
78807,0
363882,0
390075,0
115547,0
378232,1
360546,0
305915,0
54797,0
208055,0
273166,0
317586,0
69345,0
350120,0
59609,0
297781,0
256552,0
276912,0
267086,0
329897,0
253241,0
154080,0
318529,0
97738,0
217746,0
215403,0
185615,0
5426,0
309912,0
229622,0
14022,0
318148,0
380359,0
246731,0
331504,0
346288,0
86576,0
180340,0
262507,0
346910,0
22511,0
236504,0
33445,0
160310,0
368347,0
64473,0
25091,0
170471,0
318016,0
21079,0
142696,0
106813,0
183289,0
2871,0
137069,0
236038,0
345741,0
185102,0
99611,0
91082,0
10775,0
176931,0
2013,0
46914,0
139680,0
175739,0
12429,0
114826,0
227269,0
268744,0
296076,0
345388,0
25204,0
165275,0
75162,0
130137,0
71661,0
52995,0
75159,0
124448,0
231471,0
317657,0
103039,0
160936,0
323080,0
300452,0
140007,0
161753,0
347030,0
121493,0
277924,0
91991,0
243542,0
104610,0
268773,0
277086,0
157891,0
392447,0
191957,0
257848,0
368562,0
82705,0
367143,0
283638,0
96623,0
201674,0
171711,0
343566,0
33303,0
179591,0
294194,0
57816,0
295767,0
228269,0
11172,0
77249,0
330165,0
357556,0
297357,0
260507,0
392309,0
314923,0
242096,0
49555,0
77635,0
372329,0
85047,0
75760,0
73366,0
285455,0
332111,0
358450,0
234934,0
133849,0
163729,0
277531,0
50872,0
125361,0
300111,0
249389,0
321194,0
33082,1
337184,0
295553,0
112186,0
251348,0
228000,1
178452,0
223423,0
337003,0
60075,0
12289,0
361906,0
3884,0
285157,0
133657,0
339054,0
362679,0
136180,0
253376,0
163790,0
195445,0
333523,0
319626,0
342460,0
3711,0
164511,0
224620,0
38833,0
13996,0
41570,0
345389,0
350000,1
115675,0
257028,0
149485,0
348267,0
278885,0
49995,0
117795,0
104112,0
70253,0
1948,0
59943,0
345273,0
115551,0
93155,0
325619,0
230244,0
36908,0
177734,0
389688,0
347597,0
42609,0
14368,0
261596,0
172199,0
321484,0
356413,0
395130,0
97696,0
97559,0
205499,0
16030,0
391194,0
129588,0
215631,0
232686,0
102763,0
179650,0
159091,0
213439,0
320602,0
218214,0
111510,0
11472,0
265584,0
204593,0
147792,0
326266,0
273264,0
347498,0
193179,0
27408,0
148209,0
18777,0
34878,0
193164,0
261938,0
222078,0
320237,0
290010,0
350216,0
52351,0
233909,0
354009,0
394473,0
99483,0
186128,0
265937,0
5754,0
389018,0
75090,0
137401,0
86922,0
41001,0
292403,0
352566,0
25072,0
145454,0
385285,0
292775,0
3564,0
57735,0
47319,0
332759,0
248692,0
182688,0
147350,0
145348,0
291554,0
392880,0
38468,0
362022,0
235706,0
280684,0
223934,0
175217,0
142961,0
382586,0
261563,0
325193,0
110672,0
115947,0
143432,0
199965,0
246551,0
362782,0
50055,0
223439,0
393847,1
153293,0
394648,0
232157,0
206718,0
182426,0
210167,0
196335,0
361220,0
320789,0
260945,0
346976,0
185356,0
29424,0
281950,0
262168,0
286679,0
249205,0
78594,0
161341,0
324771,0
50089,0
4829,0
20916,0
250209,0
367475,0
177402,0
171059,0
349630,0
218597,0
10237,0
285979,0
288856,0
13283,0
338433,0
8924,0
279245,0
238283,0
14038,0
160165,0
308153,0
151228,0
301156,0
138024,0
115257,0
363015,0
317187,0
61529,0
166586,0
82283,0
123007,0
188869,0
50127,0
74430,0
287845,0
19237,0
155453,0
373255,0
30746,0
373114,0
360397,0
266194,0
256846,0
388132,0
104332,0
77455,0
164616,0
109302,0
260818,0
100469,0
330931,0
126284,0
232153,0
282480,0
214374,0
214596,0
185401,0
264334,1
371571,0
106578,0
347827,0
211788,0
327176,0
148573,0
169118,0
117000,0
170192,1
358949,0
78937,0
144803,0
205996,0
229386,0
57727,0
377063,0
262581,0
393783,0
30812,0
210284,0
301352,0
313359,0
170612,0
17183,0
354843,0
355154,0
305054,0
296550,0
296929,0
308878,0
185613,0
67441,0
194032,0
116455,0
10026,0
304061,0
235895,0
81504,0
256859,0
213138,0
98050,0
201919,0
347283,1
138528,0
366521,0
316864,0
308157,0
322791,0
133906,0
369845,0
176468,0
200759,0
242596,0
159775,1
267029,0
291112,0
137097,0
336405,0
86601,0
368830,0
274204,0
220498,0
170126,0
386335,0
129133,0
282626,0
31653,0
180487,0
234021,0
34673,0
56266,0
96832,0
285604,0
362770,0
48645,0
64721,0
138956,0
134791,0
271071,0
87389,0
24912,0
312757,0
35905,0
55728,0
358947,0
213647,0
235880,0
206168,0
168032,1
146583,0
150322,0
169714,0
173462,0
316920,0
284859,0
52977,0
155655,0
347942,0
199477,0
394998,0
242064,0
311592,0
117012,0
249558,0
98474,0
357261,0
316529,0
282667,0
108766,0
241141,0
272273,0
61273,0
37590,0
214404,0
21906,0
262132,0
335947,0
286214,0
28304,0
247766,0
34629,0
107489,0
105963,0
72717,0
268488,0
157802,0
240372,0
8825,0
9173,0
102770,0
13579,0
41883,0
178717,0
378626,0
118695,0
90146,0
274073,1
189722,0
67318,0
8466,0
130617,0
332752,0
71169,1
171687,0
83040,0
83199,0
106749,0
272516,0
199193,0
259912,0
289709,0
142490,0
116623,0
303177,0
153039,0
40997,0
34821,0
128129,0
15744,0
70456,0
319079,0
239728,0
135540,0
279235,0
21757,0
53395,0
46975,0
338429,0
83834,0
105379,0
198547,0
281283,0
237951,0
342600,0
392004,0
56366,0
23883,0
366844,0
97229,0
175282,1
47768,1
125057,0
62511,1
53306,0
272840,0
350586,0
247543,0
251648,0
316136,0
147149,0
16891,0
78000,0
335750,0
212442,0
24027,0
270576,0
24700,0
178058,0
33810,0
146982,0
216934,0
135574,0
227738,0
280302,0
61140,0
96142,0
185062,0
130588,0
324850,0
37132,0
254143,0
130444,0
164321,0
47104,0
250704,0
222029,0
5244,0
131974,0
171129,0
242917,0
332679,0
205858,0
348477,0
161187,0
325362,0
169601,0
32142,1
106260,0
160494,0
266897,0
195447,0
49303,0
376346,0
184863,0
314055,0
65205,0
283659,0
1872,0
74850,0
280056,0
131812,0
72322,0
282397,0
374546,0
177208,0
376421,0
72108,0
36891,0
394070,0
10938,0
169701,0
169519,0
181556,0
18221,0
1001,0
115545,0
57030,0
202200,0
2719,0
217123,0
39057,0
67732,0
126687,0
237702,0
383442,0
177828,0
162318,0
383297,0
3798,0
297743,0
312205,0
324498,0
300748,0
162177,0
363856,0
65891,0
176010,0
76001,0
109933,0
190342,0
91457,0
393134,0
224710,0
255377,0
66634,0
57893,0
111542,0
301604,0
228002,0
157455,0
304800,0
49336,0
130347,0
139800,0
351787,0
50829,0
80801,0
356705,0
146779,0
244165,0
83721,0
271325,0
392153,0
81330,1
31927,0
51156,0
212960,0
57669,0
30120,0
13917,0
325930,0
117711,0
315559,0
280412,0
232730,0
319176,0
287284,0
43661,0
141419,1
144393,0
13495,0
261131,0
357846,0
357362,0
215797,0
7931,0
361453,0
171202,0
52001,0
51210,0
142622,0
173667,0
368535,0
250898,0
222015,0
11445,0
16818,0
196792,0
268387,0
125594,0
100817,0
383980,0
99991,0
385919,0
313749,0
57639,0
151711,0
321576,0
225300,0
39669,0
76752,0
2125,0
329123,0
181472,0
371976,0
159073,0
158474,0
72795,0
289169,0
383580,0
222889,0
258482,0
60302,0
2776,0
71503,0
19930,0
343037,0
283437,0
356518,0
75946,0
51646,0
139636,0
194250,0
27399,0
40887,0
385552,0
268361,0
110379,0
374015,0
372930,0
182691,0
361174,0
375145,0
26830,0
329500,1
334190,0
245123,0
1340,0
181897,0
40785,0
65032,0
335037,1
214796,0
303197,0
236003,0
246535,0
258759,0
73520,0
156743,0
167502,0
284208,0
64182,0
392208,0
62048,0
378676,0
58193,0
14085,0
125751,0
132512,0
215609,0
257386,0
18151,0
310039,0
182066,0
67580,0
56908,0
149483,0
322293,0
274099,0
264377,0
299266,0
106113,0
392086,1
2435,0
148506,0
168661,0
102858,0
205955,0
342492,0
212495,0
182919,0
34312,0
297854,0
374139,0
372605,1
82602,0
160999,0
11944,0
324223,0
283442,0
109979,0
361466,0
19132,0
328883,0
11622,0
391303,0
174950,0
57089,0
36538,0
72136,0
167442,0
23374,0
242815,0
269141,0
266005,0
253637,0
236252,0
96819,0
282756,0
130224,0
32222,0
374244,0
97530,0
389051,0
41442,0
159795,0
47875,0
330565,0
390126,0
29362,0
391119,0
374085,0
33392,0
370550,0
70818,0
218496,0
241529,0
249213,0
270463,0
338490,0
12095,0
148702,0
298364,0
287311,1
329887,0
17823,0
199487,0
159120,0
152196,0
102975,0
363118,0
39273,0
360247,1
350835,0
320804,0
278906,0
108871,0
139668,0
391089,0
183994,0
395091,0
352068,0
176021,0
291544,0
94613,0
28215,0
329874,0
276927,0
372976,0
114667,0
73449,1
312189,0
188446,0
2173,0
109277,0
130298,0
320561,0
143828,0
177376,0
237507,0
139353,0
209133,0
359974,0
83454,0
345280,0
379156,0
223647,0
371751,0
386997,0
2499,0
68018,0
319314,0
101681,0
367808,0
170780,0
280906,0
290226,0
349572,0
32610,0
223218,0
69859,0
158460,0
170585,0
78710,0
189662,0
381722,0
130538,0
302109,1
155189,0
143309,0
345237,0
294491,0
188485,0
48019,0
134247,0
227988,0
301265,0
339940,1
276101,0
304281,0
278652,0
80177,0
252998,0
137627,0
84454,0
231473,0
17102,0
67586,1
178910,0
258894,0
932,0
298461,0
120821,0
337728,0
172303,0
192297,0
207790,0
222049,0
328805,0
392318,0
393718,0
91572,0
172679,0
395529,0
277495,0
41597,0
292988,0
278035,0
295439,0
277452,0
382546,0
272971,0
181511,1
146345,0
69725,1
321903,0
37335,0
231266,0
170180,0
120899,0
106445,0
182455,0
367665,0
372489,0
175499,0
66073,0
384612,0
218933,0
177486,0
84916,0
310280,0
190063,0
164051,0
148857,0
265594,0
175087,0
309504,0
150973,0
58045,0
204807,0
195975,0
247359,0
232442,0
133316,0
35916,0
57041,0
49806,0
200700,0
181683,0
170231,0
92653,0
33842,0
7247,0
277528,0
241343,0
15310,0
146760,0
40227,0
387911,0
245572,0
257545,0
298315,0
235380,0
105962,0
264104,0
259352,0
162135,0
105385,0
395726,0
187867,0
375112,0
359492,0
88693,0
219022,0
31018,0
20313,0
229419,0
220565,0
257890,0
385738,0
368149,1
189741,0
182700,0
298102,0
369903,0
128895,0
241136,0
385734,0
393694,0
39131,0
211547,1
41197,0
123457,0
195942,0
149078,0
242391,0
190791,1
175332,0
142763,0
201099,0
310516,0
316919,0
318305,0
76119,0
395643,0
165143,0
110234,1
220917,0
376250,0
190568,0
58998,0
309632,0
232950,0
266561,0
28986,0
144459,0
145695,0
225851,0
107917,0
52175,0
320676,0
336107,0
147489,0
380519,0
344688,0
233358,0
322862,0
152278,0
357809,0
71539,0
208685,0
11710,0
117276,0
245681,0
270277,0
171253,0
310263,0
257113,1
184629,0
16407,0
87085,0
168594,0
286984,0
322750,0
100104,0
9384,0
226400,0
261360,0
197193,0
88097,0
116339,0
288653,0
228936,0
303020,0
69529,0
345431,0
110842,0
249539,0
50686,0
262620,0
189374,0
33642,0
278774,0
126492,0
257369,0
176497,0
350060,0
340101,0
67749,0
257682,0
139517,0
162170,0
369559,0
101240,0
184126,0
96702,0
334692,0
381759,0
193476,0
38053,0
134081,0
352516,0
64125,0
110631,0
380106,0
387543,0
369963,0
73117,1
7107,0
182042,0
297147,0
209466,0
205032,0
130194,0
210171,0
207943,0
102661,0
268469,0
261553,0
373242,0
73140,1
103953,0
257221,0
172038,1
273095,0
73399,1
264731,0
100271,0
113653,0
241735,0
214880,0
263078,0
127635,0
316978,0
377472,0
395183,0
154983,0
392927,0
374165,0
207725,0
83161,0
153351,0
209211,0
361660,0
256439,0
308141,0
249575,0
8492,0
282161,0
363687,0
264567,0
314096,0
104132,1
28001,0
378390,0
177084,0
10847,0
1887,0
390737,1
242877,0
212219,0
85520,0
387750,0
100407,0
201048,0
104381,0
344747,0
229124,0
249712,0
139277,0
197529,0
319293,0
144940,0
303057,0
329145,0
338688,0
211873,0
146734,0
196673,0
278275,0
162751,0
228328,0
392710,1
171494,1
194108,0
218814,0
218017,0
314286,0
353740,0
216526,0
177064,0
143198,0
24185,0
393472,0
149749,0
315796,0
52365,0
111236,0
346672,0
195771,0
272168,0
202989,0
117238,0
121985,0
226339,0
393817,0
73382,0
359058,0
300950,0
36496,0
51502,0
167812,0
154153,0
190401,0
165739,0
240083,0
288826,0
237667,0
238296,0
205291,0
337715,0
39215,0
358629,0
283768,0
100689,0
167351,0
21670,0
243255,0
161578,0
172355,0
260338,0
226324,0
255005,0
38643,0
365820,0
322518,0
85588,0
278151,0
172406,0
200450,1
266213,0
67307,0
293742,0
104669,0
166761,0
294739,0
169335,0
368154,0
250099,0
339230,0
131484,0
75888,0
4738,0
87163,0
261469,0
145010,0
185183,0
65127,0
81344,0
288029,0
269268,0
262755,0
72011,0
146088,0
121990,0
202558,1
165194,0
123824,0
165450,0
146330,0
299743,0
101582,0
51821,0
366406,0
295278,0
144263,0
273205,0
12337,0
367181,0
86240,0
314558,0
53573,0
303209,0
262871,0
333125,0
181060,0
42779,0
144942,0
18053,0
84844,0
243086,0
282892,0
312509,0
192629,0
6837,0
55029,0
375631,0
338460,0
326806,0
21297,0
192054,0
198801,0
253152,0
378521,0
174049,0
286983,0
305126,0
338489,0
201063,0
361487,0
264950,0
104417,0
88458,0
230611,0
226272,0
271097,0
242248,0
354764,1
168194,0
244907,0
93863,0
311494,0
275972,0
329996,0
91271,0
90547,0
282410,0
264729,0
391516,0
241089,0
310470,0
204207,0
283084,0
116206,0
105599,0
22551,1
244627,0
76504,0
186174,0
299860,0
69582,0
18492,0
352022,1
91710,0
364005,0
310181,0
366192,0
394913,0
1415,0
257148,0
253969,0
80123,0
74426,0
301354,0
3366,0
205386,0
200146,0
54440,0
70894,0
103300,0
392561,0
114149,0
354939,0
287567,0
334981,0
349212,0
147637,0
126774,0
172228,0
351688,0
82690,0
257756,0
263355,0
48478,0
239489,0
88440,0
137486,0
193672,0
259157,0
355163,0
361916,0
302847,0
57271,0
32945,0
21560,0
103132,0
317938,0
84778,0
184957,0
351111,0
69797,0
246588,0
149059,0
248981,0
131643,0
294812,0
126506,0
381538,0
225430,0
27026,0
121933,0
341163,0
286657,0
214316,0
359421,0
202735,0
135460,0
334854,0
29894,0
171766,0
239998,0
292002,0
12717,0
32765,0
250305,0
383387,0
306256,0
49796,0
193617,0
52825,0
112530,0
314524,0
194310,0
350935,0
172721,0
67671,0
209881,1
164972,0
161706,0
258801,0
329350,0
223767,0
41046,0
119235,0
50133,0
353920,0
136729,0
153016,0
178116,0
275306,0
46495,0
153412,1
137532,0
54316,0
19579,0
50248,0
308614,0
331155,0
361776,0
138366,0
128425,0
47455,0
127209,0
264395,0
366162,0
294488,0
183261,0
221820,0
236911,0
343606,0
149141,0
236240,0
173060,0
93428,0
22509,0
73173,0
351119,0
368713,0
137514,0
87674,0
179353,0
104603,0
271284,0
8009,0
177933,0
286630,0
136230,0
365320,0
350845,0
318001,0
339637,0
79174,0
283710,0
188032,0
38237,0
368938,0
280449,0
144102,0
46026,0
37159,0
100742,0
222298,0
312838,0
233127,1
390332,0
10105,0
172390,0
259511,0
387773,0
351345,0
123260,0
180011,0
139260,0
152406,0
309891,0
269852,0
223940,0
26128,0
126609,0
332757,0
6123,0
168309,0
244953,0
345644,0
131235,0
381873,0
293063,0
108215,0
138330,0
237842,0
52341,0
277741,0
55898,0
130931,0
215830,0
223900,0
141272,0
295274,0
200283,0
39118,0
271010,0
193349,0
55386,0
147984,0
169967,0
143006,0
248542,0
181796,0
284059,0
331697,0
5197,0
77871,1
102279,0
308946,0
178754,0
318958,0
321330,0
318222,0
322726,0
150234,0
30687,0
86123,0
214266,0
110109,0
57186,0
345587,0
362126,0
47719,0
65109,0
222512,0
18464,0
131554,0
290985,0
156253,0
42621,0
313269,0
366433,0
162067,0
289477,0
139558,0
363656,0
312089,0
234480,0
81155,0
66194,0
209754,0
357400,0
310089,0
380766,0
353967,0
368208,0
339129,0
226659,0
112811,0
272016,0
120668,0
394044,0
316567,0
178313,0
14181,0
283973,1
96980,0
311183,0
146443,0
285075,0
293045,0
129793,0
79600,0
279432,0
214962,0
24629,0
14830,0
86653,0
20381,0
382889,0
98365,0
60019,0
343273,0
388850,0
50787,0
363835,0
156588,0
38706,0
149832,0
288335,0
6999,0
111981,0
154780,0
172847,0
270694,0
238875,0
172183,0
221034,0
207322,0
330511,0
395944,0
150471,0
97026,0
102175,0
340369,0
353203,0
96724,0
259836,0
266262,0
324837,0
347268,0
78682,0
79046,0
25741,0
17810,0
113271,0
267414,1
192619,0
80893,0
82457,0
162609,0
46283,0
186136,0
92781,0
161117,0
217211,0
162552,0
251155,0
205325,0
169428,0
87982,0
292905,0
346354,0
124258,0
170596,0
201240,0
2497,0
134382,0
102528,0
366809,0
150622,0
392129,0
144405,0
381160,0
93449,0
366552,0
128309,0
315981,0
250418,0
261573,0
172696,0
138532,0
329260,0
17130,1
66843,0
206881,0
28306,0
315784,0
107738,0
298809,0
24016,0
237612,0
103749,0
189967,0
107087,0
159500,0
294644,0
14013,0
247087,0
58430,0
36227,0
323341,0
334761,0
256204,0
286623,0
47826,0
348529,0
134598,0
281462,0
29494,0
60785,0
237107,0
215237,0
234591,0
316654,0
311482,0
76224,0
372629,0
240811,0
72517,0
371686,0
332772,0
280205,0
326210,0
81781,0
131857,0
223362,0
371811,0
181909,0
386568,0
299958,0
236429,1
6678,0
85385,0
162996,0
307040,0
392954,0
178523,0
146703,0
79836,0
140024,0
153967,0
347135,0
31242,0
391014,0
18887,0
322805,0
348229,0
312932,0
224644,0
215682,0
232328,0
341459,0
229674,0
58292,0
265696,0
350449,0
65321,0
127138,0
327795,0
71294,0
148010,0
168463,0
362823,0
317999,0
215524,0
303630,0
335797,0
59625,0
247416,0
149306,0
377322,0
145008,0
194659,0
260417,0
236632,0
165922,0
98643,0
69272,0
135366,0
167562,0
155086,0
316392,0
234869,0
348803,0
83920,0
339667,0
62216,0
143488,0
230316,0
145691,0
95733,0
337408,0
214535,0
3531,0
104613,0
46083,0
123936,0
208260,0
371140,0
15980,0
62759,0
374774,0
236136,0
23851,0
104424,0
178476,0
369689,0
371768,0
33537,0
389589,0
307658,0
4890,0
43970,0
41322,0
22906,0
172948,1
99351,0
30852,0
240936,0
294784,0
262589,0
272947,0
218548,0
137926,0
91348,0
368206,0
135929,0
72477,0
363198,0
19531,0
356538,0
217457,0
347687,0
137768,0
292607,0
216865,0
297003,1
8089,0
10941,0
62551,0
227033,0
133592,0
226322,0
344378,0
12174,0
156294,0
29463,0
129000,0
374111,0
237981,0
198538,0
375515,0
250571,0
192714,0
378097,0
304670,0
177755,0
142442,0
106303,1
149943,0
283582,0
59392,1
41497,0
153462,0
127552,0
45843,0
178456,0
28725,0
286380,0
339601,0
198109,0
16021,0
327954,0
276811,0
276427,0
370085,0
43850,0
380711,0
60759,0
281640,0
25961,0
185679,0
140233,0
85526,0
317630,0
264914,0
362862,0
142233,0
370011,0
167834,0
109521,0
144285,0
378259,0
273707,0
315240,0
260962,0
160251,0
372353,0
30740,0
54037,0
372700,0
99760,0
383436,0
97671,0
176608,0
39063,0
321520,0
163639,0
303763,0
128381,0
276956,0
113446,0
378792,0
6360,0
191149,0
387071,0
213970,0
286146,0
112989,0
86229,0
299169,0
142431,0
152322,0
338920,0
365405,0
246547,0
272282,0
294587,0
300270,0
177200,1
233430,0
9482,0
171068,0
282280,0
143529,0
341421,0
172882,0
375146,0
227718,0
357076,0
115263,0
290764,0
349963,0
35295,0
153000,0
189244,0
26315,0
229119,0
150533,0
20042,0
383335,0
201736,0
179723,0
298432,0
137043,0
226876,0
192687,0
364607,0
79583,0
249709,0
222755,0
85893,0
1115,0
270986,0
6629,0
203072,0
145233,0
73945,0
120329,0
230117,0
336222,0
61571,0
149603,0
130424,0
212828,0
21251,0
371507,0
134062,0
326932,1
270960,0
208752,0
331495,0
383475,1
119749,0
333610,0
173873,0
262889,0
262170,0
193405,0
284487,1
61371,0
28294,0
166060,0
392429,0
130338,0
171007,0
284021,0
269486,0
334581,0
367799,0
85950,0
204802,0
282030,0
310112,0
381539,0
335526,0
54061,0
392255,1
353110,0
325177,0
146748,0
388219,0
286745,0
359800,0
226888,0
180671,0
66106,0
211829,0
350715,0
296654,0
214175,0
390480,0
191642,0
201500,0
187345,0
378782,0
67941,0
148618,0
286207,0
330927,0
218764,0
134056,0
313677,0
13781,0
163525,0
321496,0
65362,0
174853,0
222547,0
130805,0
163381,0
294451,0
251637,1
303540,0
135759,0
360116,0
35281,0
348734,0
236966,0
349376,0
289498,0
67399,0
319854,0
47671,0
295074,0
261549,0
313152,0
162656,0
63632,0
271144,0
228620,0
253368,0
32963,0
230372,0
185468,0
359833,0
348933,0
348151,0
99786,0
127921,0
309418,0
244074,0
43194,0
158599,0
79153,0
193331,0
257135,0
322799,0
40995,0
52209,0
232797,0
13357,0
199847,0
196448,0
168321,0
217332,0
17888,0
294740,0
103003,0
167142,0
241911,0
13213,0
3162,0
386762,0
142467,0
37904,0
150567,0
191241,0
73234,0
359061,0
247401,0
370539,0
328298,0
185516,0
220830,0
50297,0
107695,0
67744,0
179977,0
112898,0
125519,0
366798,1
48008,0
139926,0
96382,0
3561,0
144204,0
368126,0
97201,0
30379,0
80725,0
195100,0
302243,0
100252,0
339810,0
162251,0
103773,0
394003,0
388312,0
225768,0
384065,0
353516,0
314510,0
12750,0
293614,0
70856,0
247849,0
6304,0
337218,0
150686,0
15743,0
62474,0
357192,0
307766,0
196925,0
305434,0
160971,0
236335,0
201638,0
325200,0
221470,0
4297,0
362547,0
38160,0
198815,0
135848,0
298122,0
248530,1
344842,1
178508,0
72010,0
129473,0
147017,0
201985,0
308468,0
228695,0
345255,0
275080,0
297567,0
239227,1
304594,0
386186,0
112921,0
328093,0
30865,0
26318,0
85206,0
204386,0
99650,0
37263,0
101872,0
348696,0
159940,0
322141,0
161802,0
330647,0
8,0
352404,0
304528,0
107135,0
229660,0
79946,0
170803,0
370121,0
218592,0
268882,0
159212,0
54952,0
88803,0
128137,0
263073,0
213594,0
40430,0
323664,0
204833,0
223984,0
15157,0
2191,0
50503,0
233198,0
342462,0
181815,0
281296,0
24191,0
123246,0
150303,0
248255,0
348895,0
381168,0
299996,0
232245,0
134768,0
252080,0
173072,0
117752,0
205550,0
197790,0
43976,0
44259,0
311541,0
257131,0
290795,0
59600,0
363281,0
102453,0
141456,0
113521,0
67775,0
384614,0
144875,0
135168,0
368882,0
120253,0
267697,0
4117,0
73164,0
100576,1
343832,0
331792,1
45914,0
15340,0
339393,0
227631,0
190373,0
56745,0
265080,0
85040,0
22941,0
281663,0
229884,0
243838,0
124901,0
37140,0
350442,0
113231,1
151394,0
213109,0
329831,0
390165,0
169784,0
211438,0
366381,0
318417,0
135493,0
13408,0
143481,1
173620,0
22399,0
75805,0
262670,0
71854,0
29166,0
142944,0
184196,1
138539,0
55637,0
224552,0
162556,0
339691,0
243434,0
161013,0
99421,0
207237,0
332239,0
235712,0
296040,0
133772,0
40749,0
149512,0
248425,0
307839,0
341625,0
292352,0
24192,0
234395,0
263510,0
375946,0
223161,0
363213,0
179538,0
91328,0
153940,0
51187,0
391801,0
151012,0
174067,0
345,0
225512,0
209517,0
28967,0
352096,0
119802,0
57991,0
134869,0
136177,0
232100,0
181705,0
385926,0
375975,0
14422,0
195323,0
81401,0
4235,0
277351,0
375605,0
162550,0
218072,0
257489,0
347117,0
180532,0
182329,0
318796,0
297737,0
141320,0
361926,0
210759,0
163196,1
165077,0
313947,0
221816,0
324313,0
205597,0
157089,0
161524,0
223519,0
150783,0
124538,0
30610,0
269241,0
40001,0
67660,0
79628,0
146168,0
76345,0
32571,0
71392,0
134660,0
219073,0
234837,0
202215,0
9623,0
237049,0
211198,0
257915,0
102326,0
93411,0
42971,0
154459,0
284783,0
302758,0
309952,0
24592,0
272068,0
93759,0
100615,0
48857,0
258602,0
188077,0
385644,0
57833,0
115195,0
3962,0
276759,0
363987,0
257676,0
387513,0
153051,0
3864,0
42505,1
320962,0
271079,0
345160,0
76022,0
55225,0
311382,0
382779,0
273133,0
57623,0
392629,0
63198,0
79848,0
12961,0
363653,0
381974,0
65992,0
351949,0
343296,0
391332,0
35544,0
153034,0
326117,0
74919,0
217991,0
126505,0
19137,0
166491,0
83349,0
17455,0
293304,0
282242,0
392573,0
16823,0
370050,0
385003,0
380402,0
205904,0
201928,0
77104,0
5572,0
151143,0
705,0
140412,0
248420,0
18192,0
251980,0
387662,0
203689,0
315035,0
264554,0
321097,0
353702,0
217869,0
245381,0
279371,0
276422,0
309848,0
39818,0
258995,0
139251,0
287307,0
200852,0
317692,0
390267,0
228809,0
137817,1
245214,0
276528,0
262570,0
377205,0
294307,0
291487,0
290099,0
389802,0
206551,0
14334,0
247472,0
267196,0
44208,0
134459,0
164757,0
220974,0
169856,0
281074,0
51912,0
185373,0
17023,0
84093,0
216291,0
143211,0
75891,0
31092,0
94378,0
267940,0
139579,0
172344,0
140279,0
181570,0
83081,0
185027,0
15050,0
91206,0
197202,0
169741,0
359495,0
351497,0
365134,0
274884,0
347627,0
88687,0
47951,0
164851,0
348994,0
260346,0
219360,0
243796,0
198323,0
346597,0
7478,0
353637,0
195788,0
301095,0
269608,0
223202,0
284279,0
257876,0
235576,0
314876,0
377760,0
300098,0
54107,0
220052,1
100216,0
153492,0
158235,0
98262,0
53645,1
756,0
76095,0
42050,0
292644,0
113506,0
47815,0
311789,0
346281,0
179738,0
281565,0
144426,0
87972,0
368885,0
94050,0
171507,0
379057,0
272554,0
203868,0
213980,0
245919,0
202142,0
220768,0
43275,0
118720,0
137137,0
4282,0
93940,0
365250,0
212601,0
249473,0
126867,0
194476,0
295709,0
201734,0
360393,0
54301,0
100189,0
136316,0
116660,0
387035,0
249899,0
235579,1
105430,0
312104,0
51934,0
305386,0
314298,0
200693,0
234660,0
3865,0
236289,0
111281,0
134961,0
324905,0
198488,0
11233,0
213538,0
313525,0
265359,1
212435,0
287846,0
64232,0
362142,0
282998,0
347744,0
382637,0
293199,0
278948,0
293093,0
349701,0
254354,0
243956,1
72637,0
299706,0
129016,0
302400,1
92311,1
261083,0
139366,0
53291,0
54970,0
109606,0
46823,0
240044,0
214682,0
4274,0
41819,0
77424,0
56522,0
260544,0
312367,0
329958,0
246491,0
340605,0
76565,0
214117,0
183418,0
270335,0
5983,1
70806,0
376900,0
20211,0
83936,1
368518,0
395784,0
210978,0
303067,0
268858,0
90771,0
325202,0
89748,0
195125,0
2753,0
309046,0
101384,1
333732,0
68479,0
328652,0
101045,0
311360,0
169846,0
184080,0
175463,0
332559,0
120650,0
229357,0
242405,0
377557,0
330111,0
256879,0
333541,0
12323,0
308188,0
233166,0
222550,0
150050,0
389765,0
31145,0
268306,0
178299,0
335914,0
243673,0
332264,0
119251,0
211303,0
260053,0
285244,0
301627,0
115333,0
68344,1
209402,0
59985,0
382276,0
392913,0
142483,0
115908,0
103628,0
44342,0
225126,1
50026,0
200177,0
340424,0
271002,0
34617,0
266773,0
273814,0
170497,0
289237,0
241383,0
304711,0
273582,0
271181,0
389967,0
35360,0
362135,0
232009,0
94669,0
8685,0
94706,0
127030,0
318477,0
254750,0
104967,0
350009,0
74828,0
368527,0
322053,0
100390,0
162909,0
25487,0
293259,0
203785,0
291903,0
370324,0
227620,0
264498,0
325764,0
306255,0
124199,0
333600,0
212575,0
220482,0
296043,0
309592,0
143869,0
328053,0
175039,0
274758,0
91725,0
60173,0
261362,0
34472,0
126163,0
99371,0
370119,0
810,0
386446,0
267038,0
155575,0
116703,0
346734,0
305618,1
249226,0
227798,0
135858,0
372177,0
136810,0
85400,1
271247,0
323122,0
358011,0
52896,0
268455,0
152798,0
218698,0
376232,0
157458,0
133914,0
179646,0
340509,0
344100,0
156641,0
205205,0
17886,0
367864,0
150261,0
81406,0
29651,0
130797,0
340328,0
55547,0
55037,0
250216,0
81002,0
257008,0
385927,0
105107,0
337247,0
82446,0
183241,0
192437,0
269062,0
22691,0
24361,0
297018,0
2059,0
62392,0
99089,0
362283,1
43470,0
315561,0
294670,0
103972,0
223914,0
365576,0
36783,0
151294,0
229066,0
285850,0
226720,0
36922,0
371869,0
312180,0
176462,0
70100,0
245761,0
203115,0
74866,0
101985,0
256459,0
23534,0
10996,0
216610,0
292504,0
322753,0
335233,0
142951,0
236470,0
333522,1
227818,0
17485,0
162799,0
206443,0
73736,0
29683,0
395710,0
96208,0
101473,0
269407,0
206728,0
117018,0
54130,0
9618,0
364812,0
34067,0
278159,0
144135,0
300245,0
159308,0
10679,0
67100,0
263374,0
232219,1
302184,0
118571,0
274224,0
363289,0
29174,0
360017,0
322531,0
75849,0
206904,0
323009,0
141503,0
26859,0
193964,0
212870,0
209269,0
57869,0
39440,0
115870,0
274975,0
330098,1
264024,0
225149,0
295584,0
367857,0
294413,0
135876,0
318656,0
169240,0
224829,0
51610,0
251837,0
52270,0
118603,0
386427,0
131731,0
381310,0
327396,0
208941,0
229372,0
357943,0
50766,0
213207,0
284081,0
183382,0
248299,0
37874,0
348046,0
246844,0
235257,0
305142,0
307640,0
5226,0
344081,0
390189,0
363839,0
378218,0
15802,0
256159,0
39918,0
174389,0
134216,0
395579,0
163448,0
139658,0
202635,0
9742,0
380174,0
108418,0
216479,0
268812,0
85370,0
84994,0
222574,0
322108,0
6347,0
64678,0
22088,0
92734,0
143293,0
283111,0
2738,0
329334,0
213265,0
69754,0
370500,0
209894,0
172673,0
209583,0
83591,0
357125,0
317501,1
266390,0
277396,0
181458,0
246449,0
171364,0
16396,0
40334,0
85739,0
146780,0
341594,0
184180,0
353794,0
363393,0
153024,0
253863,0
187141,0
305476,0
157558,0
194601,0
79169,0
216671,0
260508,0
280781,0
321017,0
229643,0
283682,0
314983,0
131535,0
293961,0
151559,0
60646,0
70472,0
147697,0
21441,0
26948,0
371766,0
184738,0
323465,0
157614,0
270000,0
120286,0
203421,0
371090,0
338170,0
62017,0
347400,0
211614,0
292587,0
15318,0
357118,0
327083,0
77571,0
383816,0
241030,0
89366,0
327986,0
133955,0
329193,0
288332,0
246261,0
73850,0
241967,0
253087,0
7080,0
352999,0
218386,1
205754,0
191155,0
19268,0
181756,0
298750,0
64707,0
110007,0
130744,0
85760,0
37371,0
39453,0
73232,0
7614,0
278049,0
363663,0
292206,0
187407,0
268379,0
346400,0
206280,0
302901,0
78432,0
364843,0
129221,0
368887,0
170633,0
2456,0
276736,0
190099,0
31898,0
286282,0
54275,0
101570,0
28682,0
59091,0
394897,0
76169,0
222369,0
62635,0
137355,0
172799,0
104666,0
285900,0
42983,0
394801,0
234060,0
84140,0
73943,0
300876,0
91639,0
346510,0
326550,0
95102,0
317217,0
9212,0
317299,0
379508,0
360970,0
271220,0
188087,0
17314,0
297185,0
121165,0
324069,0
100632,0
372473,0
256472,1
19158,0
201752,0
16255,0
272053,0
350576,0
16890,0
253763,0
305610,1
234360,0
34167,0
328037,0
242501,0
145172,0
264939,0
48944,0
372572,0
27874,0
178556,1
58267,0
8182,0
130141,0
209645,0
63343,0
289321,0
319390,0
230154,0
197159,0
216032,0
186772,0
302846,0
273365,0
322138,0
6490,0
30535,0
249070,0
378474,0
363276,0
203474,0
5210,0
176128,0
351563,0
262209,0
41580,0
182573,0
239398,0
310597,0
51255,0
336734,0
110558,0
108089,0
39554,0
61718,0
181856,0
15040,1
43596,0
324407,0
122141,0
263157,0
347230,0
170390,0
52818,0
393685,0
42548,0
359145,0
117716,0
364534,0
60771,0
301424,1
322908,0
131034,0
4097,0
287487,0
373175,0
268102,0
319203,1
278264,0
39028,0
306856,0
358188,0
360231,0
194340,0
20510,0
298975,0
244875,0
220587,0
177429,0
297114,0
342107,0
4675,0
211166,0
119166,0
337798,0
78022,0
80034,0
237376,0
242070,0
207643,0
60012,0
217978,0
333260,0
186076,0
109339,0
281633,0
145184,0
346704,0
231268,0
144235,0
391459,0
3393,0
30769,0
198806,0
139064,0
100312,0
91263,0
134878,0
100276,0
28341,0
278103,0
335822,0
203360,0
205644,0
364013,0
96880,0
218129,0
380034,0
202271,0
5586,0
205010,0
97908,0
328273,0
265321,0
182811,0
29719,0
283736,0
330739,0
30484,0
391195,0
36041,0
300715,0
392468,1
2614,0
89348,0
333305,1
43478,0
224545,0
118703,0
44438,0
214226,1
215134,0
240327,0
20734,0
86015,0
290001,0
305393,0
133009,0
313311,0
161480,0
85318,0
213932,0
185267,0
31008,0
320220,0
37315,0
321154,0
90682,0
258989,0
226021,0
162281,0
153535,0
305175,0
127685,0
166211,0
51881,0
150093,0
126156,0
365182,0
237435,0
56529,0
309007,0
234786,0
240216,0
39927,0
75862,0
350282,0
269258,0
71127,0
197562,0
260811,0
318227,0
252709,0
350217,0
10575,0
124667,0
326984,0
230816,0
180843,0
395230,0
323067,1
189345,0
248400,0
390780,0
106224,0
94376,0
216628,0
390155,0
245662,0
175079,0
37966,0
8571,0
6479,0
355366,0
30212,0
364285,0
10323,0
160819,0
308723,0
244131,0
359080,0
242573,0
294262,0
129295,0
278702,0
11153,0
189682,0
392381,0
90814,0
80799,0
308004,0
207060,0
344596,0
390814,0
58825,0
129882,0
270035,0
119918,0
294599,0
307724,0
101132,0
394792,0
111121,0
393053,0
133307,0
165726,0
332058,0
106230,0
129950,0
124405,1
95640,0
148142,0
389443,0
154413,0
393061,0
330966,0
33364,0
130109,0
296112,0
108494,0
15541,0
370700,0
67389,0
125584,1
371610,0
235316,0
368414,0
7408,0
118243,0
65585,0
186760,0
183898,0
261115,0
88231,0
217167,0
29237,0
200805,0
324515,0
283986,0
114829,0
4559,1
187987,1
172983,0
181752,0
255302,0
372069,0
220919,0
21468,0
302944,0
29864,0
33014,0
188527,0
283726,0
291597,0
363744,0
394277,0
324260,0
267063,0
214769,1
8128,0
180712,0
307568,0
365505,0
131133,0
217354,0
51122,0
268743,0
184483,0
140490,0
344527,0
370155,0
68620,0
394898,0
243983,0
368369,0
41096,0
270154,0
337356,0
331295,0
211975,0
378995,0
135805,0
361245,0
388547,0
92431,0
16758,0
348753,0
359128,1
159871,0
199867,0
82413,0
228865,0
142283,0
387183,0
275885,0
112248,0
145304,0
92851,0
46547,0
251409,0
188926,0
276123,0
220085,0
348758,0
109767,0
302402,0
18993,0
296496,0
241782,0
318431,0
258123,0
80820,0
113821,0
14786,0
195506,0
386282,0
366907,0
199408,0
217566,1
86020,0
356101,1
298892,0
237621,0
290521,1
237178,0
161576,0
191280,0
219813,0
230873,0
251817,0
270151,0
391977,0
1131,0
255355,1
14423,0
112948,0
6189,0
238572,0
380042,0
114774,0
152420,0
91538,0
31823,0
191361,0
103841,0
178908,0
136148,0
345130,0
336136,0
292634,0
4369,0
306153,0
319706,0
101691,0
82621,0
297285,0
352817,0
23114,0
121283,0
340488,0
376414,0
281917,0
214148,0
351392,0
340719,0
148583,0
330525,0
349828,0
289019,0
252898,0
21186,0
76572,0
323531,0
376784,0
383896,0
133072,0
211102,1
353227,0
46668,0
284803,0
18073,0
102097,0
233326,0
81780,0
116106,0
170400,0
195093,0
331080,0
176396,0
385886,1
356568,0
226440,0
336733,0
364339,0
254661,0
306846,0
39277,0
337355,0
283375,0
376073,0
123332,0
363650,0
368613,0
168538,0
75199,0
327696,0
213535,0
187839,0
153350,0
214688,0
260325,0
43694,0
171741,0
276933,0
172032,0
1250,0
216042,0
131327,0
116017,0
75268,0
127885,0
152576,0
227075,0
57916,0
247376,0
294237,0
173986,0
343787,0
155473,0
171512,1
87134,0
92634,0
104124,0
80832,0
368860,0
51496,0
41091,0
154751,0
152845,0
58517,0
91068,0
18411,0
112911,0
221851,0
291910,0
3332,0
48724,0
66917,0
246305,0
355344,0
106693,0
216046,0
240165,0
87559,0
197317,0
155546,0
227113,0
127247,0
338237,0
43802,0
293622,0
280202,0
305329,0
316205,0
26904,0
200069,0
92246,0
114309,0
101827,0
319573,0
115963,1
265735,0
212888,0
164896,0
326227,0
264501,1
120263,0
188651,0
281091,0
263629,0
136083,0
19769,0
271451,0
371311,0
343143,0
388445,0
255625,0
117378,0
218582,0
163108,0
89896,0
57465,0
151411,0
254237,0
14027,0
2053,1
99451,0
317387,0
170256,0
55831,0
181408,0
24120,0
73954,0
65209,0
322635,0
394905,0
67573,0
315740,1
290253,0
5487,0
167480,0
140731,0
274967,0
369781,0
365796,0
37410,0
5917,0
278540,0
82416,0
106797,0
623,0
198853,0
222873,0
226439,0
349927,0
123828,0
123270,0
283792,0
334025,0
144840,0
169777,0
194698,0
25973,0
320661,0
200717,0
105679,0
193627,0
167885,0
81296,0
391999,0
85454,0
80468,0
168897,0
73274,0
23684,0
177752,0
318979,0
176735,0
222179,0
41797,0
144914,0
246747,0
366028,0
203356,0
328512,0
274830,0
388054,0
306892,0
285451,0
167517,0
195252,0
23868,0
212571,0
83029,0
342383,0
77716,0
81616,0
316348,0
212408,0
364048,0
41967,0
394642,0
90301,0
235059,1
310561,0
162479,0
249745,0
207143,0
210494,0
44077,0
21188,0
126491,0
349028,0
381967,0
89372,0
116122,0
111699,0
282120,0
321866,1
253352,0
234259,0
247447,0
58332,0
201870,0
335681,0
134005,0
268200,0
214030,0
59150,0
223019,0
247168,0
252653,1
24795,0
232057,0
107701,0
119361,0
143066,0
45609,0
211194,0
1822,0
287787,0
44297,0
179900,0
241008,0
118038,1
49,0
102296,0
277117,0
168851,0
323648,0
173400,0
164092,0
38134,0
161163,0
285981,0
212037,0
75222,0
122041,0
75739,0
67383,0
308405,0
219278,0
377325,0
121320,0
333769,0
250703,0
83169,0
250721,0
61836,0
330604,0
299404,0
138648,0
253321,1
83055,0
328699,0
202480,0
129339,0
277676,0
364726,0
103887,0
177872,0
209916,0
279514,0
369784,0
240771,0
13205,0
295008,0
308990,0
123885,0
284873,0
10031,0
2607,0
47985,0
130517,0
31781,0
394378,0
275697,0
239384,0
175737,0
299692,0
311636,0
294319,0
298935,0
351195,0
367155,0
182452,0
201374,0
349654,0
131892,0
308481,0
31559,0
323383,0
27902,0
109032,0
190271,0
127938,0
32533,0
311428,0
191902,0
279422,0
265953,0
123860,0
41214,0
257550,0
98200,0
1775,0
82378,0
363314,0
77909,0
73918,0
357866,0
270709,0
276306,1
257603,0
93458,1
395709,0
364031,0
138308,0
131045,0
300018,0
348456,0
171970,0
59612,0
21619,0
280298,0
196062,1
183430,0
360140,0
88998,0
176043,0
228886,0
339738,0
287429,0
380240,1
343512,0
215546,0
228667,0
198883,0
391556,0
237469,0
175657,0
363944,0
49801,0
235547,0
142714,0
171421,0
382711,0
5263,0
159726,0
261756,0
342362,0
280972,0
8957,0
136174,0
6561,0
98655,0
337803,0
311833,0
127514,0
10883,0
351463,0
269649,0
387262,0
194833,0
21197,0
333965,0
340130,0
176268,0
263396,0
114948,0
332440,0
114985,0
104831,0
321927,0
244431,0
113268,0
40037,0
30819,0
253996,0
141514,0
38321,0
231388,0
370389,0
290780,0
389542,0
217082,0
38525,0
255500,0
188335,0
130711,0
341778,0
256138,0
248045,0
87338,0
178579,0
65257,0
345085,0
384786,0
74723,0
117689,0
189964,0
194917,0
89382,0
201017,1
152303,0
4447,0
380564,0
5234,0
334548,0
123427,0
300923,0
317813,0
119340,0
230725,0
281777,0
314202,0
28597,0
56435,0
221524,0
4275,0
30403,0
197005,0
313372,0
95230,1
76324,0
276719,0
172245,0
127323,0
181692,0
377665,0
209219,0
369692,0
137211,0
16504,0
374376,0
355972,0
159702,0
55844,0
72706,0
131850,0
242520,0
286760,0
383390,0
124866,0
387189,0
332834,0
267762,0
53506,0
179816,0
285778,0
365080,0
360336,0
137199,0
80343,0
210490,0
64608,0
333080,0
228929,0
334948,0
255659,0
107224,0
41478,0
163753,0
255265,0
149818,0
87387,0
212042,0
128839,0
115084,0
317173,0
231857,0
343727,0
248351,0
156159,0
264951,0
5839,0
176058,0
45378,0
98187,0
56890,0
5290,0
391706,0
210068,0
380162,0
75234,0
250761,0
170539,0
177139,0
201881,0
48920,0
236308,0
374635,0
96901,0
331304,0
118054,0
214377,0
83468,0
235845,0
330277,0
84111,0
64926,0
280741,0
77563,0
273350,0
93021,0
392655,0
387761,0
381509,0
300727,0
281086,0
54712,0
248139,0
355553,0
142726,0
388799,0
25916,0
392572,0
99413,0
274075,0
151041,0
314146,0
180667,0
318991,0
362814,0
228365,0
107108,0
131141,0
237915,0
36565,0
59693,1
208091,0
189616,0
74985,0
33987,1
345495,0
165773,0
71698,0
308659,0
12332,1
64878,0
194421,0
274556,1
276034,0
236238,0
4671,0
278140,0
387979,0
157122,0
115848,0
211146,1
24058,0
16691,0
20795,0
219760,0
14783,0
198548,0
86891,0
35430,0
215824,0
49157,0
388366,0
146505,0
114409,1
24088,0
176214,0
309801,0
190085,0
270817,0
50488,0
148615,0
166448,0
102095,0
232962,0
308240,0
266053,0
207230,0
231607,0
75438,0
232761,0
26752,0
174380,0
185190,0
387588,0
26997,0
316692,0
191438,0
160391,1
33758,0
14426,0
72704,0
199344,0
358940,0
329801,0
65855,0
167769,0
114739,0
194632,0
2302,0
181773,0
126625,0
78701,0
337347,0
132033,0
283166,0
218499,0
281044,0
194888,1
291830,0
263909,0
109581,0
52106,0
229203,0
203992,0
269052,0
50433,0
255932,0
94671,0
196555,0
245379,0
344873,0
319528,0
13955,0
304801,0
177618,0
65388,0
201788,0
387327,0
80485,0
386411,0
172971,0
29104,0
371856,0
302897,0
116667,0
251610,0
365371,0
43810,0
192093,0
354027,0
84063,0
242886,0
223432,0
243920,1
29267,0
232033,0
42674,0
248554,0
257230,0
194139,0
114172,0
232861,0
287386,0
106595,0
132456,0
365308,0
305933,0
272780,0
189841,0
147575,0
392088,0
175605,0
120862,0
323603,0
394286,0
70408,0
241860,0
135212,0
224684,0
351607,0
357177,0
6337,0
337107,0
351336,0
259591,0
7135,0
52654,0
178153,0
219099,0
163428,0
340752,0
392540,0
284125,0
270415,0
18094,0
348627,0
23664,0
298648,0
130371,0
246694,0
135006,0
82891,0
177902,0
366505,0
364444,0
378101,0
132267,1
126250,0
172897,0
363152,0
236604,0
243372,1
20757,0
369398,0
330217,0
175315,0
244333,0
281847,0
273046,0
273678,0
217017,0
121229,0
36474,0
277335,0
96105,0
249335,0
217860,0
41225,0
139557,0
194434,0
217062,0
312582,0
286381,0
69821,0
93621,0
381947,0
53926,0
280242,0
226877,0
258617,0
22210,0
292439,0
176376,0
147507,0
216142,0
216220,0
8639,1
107237,0
272427,0
313624,0
150908,0
44215,0
68859,0
3648,0
245053,0
150618,0
250169,0
101402,0
303730,0
287947,0
63586,0
393387,0
265199,0
331927,0
306510,0
358198,0
150228,0
103529,0
188203,0
213985,0
51574,0
313175,0
381602,0
329654,0
151848,0
310572,0
86407,0
337266,0
120943,0
284317,0
138935,0
285888,0
161810,0
93954,0
395086,0
179224,0
195389,0
92177,0
109981,0
208262,0
386636,0
375058,0
302859,0
203714,0
335839,0
313782,0
234052,0
215023,0
296636,0
168587,0
144106,0
197770,0
286901,0
168331,0
71896,0
117995,0
161777,0
80986,0
275371,0
218324,0
134143,0
294513,0
97652,0
29915,0
42623,0
300852,0
220943,0
193061,0
332351,0
203310,0
245603,0
346891,0
35884,0
330025,0
279062,0
4641,0
342077,0
15950,0
154682,0
90734,0
212182,0
328063,0
280271,0
381711,0
46838,0
225154,0
74583,0
139792,0
128203,0
183443,0
274804,0
167263,1
388739,0
35485,0
197966,0
33021,0
304325,0
20770,0
120857,0
83651,0
306692,0
348942,0
4570,0
65038,0
27609,0
302906,0
58089,0
384631,0
42200,0
139601,0
125987,0
313848,0
122156,0
267407,0
353210,0
238992,1
121158,0
235466,0
198446,0
299463,0
297361,0
49405,0
138499,0
362323,0
376860,0
127007,0
262055,0
334298,0
176076,0
137718,0
192213,0
284349,0
355875,0
109889,0
2766,0
7804,0
22246,1
185092,0
10090,0
184524,0
186950,0
143572,0
183756,0
42076,0
194466,0
355124,0
108920,0
75415,0
165909,0
167754,0
373014,0
244592,0
117699,0
118053,0
77589,0
279118,0
327997,0
343115,0
217393,0
194835,0
361365,0
355277,0
31201,1
306022,0
124047,0
304137,0
214910,0
62802,0
36286,0
53455,0
228941,0
93854,0
389058,0
245225,0
208689,0
171917,0
46084,0
158604,0
22848,0
117107,0
372730,0
66961,0
265329,0
89803,0
241659,0
145087,0
60339,0
368150,0
349691,0
46966,0
70148,0
258041,0
228085,0
137492,0
379612,0
23395,0
313416,0
152735,0
260128,1
13445,0
87871,0
109426,0
254321,0
41062,0
27322,0
50484,0
21579,0
228869,0
181766,0
356697,0
338280,0
255169,0
365318,0
259260,0
261669,0
85828,0
185081,0
221324,0
33047,0
62978,0
208960,0
99682,0
260050,0
31888,0
379602,0
346532,0
69525,0
59901,0
55354,0
322680,0
314137,0
312215,1
168583,0
276450,0
350439,0
133033,0
314332,0
335119,0
74889,0
363172,0
262136,0
206532,0
377896,0
299545,0
58484,0
250913,0
135132,0
285099,0
317916,0
346070,0
332519,0
55910,0
363451,0
65739,0
237313,0
370450,0
13650,0
167770,0
385398,0
322728,0
16611,1
331279,0
204837,0
28691,0
138503,0
274703,0
388437,0
257198,0
317915,0
152340,0
203722,0
201037,0
201694,0
339937,0
259290,0
291049,0
150927,0
60627,0
112867,0
130948,0
326876,0
211080,0
332397,0
177144,0
13891,0
27294,0
103298,0
244010,0
270829,0
122154,0
161742,0
194386,0
243805,0
351835,0
185408,0
260586,0
39672,0
291233,0
207380,0
95673,0
7948,0
268729,0
44951,0
266117,0
205265,0
183874,0
88500,0
323000,0
318687,0
388061,0
173777,0
291017,0
272726,0
133021,0
70278,0
180140,0
310168,0
263288,0
44715,0
19039,0
82509,0
119700,1
389220,0
348376,0
21856,0
21389,0
238176,0
394824,0
143256,0
391186,0
306219,0
133782,0
136738,0
384732,0
